0,788,-21.0
1,814,-21.0
2,882,-21.0
3,887,-20.0
4,888,-20.0
5,917,-20.0
6,920,-20.0
7,1040,-19.0
8,841,-21.0
9,929,-19.0
10,860,-20.0
11,882,-21.0
12,928,-21.0
13,956,-20.0
14,924,-20.0
15,900,-20.0
16,854,-21.0
17,838,-21.0
18,813,-21.0
19,846,-21.0
20,939,-21.0
21,1051,-19.0
22,850,-21.0
23,1001,-21.0
24,758,-21.0
25,756,-21.0
26,893,-20.0
27,898,-20.0
28,762,-21.0
29,943,-19.0
30,845,-21.0
31,1114,-18.0
32,834,-20.0
33,895,-20.0
34,802,-21.0
35,908,-21.0
36,947,-19.0
37,937,-21.0
38,956,-21.0
39,1143,-19.0
40,802,-21.0
41,762,-21.0
42,1025,-20.0
43,1129,-18.0
44,1231,-17.0
45,981,-19.0
46,861,-20.0
47,866,-20.0
48,945,-21.0
49,893,-21.0
50,987,-20.0
51,805,-21.0
52,808,-21.0
53,807,-21.0
54,975,-20.0
55,847,-21.0
56,885,-20.0
57,787,-21.0
58,897,-20.0
59,781,-21.0
60,894,-20.0
61,1028,-19.0
62,840,-20.0
63,859,-20.0
64,951,-20.0
65,871,-21.0
66,861,-20.0
67,904,-20.0
68,817,-21.0
69,1097,-18.0
70,915,-20.0
71,908,-21.0
72,780,-21.0
73,789,-21.0
74,817,-21.0
75,842,-20.0
76,818,-21.0
77,905,-21.0
78,786,-21.0
79,830,-20.0
80,829,-20.0
81,833,-20.0
82,784,-21.0
83,789,-21.0
84,839,-20.0
85,815,-21.0
86,864,-21.0
87,875,-21.0
88,806,-21.0
89,823,-21.0
90,779,-21.0
91,821,-21.0
92,852,-21.0
93,818,-21.0
94,841,-20.0
95,950,-21.0
96,850,-21.0
97,834,-20.0
98,836,-20.0
99,781,-21.0
100,894,-20.0
101,864,-20.0
102,954,-20.0
103,1064,-19.0
104,883,-20.0
105,896,-20.0
106,861,-21.0
107,914,-20.0
108,842,-21.0
109,1038,-19.0
110,909,-21.0
111,961,-20.0
112,864,-20.0
113,923,-20.0
114,836,-20.0
115,785,-21.0
116,781,-21.0
117,994,-20.0
118,1131,-19.0
119,989,-20.0
120,775,-21.0
121,810,-21.0
122,959,-20.0
123,820,-21.0
124,961,-21.0
125,908,-21.0
126,1011,-20.0
127,778,-21.0
128,902,-21.0
129,869,-21.0
130,923,-21.0
131,902,-21.0
132,911,-21.0
133,784,-21.0
134,930,-21.0
135,928,-20.0
136,860,-20.0
137,997,-19.0
138,983,-19.0
139,962,-20.0
140,903,-21.0
141,816,-21.0
142,1091,-18.0
143,833,-20.0
144,938,-21.0
145,931,-20.0
146,976,-19.0
147,849,-21.0
148,779,-21.0
149,957,-20.0
150,1126,-18.0
151,819,-21.0
152,832,-21.0
153,1043,-20.0
154,1012,-20.0
155,892,-20.0
156,782,-21.0
157,895,-20.0
158,811,-21.0
159,832,-20.0
160,787,-21.0
161,929,-21.0
162,850,-21.0
163,900,-21.0
164,786,-21.0
165,1018,-21.0
166,879,-20.0
167,785,-21.0
168,840,-20.0
169,898,-21.0
170,835,-20.0
171,871,-21.0
172,920,-20.0
173,975,-20.0
174,929,-20.0
175,1000,-20.0
176,897,-20.0
177,757,-21.0
178,849,-21.0
179,833,-20.0
180,871,-20.0
181,1167,-17.0
182,1020,-20.0
183,903,-20.0
184,932,-21.0
185,849,-21.0
186,920,-20.0
187,957,-20.0
188,806,-21.0
189,785,-21.0
190,836,-20.0
191,834,-20.0
192,947,-20.0
193,861,-21.0
194,773,-21.0
195,1105,-20.0
196,1120,-18.0
197,901,-20.0
198,819,-21.0
199,892,-20.0
200,953,-20.0
201,816,-21.0
202,923,-20.0
203,897,-21.0
204,882,-20.0
205,905,-21.0
206,983,-19.0
207,863,-20.0
208,1131,-18.0
209,825,-21.0
210,1232,-20.0
211,1034,-19.0
212,927,-21.0
213,1046,-20.0
214,867,-21.0
215,1050,-20.0
216,995,-21.0
217,981,-20.0
218,1114,-20.0
219,875,-21.0
220,1019,-20.0
221,862,-20.0
222,970,-21.0
223,869,-21.0
224,974,-20.0
225,840,-21.0
226,927,-20.0
227,892,-20.0
228,821,-21.0
229,790,-21.0
230,779,-21.0
231,832,-20.0
232,1001,-19.0
233,782,-21.0
234,842,-20.0
235,789,-21.0
236,789,-21.0
237,875,-21.0
238,832,-20.0
239,791,-21.0
240,862,-20.0
241,810,-21.0
242,820,-21.0
243,870,-21.0
244,921,-20.0
245,898,-20.0
246,1002,-20.0
247,940,-20.0
248,1089,-19.0
249,858,-20.0
250,839,-20.0
251,876,-21.0
252,899,-20.0
253,854,-20.0
254,887,-21.0
255,819,-21.0
256,838,-20.0
257,821,-21.0
258,875,-21.0
259,897,-21.0
260,911,-21.0
261,936,-21.0
262,859,-20.0
263,1046,-21.0
264,835,-20.0
265,874,-21.0
266,816,-21.0
267,877,-21.0
268,904,-21.0
269,834,-20.0
270,1095,-20.0
271,947,-19.0
272,1010,-20.0
273,913,-21.0
274,834,-21.0
275,918,-20.0
276,1035,-20.0
277,801,-21.0
278,1061,-21.0
279,1205,-21.0
280,1032,-19.0
281,947,-20.0
282,842,-21.0
283,911,-21.0
284,966,-21.0
285,985,-21.0
286,842,-20.0
287,1002,-20.0
288,1257,-18.0
289,821,-21.0
290,1056,-19.0
291,841,-21.0
292,957,-20.0
293,937,-21.0
294,904,-21.0
295,894,-20.0
296,884,-20.0
297,779,-21.0
298,843,-21.0
299,1063,-21.0
300,812,-21.0
301,853,-21.0
302,1005,-20.0
303,879,-21.0
304,1070,-19.0
305,852,-21.0
306,820,-21.0
307,898,-21.0
308,838,-20.0
309,947,-20.0
310,841,-21.0
311,917,-21.0
312,1028,-20.0
313,944,-19.0
314,785,-21.0
315,937,-21.0
316,825,-21.0
317,848,-21.0
318,812,-21.0
319,936,-21.0
320,930,-19.0
321,925,-20.0
322,922,-20.0
323,834,-21.0
324,925,-21.0
325,1129,-19.0
326,988,-21.0
327,1004,-19.0
328,815,-21.0
329,1151,-19.0
330,763,-21.0
331,756,-21.0
332,833,-21.0
333,760,-21.0
334,758,-21.0
335,821,-21.0
336,763,-21.0
337,757,-21.0
338,757,-21.0
339,858,-20.0
340,1111,-20.0
341,758,-21.0
342,853,-21.0
343,845,-21.0
344,760,-21.0
345,758,-21.0
346,761,-21.0
347,759,-21.0
348,835,-20.0
349,761,-21.0
350,985,-20.0
351,849,-21.0
352,887,-21.0
353,930,-19.0
354,782,-21.0
355,920,-20.0
356,915,-20.0
357,940,-20.0
358,880,-20.0
359,943,-21.0
360,834,-20.0
361,796,-21.0
362,802,-21.0
363,822,-21.0
364,833,-20.0
365,882,-21.0
366,985,-20.0
367,823,-21.0
368,881,-21.0
369,777,-21.0
370,838,-21.0
371,849,-21.0
372,788,-21.0
373,841,-20.0
374,924,-20.0
375,774,-21.0
376,979,-20.0
377,839,-20.0
378,879,-21.0
379,894,-20.0
380,803,-21.0
381,909,-21.0
382,916,-20.0
383,847,-21.0
384,897,-20.0
385,824,-21.0
386,935,-21.0
387,1066,-19.0
388,965,-20.0
389,895,-20.0
390,877,-21.0
391,845,-21.0
392,907,-21.0
393,958,-20.0
394,999,-21.0
395,1060,-20.0
396,905,-21.0
397,878,-21.0
398,1062,-20.0
399,839,-21.0
400,892,-20.0
401,944,-20.0
402,1060,-19.0
403,914,-20.0
404,928,-20.0
405,823,-21.0
406,922,-20.0
407,985,-21.0
408,954,-20.0
409,884,-21.0
410,787,-21.0
411,821,-21.0
412,836,-20.0
413,847,-21.0
414,818,-21.0
415,834,-20.0
416,833,-20.0
417,906,-21.0
418,871,-21.0
419,840,-20.0
420,777,-21.0
421,835,-20.0
422,814,-21.0
423,838,-20.0
424,819,-21.0
425,879,-21.0
426,782,-21.0
427,829,-20.0
428,819,-21.0
429,943,-20.0
430,865,-21.0
431,840,-21.0
432,875,-21.0
433,895,-20.0
434,820,-21.0
435,959,-19.0
436,837,-20.0
437,841,-20.0
438,820,-21.0
439,971,-21.0
440,848,-21.0
441,817,-21.0
442,839,-20.0
443,878,-21.0
444,986,-20.0
445,905,-21.0
446,1028,-21.0
447,862,-20.0
448,922,-20.0
449,885,-21.0
450,886,-20.0
451,862,-21.0
452,790,-21.0
453,780,-21.0
454,882,-21.0
455,920,-21.0
456,900,-20.0
457,839,-21.0
458,837,-20.0
459,806,-21.0
460,921,-20.0
461,828,-20.0
462,858,-20.0
463,821,-21.0
464,919,-20.0
465,790,-21.0
466,884,-21.0
467,943,-21.0
468,836,-20.0
469,850,-21.0
470,788,-21.0
471,864,-20.0
472,781,-21.0
473,1099,-18.0
474,968,-21.0
475,898,-20.0
476,847,-21.0
477,865,-21.0
478,940,-20.0
479,833,-21.0
480,907,-21.0
481,834,-20.0
482,816,-21.0
483,898,-21.0
484,959,-19.0
485,930,-21.0
486,987,-20.0
487,787,-21.0
488,845,-21.0
489,817,-21.0
490,857,-20.0
491,922,-20.0
492,790,-21.0
493,835,-20.0
494,1041,-20.0
495,894,-20.0
496,782,-21.0
497,850,-21.0
498,923,-20.0
499,964,-21.0
500,822,-21.0
501,1019,-21.0
502,790,-21.0
503,910,-21.0
504,819,-21.0
505,823,-21.0
506,817,-21.0
507,846,-21.0
508,835,-20.0
509,838,-21.0
510,814,-21.0
511,1001,-20.0
512,945,-20.0
513,940,-21.0
514,833,-20.0
515,874,-21.0
516,789,-21.0
517,833,-20.0
518,1016,-20.0
519,821,-21.0
520,927,-20.0
521,814,-21.0
522,777,-21.0
523,782,-21.0
524,811,-21.0
525,877,-21.0
526,834,-20.0
527,786,-21.0
528,835,-21.0
529,847,-21.0
530,853,-21.0
531,865,-20.0
532,815,-21.0
533,1067,-20.0
534,935,-21.0
535,841,-20.0
536,821,-21.0
537,903,-21.0
538,1050,-19.0
539,941,-21.0
540,960,-19.0
541,839,-20.0
542,910,-21.0
543,850,-21.0
544,835,-20.0
545,866,-20.0
546,839,-20.0
547,837,-20.0
548,839,-21.0
549,835,-20.0
550,835,-20.0
551,782,-21.0
552,936,-21.0
553,776,-21.0
554,896,-21.0
555,829,-20.0
556,840,-20.0
557,845,-21.0
558,1051,-20.0
559,965,-19.0
560,864,-20.0
561,815,-21.0
562,921,-20.0
563,832,-20.0
564,846,-21.0
565,1072,-20.0
566,987,-21.0
567,826,-21.0
568,885,-20.0
569,868,-21.0
570,839,-20.0
571,999,-20.0
572,902,-21.0
573,911,-20.0
574,1151,-19.0
575,806,-21.0
576,823,-21.0
577,762,-21.0
578,1103,-18.0
579,977,-21.0
580,1176,-19.0
581,864,-21.0
582,942,-21.0
583,1113,-18.0
584,842,-21.0
585,899,-20.0
586,942,-20.0
587,1179,-18.0
588,834,-20.0
589,759,-21.0
590,821,-21.0
591,918,-19.0
592,849,-21.0
593,756,-21.0
594,820,-21.0
595,782,-21.0
596,874,-21.0
597,1023,-21.0
598,881,-21.0
599,851,-21.0
600,918,-20.0
601,972,-19.0
602,815,-21.0
603,846,-21.0
604,976,-20.0
605,777,-21.0
606,1095,-19.0
607,847,-21.0
608,1051,-19.0
609,898,-21.0
610,878,-21.0
611,1013,-19.0
612,818,-21.0
613,1027,-20.0
614,1102,-20.0
615,828,-20.0
616,1069,-20.0
617,897,-20.0
618,950,-20.0
619,991,-20.0
620,890,-21.0
621,879,-20.0
622,779,-21.0
623,1028,-21.0
624,907,-21.0
625,866,-21.0
626,1245,-20.0
627,818,-21.0
628,1234,-19.0
629,875,-21.0
630,889,-20.0
631,957,-21.0
632,927,-20.0
633,822,-21.0
634,835,-20.0
635,983,-20.0
636,866,-21.0
637,912,-21.0
638,1142,-19.0
639,906,-21.0
640,1090,-19.0
641,1016,-20.0
642,931,-21.0
643,880,-21.0
644,1008,-21.0
645,1150,-19.0
646,816,-21.0
647,811,-21.0
648,943,-21.0
649,873,-20.0
650,823,-21.0
651,1015,-20.0
652,866,-21.0
653,894,-20.0
654,1091,-21.0
655,820,-21.0
656,918,-20.0
657,985,-20.0
658,868,-20.0
659,841,-20.0
660,969,-20.0
661,977,-20.0
662,832,-20.0
663,1013,-20.0
664,930,-20.0
665,902,-21.0
666,1099,-20.0
667,791,-21.0
668,821,-21.0
669,938,-21.0
670,1196,-19.0
671,840,-21.0
672,942,-21.0
673,874,-21.0
674,893,-21.0
675,901,-20.0
676,942,-19.0
677,942,-20.0
678,987,-21.0
679,958,-20.0
680,844,-21.0
681,1011,-20.0
682,1025,-20.0
683,944,-20.0
684,914,-21.0
685,848,-21.0
686,1065,-20.0
687,916,-20.0
688,1111,-20.0
689,834,-20.0
690,917,-20.0
691,863,-21.0
692,815,-21.0
693,924,-20.0
694,882,-20.0
695,817,-21.0
696,880,-21.0
697,781,-21.0
698,862,-20.0
699,1065,-20.0
700,1157,-18.0
701,816,-21.0
702,925,-20.0
703,763,-21.0
704,971,-21.0
705,835,-21.0
706,997,-20.0
707,1050,-19.0
708,996,-20.0
709,838,-20.0
710,995,-20.0
711,884,-21.0
712,893,-20.0
713,911,-21.0
714,910,-21.0
715,817,-21.0
716,863,-20.0
717,783,-21.0
718,1210,-20.0
719,1114,-18.0
720,816,-21.0
721,786,-21.0
722,876,-21.0
723,781,-21.0
724,946,-20.0
725,820,-21.0
726,1022,-19.0
727,820,-21.0
728,955,-20.0
729,776,-21.0
730,911,-20.0
731,1024,-19.0
732,975,-20.0
733,953,-20.0
734,906,-21.0
735,790,-21.0
736,870,-21.0
737,906,-21.0
738,849,-21.0
739,958,-21.0
740,1002,-19.0
741,776,-21.0
742,1006,-20.0
743,937,-20.0
744,866,-21.0
745,941,-21.0
746,891,-21.0
747,868,-20.0
748,898,-20.0
749,848,-21.0
750,815,-21.0
751,1084,-19.0
752,984,-20.0
753,1003,-20.0
754,819,-21.0
755,927,-20.0
756,777,-21.0
757,830,-20.0
758,1103,-19.0
759,1014,-20.0
760,928,-20.0
761,965,-19.0
762,941,-20.0
763,781,-21.0
764,974,-21.0
765,818,-21.0
766,878,-21.0
767,1144,-19.0
768,979,-20.0
769,901,-21.0
770,1004,-21.0
771,853,-21.0
772,918,-20.0
773,921,-20.0
774,896,-20.0
775,869,-21.0
776,833,-20.0
777,1001,-21.0
778,838,-20.0
779,901,-21.0
780,1024,-21.0
781,937,-21.0
782,820,-21.0
783,782,-21.0
784,1051,-21.0
785,1083,-18.0
786,880,-21.0
787,931,-21.0
788,931,-21.0
789,884,-21.0
790,877,-21.0
791,1072,-21.0
792,774,-21.0
793,1168,-19.0
794,879,-21.0
795,962,-19.0
796,971,-20.0
797,757,-21.0
798,815,-21.0
799,903,-20.0
800,879,-20.0
801,814,-21.0
802,830,-20.0
803,1110,-20.0
804,787,-21.0
805,901,-21.0
806,943,-21.0
807,988,-20.0
808,999,-20.0
809,975,-20.0
810,970,-21.0
811,881,-21.0
812,837,-21.0
813,873,-21.0
814,975,-19.0
815,1072,-19.0
816,860,-20.0
817,970,-19.0
818,849,-21.0
819,822,-21.0
820,878,-21.0
821,850,-21.0
822,902,-21.0
823,930,-20.0
824,961,-21.0
825,831,-20.0
826,883,-21.0
827,787,-21.0
828,899,-21.0
829,934,-19.0
830,878,-21.0
831,975,-20.0
832,908,-21.0
833,942,-21.0
834,855,-20.0
835,1009,-20.0
836,837,-21.0
837,816,-21.0
838,836,-20.0
839,1031,-20.0
840,783,-21.0
841,833,-20.0
842,1015,-20.0
843,861,-20.0
844,897,-20.0
845,934,-20.0
846,894,-20.0
847,823,-21.0
848,997,-21.0
849,1026,-19.0
850,790,-21.0
851,904,-21.0
852,913,-20.0
853,885,-21.0
854,846,-21.0
855,782,-21.0
856,1101,-19.0
857,834,-20.0
858,1002,-21.0
859,1108,-20.0
860,892,-20.0
861,903,-21.0
862,956,-21.0
863,861,-20.0
864,1060,-19.0
865,1104,-20.0
866,910,-21.0
867,902,-21.0
868,922,-20.0
869,834,-20.0
870,819,-21.0
871,1012,-18.0
872,905,-21.0
873,817,-21.0
874,897,-20.0
875,850,-21.0
876,875,-21.0
877,816,-21.0
878,816,-21.0
879,904,-21.0
880,990,-21.0
881,950,-21.0
882,883,-21.0
883,895,-20.0
884,928,-19.0
885,868,-21.0
886,876,-21.0
887,818,-21.0
888,967,-20.0
889,787,-21.0
890,925,-19.0
891,784,-21.0
892,1047,-20.0
893,883,-21.0
894,935,-19.0
895,974,-19.0
896,813,-21.0
897,757,-21.0
898,999,-21.0
899,907,-21.0
900,870,-20.0
901,787,-21.0
902,851,-21.0
903,1038,-19.0
904,911,-21.0
905,957,-21.0
906,817,-21.0
907,773,-21.0
908,1087,-21.0
909,1101,-20.0
910,853,-21.0
911,960,-21.0
912,958,-21.0
913,905,-21.0
914,818,-21.0
915,893,-20.0
916,1000,-19.0
917,864,-21.0
918,1019,-21.0
919,773,-21.0
920,863,-21.0
921,1113,-17.0
922,925,-20.0
923,871,-21.0
924,897,-20.0
925,885,-20.0
926,1146,-19.0
927,895,-20.0
928,1026,-20.0
929,805,-21.0
930,933,-21.0
931,845,-21.0
932,1007,-20.0
933,906,-21.0
934,995,-19.0
935,1016,-20.0
936,897,-21.0
937,867,-21.0
938,1055,-19.0
939,778,-21.0
940,962,-20.0
941,838,-20.0
942,939,-20.0
943,1005,-20.0
944,816,-21.0
945,817,-21.0
946,778,-21.0
947,822,-21.0
948,869,-21.0
949,895,-20.0
950,924,-20.0
951,889,-20.0
952,1067,-19.0
953,937,-21.0
954,900,-20.0
955,991,-20.0
956,1013,-20.0
957,894,-20.0
958,1058,-21.0
959,1093,-19.0
960,761,-21.0
961,835,-20.0
962,778,-21.0
963,892,-20.0
964,956,-21.0
965,977,-20.0
966,841,-20.0
967,959,-19.0
968,918,-20.0
969,832,-20.0
970,841,-20.0
971,862,-20.0
972,819,-21.0
973,860,-20.0
974,828,-20.0
975,778,-21.0
976,1031,-19.0
977,778,-21.0
978,846,-21.0
979,970,-19.0
980,851,-21.0
981,815,-21.0
982,774,-21.0
983,1051,-19.0
984,912,-20.0
985,773,-21.0
986,810,-21.0
987,992,-19.0
988,1075,-20.0
989,1005,-19.0
990,979,-20.0
991,1061,-20.0
992,1019,-20.0
993,955,-20.0
994,892,-20.0
995,979,-20.0
996,821,-21.0
997,834,-20.0
998,1036,-19.0
999,791,-21.0
1000,1010,-19.0
1001,837,-21.0
1002,844,-21.0
1003,1001,-21.0
1004,924,-20.0
1005,859,-20.0
1006,918,-20.0
1007,1145,-19.0
1008,816,-21.0
1009,907,-21.0
1010,879,-21.0
1011,945,-19.0
1012,781,-21.0
1013,873,-21.0
1014,1185,-20.0
1015,922,-20.0
1016,930,-21.0
1017,1317,-18.0
1018,998,-21.0
1019,1022,-21.0
1020,978,-21.0
1021,1228,-16.0
1022,928,-20.0
1023,833,-20.0
1024,911,-20.0
1025,981,-19.0
1026,919,-19.0
1027,919,-20.0
1028,894,-20.0
1029,971,-21.0
1030,881,-21.0
1031,879,-20.0
1032,876,-21.0
1033,917,-20.0
1034,991,-20.0
1035,1013,-19.0
1036,1060,-20.0
1037,774,-21.0
1038,896,-20.0
1039,980,-20.0
1040,838,-21.0
1041,804,-21.0
1042,816,-21.0
1043,861,-20.0
1044,903,-21.0
1045,823,-21.0
1046,999,-21.0
1047,977,-20.0
1048,815,-21.0
1049,1184,-19.0
1050,1040,-18.0
1051,962,-20.0
1052,1066,-20.0
1053,887,-20.0
1054,921,-20.0
1055,817,-21.0
1056,816,-21.0
1057,842,-20.0
1058,814,-21.0
1059,882,-21.0
1060,938,-21.0
1061,831,-21.0
1062,894,-20.0
1063,1035,-19.0
1064,845,-21.0
1065,1019,-20.0
1066,836,-21.0
1067,879,-21.0
1068,841,-21.0
1069,914,-20.0
1070,1176,-19.0
1071,756,-21.0
1072,873,-21.0
1073,958,-21.0
1074,879,-21.0
1075,822,-21.0
1076,816,-21.0
1077,1087,-19.0
1078,891,-20.0
1079,954,-20.0
1080,814,-21.0
1081,829,-20.0
1082,836,-20.0
1083,954,-21.0
1084,892,-21.0
1085,816,-21.0
1086,1069,-19.0
1087,840,-20.0
1088,775,-21.0
1089,834,-20.0
1090,856,-20.0
1091,1061,-18.0
1092,808,-21.0
1093,911,-21.0
1094,979,-20.0
1095,978,-20.0
1096,866,-21.0
1097,920,-21.0
1098,1216,-18.0
1099,1142,-20.0
1100,1000,-21.0
1101,971,-19.0
1102,832,-21.0
1103,988,-19.0
1104,910,-21.0
1105,840,-20.0
1106,901,-20.0
1107,868,-21.0
1108,880,-21.0
1109,1025,-21.0
1110,1123,-19.0
1111,1238,-18.0
1112,1008,-19.0
1113,922,-20.0
1114,1024,-19.0
1115,861,-21.0
1116,846,-21.0
1117,997,-21.0
1118,905,-21.0
1119,815,-21.0
1120,780,-21.0
1121,774,-21.0
1122,943,-21.0
1123,891,-21.0
1124,916,-20.0
1125,851,-21.0
1126,944,-20.0
1127,940,-20.0
1128,781,-21.0
1129,894,-20.0
1130,913,-20.0
1131,868,-20.0
1132,934,-21.0
1133,1106,-19.0
1134,896,-20.0
1135,1057,-20.0
1136,1086,-18.0
1137,1032,-19.0
1138,932,-21.0
1139,931,-21.0
1140,852,-21.0
1141,976,-20.0
1142,1050,-21.0
1143,1185,-19.0
1144,923,-20.0
1145,833,-20.0
1146,1228,-20.0
1147,934,-21.0
1148,1038,-20.0
1149,889,-20.0
1150,1003,-20.0
1151,842,-21.0
1152,880,-21.0
1153,1073,-19.0
1154,1077,-19.0
1155,782,-21.0
1156,900,-20.0
1157,899,-21.0
1158,1086,-18.0
1159,1018,-20.0
1160,999,-21.0
1161,961,-19.0
1162,956,-21.0
1163,813,-21.0
1164,967,-21.0
1165,905,-21.0
1166,777,-21.0
1167,828,-20.0
1168,871,-20.0
1169,857,-20.0
1170,936,-21.0
1171,940,-21.0
1172,938,-20.0
1173,916,-20.0
1174,884,-21.0
1175,935,-21.0
1176,819,-21.0
1177,882,-21.0
1178,846,-21.0
1179,1032,-18.0
1180,816,-21.0
1181,818,-21.0
1182,918,-20.0
1183,898,-20.0
1184,900,-21.0
1185,838,-20.0
1186,1069,-20.0
1187,1014,-20.0
1188,881,-21.0
1189,848,-21.0
1190,1211,-19.0
1191,1219,-18.0
1192,1107,-19.0
1193,1026,-19.0
1194,811,-21.0
1195,922,-21.0
1196,822,-21.0
1197,933,-19.0
1198,1093,-20.0
1199,875,-21.0
1200,866,-21.0
1201,1000,-21.0
1202,1103,-20.0
1203,937,-19.0
1204,820,-21.0
1205,1163,-18.0
1206,816,-21.0
1207,1125,-18.0
1208,869,-21.0
1209,1006,-19.0
1210,777,-21.0
1211,863,-20.0
1212,863,-20.0
1213,987,-20.0
1214,760,-21.0
1215,1009,-20.0
1216,984,-20.0
1217,1131,-20.0
1218,831,-21.0
1219,817,-21.0
1220,1002,-20.0
1221,836,-21.0
1222,1141,-19.0
1223,1068,-19.0
1224,945,-20.0
1225,805,-21.0
1226,974,-21.0
1227,874,-20.0
1228,942,-20.0
1229,998,-18.0
1230,1088,-19.0
1231,926,-20.0
1232,785,-21.0
1233,1136,-20.0
1234,950,-19.0
1235,1326,-19.0
1236,821,-21.0
1237,1111,-18.0
1238,957,-20.0
1239,904,-21.0
1240,957,-20.0
1241,870,-21.0
1242,1283,-19.0
1243,840,-20.0
1244,819,-21.0
1245,995,-20.0
1246,922,-20.0
1247,862,-20.0
1248,954,-20.0
1249,860,-20.0
1250,1142,-20.0
1251,926,-21.0
1252,1080,-20.0
1253,867,-21.0
1254,1068,-20.0
1255,809,-21.0
1256,1314,-16.0
1257,957,-21.0
1258,855,-21.0
1259,974,-20.0
1260,819,-21.0
1261,1064,-21.0
1262,921,-21.0
1263,1045,-21.0
1264,1064,-19.0
1265,835,-21.0
1266,815,-21.0
1267,1139,-19.0
1268,960,-19.0
1269,754,-21.0
1270,844,-21.0
1271,919,-20.0
1272,846,-21.0
1273,977,-20.0
1274,931,-20.0
1275,1003,-20.0
1276,1108,-20.0
1277,1104,-20.0
1278,923,-21.0
1279,1063,-20.0
1280,857,-20.0
1281,921,-20.0
1282,930,-20.0
1283,1404,-20.0
1284,906,-21.0
1285,1134,-19.0
1286,1067,-20.0
1287,992,-21.0
1288,760,-21.0
1289,1008,-19.0
1290,1282,-17.0
1291,882,-20.0
1292,899,-20.0
1293,934,-20.0
1294,889,-21.0
1295,988,-21.0
1296,837,-20.0
1297,1016,-19.0
1298,813,-21.0
1299,1038,-20.0
1300,1051,-20.0
1301,918,-19.0
1302,851,-20.0
1303,943,-21.0
1304,1175,-21.0
1305,1031,-19.0
1306,830,-21.0
1307,934,-21.0
1308,837,-20.0
1309,1060,-20.0
1310,1121,-18.0
1311,1055,-19.0
1312,905,-21.0
1313,879,-21.0
1314,871,-20.0
1315,1075,-19.0
1316,971,-20.0
1317,944,-20.0
1318,908,-21.0
1319,910,-21.0
1320,997,-20.0
1321,838,-20.0
1322,1033,-20.0
1323,1067,-20.0
1324,1100,-20.0
1325,981,-20.0
1326,987,-20.0
1327,877,-21.0
1328,918,-19.0
1329,837,-20.0
1330,830,-20.0
1331,839,-20.0
1332,1175,-19.0
1333,896,-21.0
1334,892,-20.0
1335,936,-21.0
1336,841,-20.0
1337,864,-21.0
1338,943,-21.0
1339,881,-21.0
1340,1033,-21.0
1341,965,-20.0
1342,882,-20.0
1343,880,-21.0
1344,815,-21.0
1345,890,-20.0
1346,1038,-20.0
1347,947,-20.0
1348,1049,-20.0
1349,875,-21.0
1350,940,-21.0
1351,1057,-20.0
1352,1111,-19.0
1353,864,-21.0
1354,1029,-21.0
1355,889,-20.0
1356,852,-20.0
1357,1118,-19.0
1358,926,-20.0
1359,858,-20.0
1360,986,-19.0
1361,892,-20.0
1362,1249,-17.0
1363,1101,-19.0
1364,877,-20.0
1365,893,-21.0
1366,983,-21.0
1367,946,-20.0
1368,1039,-19.0
1369,912,-21.0
1370,940,-21.0
1371,871,-21.0
1372,1142,-20.0
1373,879,-21.0
1374,876,-20.0
1375,966,-21.0
1376,1074,-19.0
1377,1127,-19.0
1378,1024,-21.0
1379,930,-19.0
1380,823,-21.0
1381,909,-21.0
1382,885,-21.0
1383,1096,-18.0
1384,954,-20.0
1385,962,-21.0
1386,992,-21.0
1387,918,-20.0
1388,869,-20.0
1389,967,-19.0
1390,1079,-19.0
1391,866,-21.0
1392,1106,-20.0
1393,1175,-19.0
1394,877,-21.0
1395,899,-21.0
1396,812,-21.0
1397,1167,-20.0
1398,1020,-20.0
1399,927,-21.0
1400,963,-19.0
1401,855,-21.0
1402,960,-19.0
1403,934,-21.0
1404,1039,-19.0
1405,1071,-19.0
1406,893,-21.0
1407,901,-20.0
1408,1202,-21.0
1409,876,-21.0
1410,1123,-20.0
1411,897,-21.0
1412,934,-20.0
1413,1040,-20.0
1414,817,-21.0
1415,808,-21.0
1416,1075,-20.0
1417,984,-21.0
1418,1051,-19.0
1419,790,-21.0
1420,893,-20.0
1421,831,-20.0
1422,963,-20.0
1423,916,-20.0
1424,930,-20.0
1425,774,-21.0
1426,909,-20.0
1427,963,-20.0
1428,1171,-20.0
1429,789,-21.0
1430,1004,-20.0
1431,1131,-17.0
1432,911,-21.0
1433,1126,-18.0
1434,805,-21.0
1435,1167,-19.0
1436,862,-21.0
1437,1060,-20.0
1438,834,-21.0
1439,1151,-18.0
1440,898,-20.0
1441,1038,-20.0
1442,1097,-20.0
1443,948,-20.0
1444,833,-20.0
1445,989,-20.0
1446,906,-21.0
1447,952,-20.0
1448,897,-20.0
1449,993,-20.0
1450,842,-21.0
1451,836,-21.0
1452,822,-21.0
1453,1012,-20.0
1454,955,-21.0
1455,986,-20.0
1456,1117,-19.0
1457,878,-20.0
1458,924,-21.0
1459,819,-21.0
1460,1090,-19.0
1461,1003,-21.0
1462,848,-21.0
1463,788,-21.0
1464,993,-19.0
1465,1152,-19.0
1466,1045,-18.0
1467,1120,-18.0
1468,1136,-20.0
1469,1190,-19.0
1470,1020,-19.0
1471,1068,-19.0
1472,955,-19.0
1473,1098,-20.0
1474,787,-21.0
1475,854,-20.0
1476,961,-20.0
1477,1128,-19.0
1478,783,-21.0
1479,926,-21.0
1480,1107,-19.0
1481,987,-20.0
1482,1061,-21.0
1483,1036,-19.0
1484,1030,-18.0
1485,1139,-21.0
1486,971,-20.0
1487,1051,-18.0
1488,971,-20.0
1489,981,-20.0
1490,1026,-21.0
1491,801,-21.0
1492,1083,-21.0
1493,778,-21.0
1494,973,-20.0
1495,1074,-19.0
1496,901,-21.0
1497,1245,-19.0
1498,845,-21.0
1499,1020,-18.0
1500,977,-19.0
1501,1217,-19.0
1502,868,-20.0
1503,1072,-19.0
1504,1073,-19.0
1505,832,-20.0
1506,934,-21.0
1507,850,-21.0
1508,1010,-20.0
1509,967,-19.0
1510,812,-21.0
1511,956,-20.0
1512,990,-21.0
1513,854,-20.0
1514,948,-20.0
1515,908,-21.0
1516,1005,-20.0
1517,982,-20.0
1518,1037,-21.0
1519,1024,-20.0
1520,1056,-19.0
1521,882,-20.0
1522,974,-20.0
1523,923,-20.0
1524,1014,-18.0
1525,1396,-18.0
1526,924,-20.0
1527,924,-21.0
1528,1236,-19.0
1529,1220,-18.0
1530,1071,-18.0
1531,1180,-20.0
1532,1032,-21.0
1533,1004,-20.0
1534,933,-19.0
1535,1157,-19.0
1536,989,-19.0
1537,1049,-20.0
1538,882,-20.0
1539,921,-20.0
1540,1025,-20.0
1541,1117,-20.0
1542,916,-20.0
1543,874,-21.0
1544,990,-20.0
1545,1016,-20.0
1546,987,-21.0
1547,955,-21.0
1548,848,-21.0
1549,1174,-19.0
1550,1002,-21.0
1551,1065,-20.0
1552,1154,-19.0
1553,1224,-19.0
1554,1201,-19.0
1555,883,-21.0
1556,872,-21.0
1557,895,-21.0
1558,1026,-21.0
1559,899,-20.0
1560,872,-20.0
1561,1007,-20.0
1562,1093,-20.0
1563,1057,-21.0
1564,1096,-19.0
1565,914,-21.0
1566,782,-21.0
1567,1026,-19.0
1568,1031,-21.0
1569,949,-21.0
1570,1094,-19.0
1571,874,-20.0
1572,884,-21.0
1573,1232,-19.0
1574,1048,-19.0
1575,1221,-19.0
1576,936,-21.0
1577,973,-21.0
1578,1091,-20.0
1579,882,-21.0
1580,1092,-18.0
1581,987,-20.0
1582,1121,-20.0
1583,934,-21.0
1584,862,-21.0
1585,995,-20.0
1586,1200,-20.0
1587,969,-20.0
1588,990,-20.0
1589,1306,-17.0
1590,775,-21.0
1591,1486,-18.0
1592,1067,-20.0
1593,1197,-18.0
1594,1012,-19.0
1595,994,-20.0
1596,1027,-20.0
1597,1147,-21.0
1598,778,-21.0
1599,919,-20.0
1600,942,-20.0
1601,1151,-18.0
1602,1022,-20.0
1603,1123,-19.0
1604,928,-20.0
1605,915,-20.0
1606,1016,-20.0
1607,841,-21.0
1608,1247,-18.0
1609,1057,-21.0
1610,1096,-20.0
1611,929,-21.0
1612,894,-20.0
1613,968,-21.0
1614,1034,-20.0
1615,1069,-20.0
1616,1101,-19.0
1617,1078,-20.0
1618,1115,-19.0
1619,967,-21.0
1620,1308,-20.0
1621,1003,-20.0
1622,1113,-20.0
1623,982,-21.0
1624,1112,-19.0
1625,931,-21.0
1626,1058,-21.0
1627,937,-20.0
1628,1122,-20.0
1629,963,-20.0
1630,1139,-20.0
1631,927,-21.0
1632,1071,-20.0
1633,999,-20.0
1634,1233,-17.0
1635,1096,-19.0
1636,936,-21.0
1637,966,-21.0
1638,982,-20.0
1639,1140,-19.0
1640,1042,-20.0
1641,1111,-21.0
1642,806,-21.0
1643,1006,-21.0
1644,883,-20.0
1645,1094,-20.0
1646,1152,-19.0
1647,1142,-21.0
1648,953,-21.0
1649,1132,-18.0
1650,1067,-20.0
1651,1092,-18.0
1652,913,-20.0
1653,988,-21.0
1654,888,-21.0
1655,1097,-19.0
1656,949,-21.0
1657,816,-21.0
1658,1310,-19.0
1659,1154,-20.0
1660,851,-20.0
1661,1429,-17.0
1662,955,-21.0
1663,1071,-19.0
1664,1217,-18.0
1665,908,-21.0
1666,875,-21.0
1667,946,-20.0
1668,1041,-20.0
1669,1169,-20.0
1670,958,-20.0
1671,1020,-20.0
1672,988,-20.0
1673,913,-20.0
1674,810,-21.0
1675,873,-21.0
1676,986,-20.0
1677,1133,-18.0
1678,790,-21.0
1679,930,-19.0
1680,949,-21.0
1681,1033,-20.0
1682,1391,-16.0
1683,904,-21.0
1684,933,-20.0
1685,1000,-21.0
1686,1117,-19.0
1687,866,-21.0
1688,1122,-19.0
1689,1014,-21.0
1690,1115,-21.0
1691,1112,-19.0
1692,959,-19.0
1693,1035,-21.0
1694,955,-20.0
1695,882,-21.0
1696,958,-20.0
1697,807,-21.0
1698,836,-20.0
1699,1279,-18.0
1700,1048,-21.0
1701,983,-20.0
1702,916,-20.0
1703,1051,-19.0
1704,1104,-20.0
1705,1110,-19.0
1706,910,-21.0
1707,927,-21.0
1708,1179,-18.0
1709,964,-21.0
1710,1325,-17.0
1711,1131,-19.0
1712,1046,-20.0
1713,1143,-18.0
1714,1097,-20.0
1715,924,-20.0
1716,1269,-18.0
1717,1208,-17.0
1718,1045,-19.0
1719,1111,-19.0
1720,1168,-18.0
1721,947,-20.0
1722,881,-21.0
1723,1133,-20.0
1724,1355,-21.0
1725,1442,-17.0
1726,1193,-17.0
1727,1230,-18.0
1728,1048,-20.0
1729,891,-21.0
1730,1278,-19.0
1731,1329,-19.0
1732,1095,-20.0
1733,1129,-20.0
1734,1198,-18.0
1735,947,-20.0
1736,1122,-19.0
1737,1101,-19.0
1738,1159,-18.0
1739,817,-21.0
1740,1275,-19.0
1741,1119,-19.0
1742,1107,-19.0
1743,838,-21.0
1744,1100,-20.0
1745,992,-21.0
1746,925,-21.0
1747,1121,-19.0
1748,1164,-19.0
1749,1279,-20.0
1750,1001,-20.0
1751,995,-19.0
1752,1251,-20.0
1753,1288,-17.0
1754,1087,-19.0
1755,1139,-20.0
1756,1233,-19.0
1757,924,-20.0
1758,1223,-20.0
1759,989,-21.0
1760,1095,-20.0
1761,970,-21.0
1762,1080,-19.0
1763,850,-21.0
1764,1065,-20.0
1765,1138,-19.0
1766,1382,-16.0
1767,1079,-19.0
1768,1143,-18.0
1769,1107,-19.0
1770,956,-21.0
1771,1384,-18.0
1772,933,-21.0
1773,1312,-17.0
1774,935,-20.0
1775,1105,-20.0
1776,953,-19.0
1777,1012,-20.0
1778,851,-21.0
1779,971,-21.0
1780,896,-21.0
1781,995,-20.0
1782,1082,-20.0
1783,1180,-19.0
1784,1009,-20.0
1785,1073,-20.0
1786,1406,-19.0
1787,1046,-21.0
1788,1244,-18.0
1789,847,-21.0
1790,927,-20.0
1791,1127,-18.0
1792,1225,-19.0
1793,1135,-19.0
1794,1176,-18.0
1795,1018,-20.0
1796,989,-20.0
1797,1041,-21.0
1798,880,-20.0
1799,1135,-21.0
1800,1168,-21.0
1801,934,-21.0
1802,915,-21.0
1803,1248,-18.0
1804,972,-19.0
1805,1077,-20.0
1806,1159,-21.0
1807,1013,-20.0
1808,1207,-20.0
1809,1132,-20.0
1810,1387,-20.0
1811,1364,-20.0
1812,1080,-21.0
1813,1131,-19.0
1814,1337,-19.0
1815,1226,-18.0
1816,1198,-19.0
1817,1027,-20.0
1818,1177,-18.0
1819,997,-21.0
1820,1232,-20.0
1821,1005,-20.0
1822,831,-21.0
1823,1113,-19.0
1824,918,-20.0
1825,1254,-19.0
1826,1130,-20.0
1827,1058,-20.0
1828,1223,-20.0
1829,1086,-20.0
1830,925,-21.0
1831,1097,-20.0
1832,930,-21.0
1833,1283,-18.0
1834,1124,-21.0
1835,1335,-20.0
1836,1297,-18.0
1837,1247,-19.0
1838,1197,-19.0
1839,1472,-16.0
1840,1572,-18.0
1841,1212,-18.0
1842,1019,-20.0
1843,1290,-20.0
1844,1096,-18.0
1845,871,-20.0
1846,1273,-16.0
1847,966,-21.0
1848,1153,-19.0
1849,1186,-19.0
1850,1451,-19.0
1851,1165,-20.0
1852,1249,-19.0
1853,935,-21.0
1854,985,-19.0
1855,898,-20.0
1856,992,-20.0
1857,1111,-19.0
1858,1265,-19.0
1859,1266,-16.0
1860,1068,-20.0
1861,1148,-21.0
1862,1276,-19.0
1863,1010,-20.0
1864,1282,-19.0
1865,1196,-17.0
1866,1182,-21.0
1867,1218,-21.0
1868,1019,-20.0
1869,1115,-19.0
1870,987,-21.0
1871,1120,-20.0
1872,1338,-17.0
1873,985,-21.0
1874,1508,-18.0
1875,1369,-16.0
1876,1439,-17.0
1877,1194,-19.0
1878,1595,-19.0
1879,1454,-18.0
1880,1393,-20.0
1881,1435,-18.0
1882,1174,-21.0
1883,1002,-20.0
1884,1310,-19.0
1885,1241,-20.0
1886,1266,-21.0
1887,1055,-20.0
1888,1126,-19.0
1889,1191,-19.0
1890,1189,-20.0
1891,1200,-20.0
1892,1006,-20.0
1893,1344,-20.0
1894,1278,-18.0
1895,1340,-20.0
1896,1309,-17.0
1897,1162,-20.0
1898,1205,-19.0
1899,1104,-19.0
1900,1365,-18.0
1901,1329,-20.0
1902,1090,-21.0
1903,1259,-18.0
1904,1343,-17.0
1905,1173,-21.0
1906,1208,-21.0
1907,1208,-21.0
1908,1162,-19.0
1909,1513,-16.0
1910,1092,-19.0
1911,1081,-18.0
1912,1294,-20.0
1913,1290,-18.0
1914,1183,-20.0
1915,1205,-20.0
1916,1152,-21.0
1917,1212,-19.0
1918,1267,-20.0
1919,1464,-20.0
1920,1150,-20.0
1921,1355,-18.0
1922,1151,-19.0
1923,1565,-18.0
1924,1447,-18.0
1925,1191,-19.0
1926,1416,-20.0
1927,1505,-16.0
1928,1280,-19.0
1929,1274,-20.0
1930,1184,-20.0
1931,1530,-17.0
1932,1313,-20.0
1933,1672,-18.0
1934,1245,-18.0
1935,1429,-17.0
1936,1351,-17.0
1937,1377,-19.0
1938,1070,-20.0
1939,1078,-20.0
1940,1231,-19.0
1941,1576,-18.0
1942,1166,-20.0
1943,1679,-18.0
1944,1539,-16.0
1945,1197,-20.0
1946,986,-21.0
1947,1668,-18.0
1948,1182,-19.0
1949,1132,-19.0
1950,1197,-20.0
1951,1135,-20.0
1952,1336,-19.0
1953,1575,-17.0
1954,1351,-19.0
1955,1170,-18.0
1956,1640,-20.0
1957,1341,-19.0
1958,1231,-20.0
1959,1269,-19.0
1960,1146,-21.0
1961,1399,-19.0
1962,1429,-18.0
1963,1111,-21.0
1964,1257,-19.0
1965,1264,-17.0
1966,1534,-19.0
1967,1305,-19.0
1968,1438,-20.0
1969,1193,-20.0
1970,1600,-19.0
1971,1230,-19.0
1972,1427,-18.0
1973,1813,-17.0
1974,1526,-15.0
1975,1277,-20.0
1976,1620,-18.0
1977,1297,-19.0
1978,1485,-17.0
1979,899,-21.0
1980,1709,-17.0
1981,1372,-19.0
1982,1253,-19.0
1983,1503,-17.0
1984,1322,-19.0
1985,1393,-20.0
1986,1736,-18.0
1987,1232,-21.0
1988,1226,-20.0
1989,1716,-15.0
1990,1346,-19.0
1991,1244,-19.0
1992,1399,-20.0
1993,1715,-18.0
1994,1574,-18.0
1995,1747,-19.0
1996,1542,-18.0
1997,1484,-18.0
1998,1265,-20.0
1999,1845,-16.0
2000,1620,-19.0
2001,1423,-20.0
2002,1194,-19.0
2003,1528,-19.0
2004,1115,-19.0
2005,1292,-20.0
2006,1426,-18.0
2007,1527,-21.0
2008,1656,-19.0
2009,1714,-15.0
2010,1394,-19.0
2011,1684,-18.0
2012,1342,-20.0
2013,1245,-21.0
2014,1235,-20.0
2015,1360,-19.0
2016,1531,-20.0
2017,1307,-19.0
2018,1230,-20.0
2019,1463,-19.0
2020,1390,-20.0
2021,1630,-19.0
2022,1795,-20.0
2023,1506,-16.0
2024,1436,-20.0
2025,1345,-19.0
2026,1147,-21.0
2027,1414,-19.0
2028,1372,-19.0
2029,1526,-18.0
2030,1502,-17.0
2031,1955,-17.0
2032,1801,-15.0
2033,1582,-18.0
2034,1690,-17.0
2035,1463,-19.0
2036,1604,-18.0
2037,1276,-21.0
2038,1516,-18.0
2039,1409,-20.0
2040,1459,-17.0
2041,1309,-20.0
2042,1261,-20.0
2043,1637,-20.0
2044,1459,-16.0
2045,1222,-21.0
2046,1488,-19.0
2047,1802,-19.0
2048,1724,-19.0
2049,1580,-16.0
2050,1159,-20.0
2051,1592,-17.0
2052,1605,-20.0
2053,1635,-16.0
2054,1429,-21.0
2055,1795,-18.0
2056,1515,-19.0
2057,1367,-20.0
2058,1484,-20.0
2059,1308,-19.0
2060,1600,-16.0
2061,1458,-19.0
2062,1136,-19.0
2063,1561,-19.0
2064,1280,-20.0
2065,1423,-19.0
2066,1210,-19.0
2067,1591,-18.0
2068,1429,-18.0
2069,1423,-19.0
2070,1462,-17.0
2071,1531,-18.0
2072,1699,-19.0
2073,1500,-20.0
2074,1798,-19.0
2075,1417,-17.0
2076,1546,-19.0
2077,1369,-21.0
2078,1512,-19.0
2079,1571,-18.0
2080,1533,-18.0
2081,1659,-18.0
2082,1908,-17.0
2083,1512,-19.0
2084,1805,-17.0
2085,1584,-18.0
2086,1672,-19.0
2087,1797,-18.0
2088,1319,-20.0
2089,1535,-20.0
2090,1803,-17.0
2091,1559,-19.0
2092,1289,-19.0
2093,1541,-17.0
2094,1537,-21.0
2095,1230,-20.0
2096,1904,-16.0
2097,1507,-21.0
2098,1152,-20.0
2099,1601,-19.0
2100,1522,-20.0
2101,1592,-21.0
2102,1883,-17.0
2103,1579,-16.0
2104,1322,-19.0
2105,1751,-17.0
2106,1591,-19.0
2107,1481,-21.0
2108,1550,-19.0
2109,1798,-16.0
2110,1839,-17.0
2111,1590,-20.0
2112,1516,-20.0
2113,1775,-18.0
2114,1387,-18.0
2115,1750,-17.0
2116,1536,-20.0
2117,1879,-16.0
2118,1725,-19.0
2119,1749,-18.0
2120,1666,-16.0
2121,1846,-13.0
2122,1545,-20.0
2123,1536,-19.0
2124,2139,-12.0
2125,1440,-20.0
2126,1719,-15.0
2127,1588,-17.0
2128,2164,-16.0
2129,1678,-19.0
2130,1740,-15.0
2131,1348,-20.0
2132,1530,-19.0
2133,1479,-20.0
2134,2078,-19.0
2135,1921,-14.0
2136,1558,-20.0
2137,1362,-18.0
2138,1618,-17.0
2139,1520,-17.0
2140,1617,-20.0
2141,1603,-20.0
2142,1492,-19.0
2143,2131,-15.0
2144,1824,-18.0
2145,1357,-21.0
2146,1773,-17.0
2147,1957,-17.0
2148,1420,-21.0
2149,2136,-16.0
2150,1600,-19.0
2151,1564,-19.0
2152,1524,-21.0
2153,1628,-18.0
2154,1708,-19.0
2155,1444,-19.0
2156,1590,-18.0
2157,1948,-18.0
2158,1780,-19.0
2159,1795,-17.0
2160,1684,-19.0
2161,1568,-18.0
2162,1661,-17.0
2163,1713,-17.0
2164,1590,-19.0
2165,1800,-18.0
2166,1538,-20.0
2167,1850,-20.0
2168,1871,-16.0
2169,1903,-19.0
2170,1562,-19.0
2171,1826,-18.0
2172,1709,-18.0
2173,1673,-17.0
2174,1553,-19.0
2175,1802,-17.0
2176,1843,-19.0
2177,1414,-21.0
2178,1648,-18.0
2179,1736,-21.0
2180,1641,-19.0
2181,1799,-17.0
2182,1918,-20.0
2183,2057,-19.0
2184,1628,-21.0
2185,1486,-21.0
2186,1870,-16.0
2187,1538,-20.0
2188,1553,-20.0
2189,1733,-19.0
2190,1974,-18.0
2191,1333,-20.0
2192,1579,-19.0
2193,1747,-17.0
2194,1914,-18.0
2195,1718,-18.0
2196,1282,-19.0
2197,1521,-20.0
2198,1933,-18.0
2199,1589,-20.0
2200,1946,-19.0
2201,1631,-20.0
2202,1710,-19.0
2203,1972,-19.0
2204,1676,-18.0
2205,1931,-17.0
2206,1731,-20.0
2207,1890,-18.0
2208,1845,-19.0
2209,1941,-18.0
2210,1764,-20.0
2211,1810,-18.0
2212,1643,-18.0
2213,1681,-18.0
2214,1970,-18.0
2215,1757,-19.0
2216,1793,-20.0
2217,1574,-19.0
2218,1893,-16.0
2219,1739,-18.0
2220,2265,-20.0
2221,2082,-19.0
2222,1912,-18.0
2223,2000,-17.0
2224,1737,-18.0
2225,2109,-19.0
2226,1731,-21.0
2227,1689,-18.0
2228,1421,-18.0
2229,1696,-18.0
2230,1810,-20.0
2231,2243,-17.0
2232,1789,-17.0
2233,1980,-20.0
2234,1982,-19.0
2235,1897,-16.0
2236,1901,-18.0
2237,1814,-20.0
2238,1792,-20.0
2239,2499,-14.0
2240,1678,-19.0
2241,1660,-20.0
2242,1924,-18.0
2243,2033,-16.0
2244,1941,-19.0
2245,1424,-20.0
2246,1913,-19.0
2247,1968,-18.0
2248,1617,-21.0
2249,1747,-16.0
2250,1420,-21.0
2251,1349,-19.0
2252,1861,-19.0
2253,1726,-20.0
2254,1913,-21.0
2255,2264,-19.0
2256,1537,-21.0
2257,1770,-21.0
2258,2074,-19.0
2259,2063,-19.0
2260,2074,-19.0
2261,2271,-17.0
2262,1832,-21.0
2263,2157,-17.0
2264,1629,-21.0
2265,1625,-19.0
2266,1969,-17.0
2267,1976,-14.0
2268,1896,-16.0
2269,2010,-18.0
2270,1831,-19.0
2271,2325,-13.0
2272,1956,-15.0
2273,1861,-21.0
2274,2001,-18.0
2275,1548,-17.0
2276,2070,-17.0
2277,1542,-19.0
2278,1918,-19.0
2279,1342,-21.0
2280,1650,-21.0
2281,1680,-19.0
2282,1975,-19.0
2283,1628,-20.0
2284,1786,-18.0
2285,1695,-19.0
2286,1851,-19.0
2287,1850,-19.0
2288,2153,-15.0
2289,2013,-16.0
2290,2025,-16.0
2291,2083,-15.0
2292,1721,-20.0
2293,1742,-18.0
2294,2049,-16.0
2295,2043,-15.0
2296,1968,-19.0
2297,1729,-18.0
2298,1886,-15.0
2299,1922,-18.0
2300,2501,-17.0
2301,1853,-19.0
2302,1891,-17.0
2303,1791,-19.0
2304,1674,-19.0
2305,1793,-16.0
2306,1798,-19.0
2307,2131,-17.0
2308,1477,-20.0
2309,1780,-18.0
2310,1616,-19.0
2311,1995,-17.0
2312,1935,-16.0
2313,1859,-19.0
2314,2005,-18.0
2315,1597,-20.0
2316,1946,-19.0
2317,1641,-19.0
2318,2101,-17.0
2319,1838,-20.0
2320,1541,-20.0
2321,1833,-18.0
2322,2034,-18.0
2323,1511,-19.0
2324,2128,-16.0
2325,1988,-19.0
2326,1824,-18.0
2327,2101,-18.0
2328,2097,-14.0
2329,2172,-15.0
2330,2013,-15.0
2331,2256,-18.0
2332,1728,-20.0
2333,1985,-19.0
2334,2075,-17.0
2335,1982,-20.0
2336,2041,-18.0
2337,1963,-18.0
2338,2094,-17.0
2339,2008,-18.0
2340,2339,-15.0
2341,1884,-19.0
2342,1641,-20.0
2343,1686,-21.0
2344,1974,-18.0
2345,1886,-18.0
2346,2185,-18.0
2347,1813,-19.0
2348,2103,-20.0
2349,1907,-20.0
2350,2024,-18.0
2351,2119,-16.0
2352,1838,-20.0
2353,1735,-21.0
2354,1856,-17.0
2355,1845,-19.0
2356,2080,-16.0
2357,1964,-17.0
2358,1806,-19.0
2359,2181,-18.0
2360,2011,-19.0
2361,1489,-19.0
2362,2394,-17.0
2363,2190,-17.0
2364,2102,-17.0
2365,1867,-18.0
2366,2060,-20.0
2367,2056,-19.0
2368,1832,-18.0
2369,2442,-14.0
2370,2135,-17.0
2371,1779,-19.0
2372,1854,-21.0
2373,1750,-20.0
2374,1965,-16.0
2375,2308,-14.0
2376,1818,-18.0
2377,1827,-20.0
2378,2289,-15.0
2379,2306,-15.0
2380,1814,-20.0
2381,2444,-16.0
2382,2012,-15.0
2383,1903,-18.0
2384,2272,-15.0
2385,1892,-20.0
2386,2218,-17.0
2387,2123,-15.0
2388,2169,-19.0
2389,1472,-21.0
2390,1730,-18.0
2391,1911,-18.0
2392,2318,-14.0
2393,1754,-16.0
2394,1811,-19.0
2395,1768,-19.0
2396,1736,-20.0
2397,1863,-18.0
2398,1843,-17.0
2399,1801,-20.0
2400,1687,-20.0
2401,1692,-20.0
2402,2110,-17.0
2403,2150,-19.0
2404,1670,-18.0
2405,1470,-19.0
2406,1880,-20.0
2407,1835,-20.0
2408,2207,-18.0
2409,2449,-14.0
2410,1920,-19.0
2411,1728,-19.0
2412,1731,-19.0
2413,1849,-19.0
2414,2099,-20.0
2415,2063,-19.0
2416,1865,-19.0
2417,1966,-18.0
2418,2329,-18.0
2419,2261,-17.0
2420,1868,-20.0
2421,1789,-20.0
2422,2104,-17.0
2423,2462,-13.0
2424,2001,-17.0
2425,2297,-19.0
2426,2164,-14.0
2427,2091,-19.0
2428,2222,-16.0
2429,2071,-20.0
2430,2000,-17.0
2431,1953,-20.0
2432,2133,-18.0
2433,2012,-18.0
2434,2446,-16.0
2435,1774,-20.0
2436,2026,-19.0
2437,2204,-18.0
2438,2128,-18.0
2439,2370,-17.0
2440,2380,-16.0
2441,2059,-17.0
2442,1898,-20.0
2443,1848,-20.0
2444,2320,-18.0
2445,1685,-20.0
2446,2365,-14.0
2447,1952,-20.0
2448,2069,-17.0
2449,1891,-20.0
2450,2415,-18.0
2451,2091,-18.0
2452,1911,-18.0
2453,2124,-18.0
2454,1889,-19.0
2455,2253,-18.0
2456,2420,-16.0
2457,2585,-17.0
2458,2180,-18.0
2459,1876,-18.0
2460,2121,-18.0
2461,2182,-18.0
2462,2025,-20.0
2463,2156,-17.0
2464,1859,-19.0
2465,2352,-15.0
2466,2476,-14.0
2467,2158,-16.0
2468,2548,-13.0
2469,1738,-19.0
2470,2230,-18.0
2471,2043,-17.0
2472,1984,-19.0
2473,2138,-19.0
2474,2273,-17.0
2475,2372,-17.0
2476,2147,-21.0
2477,2353,-20.0
2478,2173,-19.0
2479,2073,-18.0
2480,1760,-20.0
2481,2080,-19.0
2482,2940,-12.0
2483,2352,-17.0
2484,1916,-19.0
2485,1741,-20.0
2486,1832,-20.0
2487,2545,-16.0
2488,2910,-15.0
2489,2433,-17.0
2490,1832,-16.0
2491,2405,-15.0
2492,2169,-20.0
2493,1867,-19.0
2494,1832,-17.0
2495,2049,-18.0
2496,2181,-16.0
2497,2386,-17.0
2498,2217,-19.0
2499,2086,-18.0
2500,1962,-19.0
2501,1798,-19.0
2502,1968,-20.0
2503,2100,-17.0
2504,2345,-14.0
2505,2177,-17.0
2506,2001,-20.0
2507,2413,-17.0
2508,2146,-19.0
2509,2358,-18.0
2510,1903,-20.0
2511,2624,-19.0
2512,2087,-21.0
2513,2096,-18.0
2514,2204,-19.0
2515,2117,-17.0
2516,2466,-15.0
2517,2210,-17.0
2518,2595,-16.0
2519,2443,-17.0
2520,2039,-18.0
2521,2035,-18.0
2522,2352,-16.0
2523,2037,-20.0
2524,1961,-18.0
2525,2098,-19.0
2526,1933,-20.0
2527,1804,-17.0
2528,2418,-19.0
2529,1881,-20.0
2530,2119,-18.0
2531,2071,-17.0
2532,2219,-16.0
2533,1865,-19.0
2534,2193,-18.0
2535,1812,-20.0
2536,2447,-17.0
2537,2443,-17.0
2538,1727,-19.0
2539,2069,-18.0
2540,2250,-18.0
2541,1782,-17.0
2542,1799,-19.0
2543,2122,-18.0
2544,2553,-10.0
2545,2387,-15.0
2546,2269,-17.0
2547,1427,-20.0
2548,1815,-17.0
2549,1894,-21.0
2550,1773,-19.0
2551,2002,-17.0
2552,2359,-16.0
2553,1726,-19.0
2554,2194,-15.0
2555,2209,-19.0
2556,1999,-20.0
2557,2458,-14.0
2558,2051,-17.0
2559,1819,-19.0
2560,2369,-19.0
2561,2081,-16.0
2562,2004,-16.0
2563,1980,-19.0
2564,2273,-19.0
2565,2130,-17.0
2566,2327,-16.0
2567,2292,-16.0
2568,2329,-15.0
2569,1488,-21.0
2570,2048,-19.0
2571,2560,-15.0
2572,1961,-20.0
2573,2086,-19.0
2574,2052,-16.0
2575,2640,-14.0
2576,2350,-16.0
2577,2266,-16.0
2578,2053,-18.0
2579,1921,-18.0
2580,2173,-16.0
2581,1700,-20.0
2582,1836,-19.0
2583,1702,-19.0
2584,2174,-18.0
2585,1985,-18.0
2586,1812,-18.0
2587,2016,-18.0
2588,1706,-19.0
2589,1862,-17.0
2590,2271,-13.0
2591,1913,-19.0
2592,2390,-14.0
2593,1831,-17.0
2594,2449,-15.0
2595,1976,-17.0
2596,2330,-13.0
2597,2294,-17.0
2598,1977,-19.0
2599,1995,-19.0
2600,2094,-18.0
2601,2444,-16.0
2602,1740,-18.0
2603,2580,-12.0
2604,1870,-19.0
2605,2193,-18.0
2606,2112,-13.0
2607,2116,-17.0
2608,1792,-20.0
2609,2140,-16.0
2610,2217,-15.0
2611,2407,-12.0
2612,2119,-17.0
2613,2276,-17.0
2614,2259,-19.0
2615,2325,-17.0
2616,2056,-18.0
2617,2269,-17.0
2618,2479,-16.0
2619,2159,-18.0
2620,2694,-13.0
2621,2107,-16.0
2622,2210,-16.0
2623,1791,-19.0
2624,2325,-15.0
2625,2535,-16.0
2626,2417,-13.0
2627,2099,-15.0
2628,1853,-20.0
2629,1914,-19.0
2630,2062,-17.0
2631,2399,-14.0
2632,2353,-19.0
2633,2747,-13.0
2634,2543,-14.0
2635,1949,-16.0
2636,1667,-18.0
2637,2166,-14.0
2638,2862,-13.0
2639,2100,-20.0
2640,2238,-15.0
2641,2475,-18.0
2642,2824,-14.0
2643,1992,-16.0
2644,2082,-19.0
2645,2089,-18.0
2646,1965,-18.0
2647,2342,-16.0
2648,2343,-17.0
2649,2315,-16.0
2650,2392,-17.0
2651,2129,-18.0
2652,2001,-14.0
2653,2230,-16.0
2654,1978,-17.0
2655,2344,-16.0
2656,2101,-17.0
2657,2041,-19.0
2658,1714,-20.0
2659,2057,-15.0
2660,2166,-17.0
2661,1881,-18.0
2662,2095,-20.0
2663,2408,-17.0
2664,2303,-17.0
2665,2143,-17.0
2666,2512,-15.0
2667,2407,-16.0
2668,2106,-17.0
2669,2523,-17.0
2670,2298,-18.0
2671,2828,-12.0
2672,2550,-18.0
2673,2803,-11.0
2674,2242,-19.0
2675,2513,-16.0
2676,2734,-17.0
2677,2292,-18.0
2678,2328,-18.0
2679,1874,-21.0
2680,2361,-19.0
2681,2454,-17.0
2682,2436,-20.0
2683,1980,-21.0
2684,2468,-18.0
2685,2358,-16.0
2686,2937,-18.0
2687,2822,-14.0
2688,2596,-17.0
2689,2884,-14.0
2690,2242,-18.0
2691,2074,-17.0
2692,2121,-18.0
2693,2910,-12.0
2694,2913,-14.0
2695,2407,-14.0
2696,2226,-17.0
2697,2557,-17.0
2698,2029,-20.0
2699,2445,-14.0
2700,2282,-16.0
2701,2754,-15.0
2702,2710,-15.0
2703,1933,-17.0
2704,1977,-20.0
2705,2584,-18.0
2706,2082,-20.0
2707,2429,-15.0
2708,2459,-18.0
2709,2033,-19.0
2710,2436,-16.0
2711,2215,-19.0
2712,2395,-14.0
2713,2142,-20.0
2714,2448,-18.0
2715,2461,-12.0
2716,2597,-12.0
2717,2028,-20.0
2718,2105,-19.0
2719,2404,-16.0
2720,2274,-17.0
2721,2334,-14.0
2722,3169,-8.0
2723,2307,-19.0
2724,2016,-16.0
2725,2027,-19.0
2726,2505,-17.0
2727,2333,-16.0
2728,2822,-13.0
2729,2521,-17.0
2730,2361,-18.0
2731,2728,-16.0
2732,2762,-16.0
2733,2245,-21.0
2734,2479,-14.0
2735,2625,-15.0
2736,1826,-20.0
2737,2143,-17.0
2738,1836,-19.0
2739,2501,-20.0
2740,2569,-13.0
2741,2829,-13.0
2742,2322,-16.0
2743,2014,-18.0
2744,1998,-16.0
2745,2231,-16.0
2746,2519,-13.0
2747,2850,-16.0
2748,2704,-16.0
2749,1714,-19.0
2750,2252,-16.0
2751,1640,-18.0
2752,2055,-17.0
2753,2057,-16.0
2754,2382,-15.0
2755,1954,-16.0
2756,2088,-17.0
2757,1970,-18.0
2758,2555,-15.0
2759,2329,-16.0
2760,2108,-17.0
2761,2047,-18.0
2762,2108,-17.0
2763,3046,-11.0
2764,1985,-20.0
2765,3060,-11.0
2766,1649,-20.0
2767,1684,-18.0
2768,1833,-18.0
2769,2219,-17.0
2770,2544,-14.0
2771,2418,-14.0
2772,2236,-17.0
2773,1782,-20.0
2774,1985,-19.0
2775,2031,-19.0
2776,1768,-20.0
2777,1970,-19.0
2778,2693,-12.0
2779,2176,-18.0
2780,2059,-16.0
2781,1669,-19.0
2782,2081,-16.0
2783,2395,-13.0
2784,2213,-17.0
2785,2064,-18.0
2786,2304,-16.0
2787,2337,-18.0
2788,1901,-16.0
2789,2227,-16.0
2790,2699,-10.0
2791,2127,-15.0
2792,2028,-20.0
2793,2975,-9.0
2794,2485,-12.0
2795,2262,-17.0
2796,1889,-19.0
2797,2138,-18.0
2798,2550,-14.0
2799,2046,-17.0
2800,2338,-13.0
2801,2220,-14.0
2802,2054,-16.0
2803,2630,-13.0
2804,1952,-17.0
2805,2280,-12.0
2806,2185,-14.0
2807,1859,-18.0
2808,1835,-16.0
2809,2374,-11.0
2810,2161,-16.0
2811,2147,-16.0
2812,1749,-19.0
2813,2028,-17.0
2814,2127,-14.0
2815,2341,-14.0
2816,2303,-16.0
2817,1991,-16.0
2818,2590,-13.0
2819,2344,-16.0
2820,2162,-16.0
2821,1875,-19.0
2822,2349,-17.0
2823,2564,-15.0
2824,2204,-18.0
2825,2435,-13.0
2826,2177,-18.0
2827,2478,-16.0
2828,2458,-17.0
2829,2470,-13.0
2830,2033,-18.0
2831,2777,-12.0
2832,2177,-17.0
2833,2564,-12.0
2834,2305,-15.0
2835,2676,-18.0
2836,2134,-16.0
2837,2241,-16.0
2838,2122,-16.0
2839,2288,-19.0
2840,2720,-11.0
2841,2311,-17.0
2842,2321,-14.0
2843,1928,-16.0
2844,2009,-17.0
2845,2146,-15.0
2846,2425,-15.0
2847,2153,-18.0
2848,2530,-15.0
2849,1992,-20.0
2850,2324,-12.0
2851,2057,-15.0
2852,2488,-14.0
2853,2346,-17.0
2854,2710,-15.0
2855,2013,-19.0
2856,2570,-14.0
2857,2612,-14.0
2858,2498,-17.0
2859,2110,-18.0
2860,2245,-20.0
2861,2338,-16.0
2862,2127,-16.0
2863,2353,-17.0
2864,2246,-17.0
2865,2837,-17.0
2866,2299,-19.0
2867,2735,-14.0
2868,2816,-15.0
2869,2201,-17.0
2870,2057,-18.0
2871,1819,-19.0
2872,2330,-17.0
2873,2499,-15.0
2874,2421,-15.0
2875,2481,-17.0
2876,2653,-16.0
2877,2135,-17.0
2878,2504,-19.0
2879,2589,-14.0
2880,2216,-15.0
2881,2282,-18.0
2882,2914,-17.0
2883,2741,-13.0
2884,1730,-20.0
2885,2310,-17.0
2886,2024,-19.0
2887,2742,-14.0
2888,2157,-18.0
2889,2078,-19.0
2890,2069,-19.0
2891,2480,-14.0
2892,2605,-17.0
2893,2205,-17.0
2894,2184,-17.0
2895,2100,-16.0
2896,2331,-15.0
2897,3027,-13.0
2898,2385,-13.0
2899,2831,-11.0
2900,2142,-18.0
2901,1891,-19.0
2902,2397,-14.0
2903,2206,-16.0
2904,2446,-15.0
2905,2574,-13.0
2906,2383,-15.0
2907,2703,-12.0
2908,2243,-14.0
2909,2533,-15.0
2910,2541,-14.0
2911,2433,-15.0
2912,2137,-19.0
2913,2429,-12.0
2914,2398,-16.0
2915,2648,-15.0
2916,2314,-15.0
2917,2062,-18.0
2918,2004,-19.0
2919,1544,-21.0
2920,2087,-19.0
2921,2301,-17.0
2922,2425,-17.0
2923,2343,-18.0
2924,2401,-16.0
2925,2887,-14.0
2926,2252,-16.0
2927,2360,-14.0
2928,2110,-18.0
2929,2358,-14.0
2930,2246,-17.0
2931,2357,-13.0
2932,2347,-17.0
2933,2361,-16.0
2934,2810,-11.0
2935,2121,-19.0
2936,2335,-20.0
2937,2627,-16.0
2938,2477,-15.0
2939,2472,-14.0
2940,2528,-18.0
2941,2542,-17.0
2942,3122,-11.0
2943,1943,-17.0
2944,2257,-16.0
2945,2993,-15.0
2946,2307,-13.0
2947,2483,-15.0
2948,2318,-17.0
2949,2283,-14.0
2950,2373,-17.0
2951,3139,-11.0
2952,2720,-12.0
2953,2355,-18.0
2954,2335,-16.0
2955,2451,-13.0
2956,2189,-14.0
2957,2189,-17.0
2958,2907,-13.0
2959,2257,-17.0
2960,2079,-18.0
2961,2585,-18.0
2962,2646,-15.0
2963,1607,-18.0
2964,2466,-15.0
2965,2005,-19.0
2966,2346,-18.0
2967,2554,-14.0
2968,1897,-18.0
2969,1979,-17.0
2970,2608,-13.0
2971,2257,-13.0
2972,2464,-16.0
2973,2262,-19.0
2974,2584,-17.0
2975,2473,-15.0
2976,2464,-18.0
2977,2505,-13.0
2978,2123,-17.0
2979,2208,-17.0
2980,2450,-17.0
2981,2078,-20.0
2982,2830,-17.0
2983,1855,-19.0
2984,2643,-15.0
2985,2676,-14.0
2986,2643,-16.0
2987,2478,-13.0
2988,2870,-17.0
2989,2266,-19.0
2990,2397,-16.0
2991,2487,-18.0
2992,2495,-17.0
2993,2442,-15.0
2994,2006,-19.0
2995,2501,-15.0
2996,2656,-13.0
2997,2194,-20.0
2998,2019,-19.0
2999,2389,-16.0
3000,2956,-9.0
3001,2123,-16.0
3002,2080,-17.0
3003,2840,-18.0
3004,2050,-19.0
3005,2244,-13.0
3006,2216,-15.0
3007,2551,-18.0
3008,2316,-15.0
3009,2421,-15.0
3010,2276,-15.0
3011,2789,-12.0
3012,2380,-17.0
3013,2009,-17.0
3014,2616,-11.0
3015,2461,-15.0
3016,2631,-14.0
3017,2171,-18.0
3018,2366,-15.0
3019,2469,-14.0
3020,3207,-11.0
3021,2079,-15.0
3022,2461,-17.0
3023,2313,-16.0
3024,2167,-18.0
3025,2367,-18.0
3026,3107,-12.0
3027,1843,-19.0
3028,2759,-14.0
3029,2583,-16.0
3030,2995,-13.0
3031,2356,-19.0
3032,2493,-16.0
3033,2877,-15.0
3034,2230,-17.0
3035,2416,-13.0
3036,2264,-15.0
3037,2191,-15.0
3038,2344,-12.0
3039,2916,-16.0
3040,2550,-12.0
3041,2605,-11.0
3042,2460,-14.0
3043,2689,-13.0
3044,2366,-15.0
3045,2602,-16.0
3046,2084,-17.0
3047,2602,-13.0
3048,2475,-15.0
3049,2591,-12.0
3050,2337,-19.0
3051,2119,-18.0
3052,2581,-14.0
3053,2790,-15.0
3054,2102,-18.0
3055,2087,-17.0
3056,2423,-14.0
3057,2359,-16.0
3058,2320,-15.0
3059,3474,-6.0
3060,2853,-13.0
3061,2245,-17.0
3062,2190,-15.0
3063,2119,-16.0
3064,2304,-15.0
3065,1935,-18.0
3066,3044,-11.0
3067,2409,-14.0
3068,2601,-10.0
3069,2196,-15.0
3070,2144,-14.0
3071,2403,-14.0
3072,3078,-11.0
3073,2511,-16.0
3074,2349,-16.0
3075,2768,-14.0
3076,2479,-14.0
3077,2425,-17.0
3078,2892,-11.0
3079,3557,-10.0
3080,2121,-17.0
3081,2397,-16.0
3082,2726,-13.0
3083,2443,-14.0
3084,2267,-15.0
3085,2288,-15.0
3086,2171,-16.0
3087,2485,-15.0
3088,2559,-15.0
3089,2039,-20.0
3090,2806,-10.0
3091,2639,-16.0
3092,3258,-10.0
3093,2626,-13.0
3094,2887,-14.0
3095,2053,-18.0
3096,3069,-11.0
3097,2485,-15.0
3098,2589,-14.0
3099,2783,-11.0
3100,2452,-16.0
3101,2777,-9.0
3102,2195,-18.0
3103,2789,-11.0
3104,2507,-15.0
3105,2208,-17.0
3106,2467,-15.0
3107,2679,-8.0
3108,2305,-17.0
3109,2336,-17.0
3110,2418,-15.0
3111,2078,-15.0
3112,2638,-12.0
3113,2721,-13.0
3114,2702,-13.0
3115,2220,-16.0
3116,2339,-19.0
3117,3188,-13.0
3118,2850,-15.0
3119,2817,-15.0
3120,2181,-19.0
3121,3041,-13.0
3122,2434,-13.0
3123,3005,-18.0
3124,2055,-17.0
3125,2293,-17.0
3126,2254,-17.0
3127,2374,-18.0
3128,2352,-17.0
3129,2606,-14.0
3130,2038,-18.0
3131,2716,-14.0
3132,2946,-13.0
3133,2391,-19.0
3134,2535,-13.0
3135,2891,-14.0
3136,2201,-19.0
3137,2217,-17.0
3138,2524,-15.0
3139,2505,-20.0
3140,2458,-17.0
3141,2417,-14.0
3142,2422,-17.0
3143,2137,-17.0
3144,2455,-16.0
3145,2427,-17.0
3146,2802,-14.0
3147,2808,-14.0
3148,2290,-17.0
3149,2919,-14.0
3150,2782,-10.0
3151,2841,-11.0
3152,2190,-18.0
3153,2170,-17.0
3154,2682,-13.0
3155,2511,-16.0
3156,2419,-13.0
3157,3062,-11.0
3158,2729,-12.0
3159,2900,-10.0
3160,2657,-18.0
3161,2809,-10.0
3162,2343,-17.0
3163,3067,-15.0
3164,3523,-9.0
3165,2347,-16.0
3166,2581,-13.0
3167,2569,-12.0
3168,2572,-17.0
3169,2154,-17.0
3170,2687,-13.0
3171,2560,-14.0
3172,2720,-15.0
3173,2893,-11.0
3174,3010,-14.0
3175,2864,-11.0
3176,2572,-15.0
3177,2916,-11.0
3178,3087,-8.0
3179,2659,-16.0
3180,3003,-13.0
3181,3854,-9.0
3182,2895,-13.0
3183,2345,-16.0
3184,2755,-13.0
3185,2486,-14.0
3186,2722,-13.0
3187,2411,-17.0
3188,3189,-13.0
3189,3062,-9.0
3190,2506,-16.0
3191,2862,-13.0
3192,2274,-17.0
3193,2796,-14.0
3194,2645,-13.0
3195,3071,-10.0
3196,2832,-12.0
3197,2961,-14.0
3198,2610,-14.0
3199,2638,-13.0
3200,2704,-13.0
3201,2407,-14.0
3202,3129,-10.0
3203,2436,-13.0
3204,2501,-16.0
3205,2598,-13.0
3206,2701,-16.0
3207,3407,-9.0
3208,2873,-16.0
3209,2824,-11.0
3210,2482,-15.0
3211,2588,-17.0
3212,1972,-18.0
3213,2853,-14.0
3214,2877,-15.0
3215,2950,-11.0
3216,2739,-15.0
3217,2836,-8.0
3218,2922,-11.0
3219,2809,-14.0
3220,2784,-12.0
3221,3081,-10.0
3222,2756,-18.0
3223,2753,-14.0
3224,3167,-14.0
3225,2685,-17.0
3226,2715,-17.0
3227,3266,-10.0
3228,3388,-13.0
3229,2866,-17.0
3230,3224,-12.0
3231,3372,-12.0
3232,2712,-17.0
3233,3557,-9.0
3234,2659,-14.0
3235,2932,-17.0
3236,2305,-16.0
3237,3242,-12.0
3238,2703,-17.0
3239,2705,-12.0
3240,2554,-18.0
3241,3547,-9.0
3242,3204,-15.0
3243,2773,-15.0
3244,3329,-15.0
3245,2681,-17.0
3246,3475,-10.0
3247,2346,-16.0
3248,3560,-13.0
3249,3344,-11.0
3250,3866,-12.0
3251,3265,-10.0
3252,3470,-9.0
3253,2996,-13.0
3254,2838,-11.0
3255,2720,-16.0
3256,3134,-11.0
3257,2977,-13.0
3258,3271,-11.0
3259,3293,-9.0
3260,3092,-10.0
3261,2942,-13.0
3262,2990,-11.0
3263,2580,-14.0
3264,2782,-12.0
3265,2597,-18.0
3266,2612,-11.0
3267,2382,-17.0
3268,3337,-11.0
3269,3872,-5.0
3270,2561,-14.0
3271,3000,-12.0
3272,2861,-15.0
3273,3240,-12.0
3274,3536,-8.0
3275,2356,-12.0
3276,3541,-14.0
3277,3090,-12.0
3278,3108,-12.0
3279,3074,-13.0
3280,3761,-6.0
3281,3257,-10.0
3282,2714,-17.0
3283,3501,-6.0
3284,2908,-14.0
3285,3001,-13.0
3286,3770,-8.0
3287,3411,-8.0
3288,2478,-19.0
3289,2680,-17.0
3290,3324,-9.0
3291,3120,-11.0
3292,3055,-9.0
3293,2651,-16.0
3294,2987,-10.0
3295,2952,-13.0
3296,3015,-14.0
3297,3317,-9.0
3298,2708,-16.0
3299,3132,-9.0
3300,3087,-11.0
3301,2880,-12.0
3302,3073,-12.0
3303,2999,-17.0
3304,2976,-15.0
3305,3367,-16.0
3306,3513,-9.0
3307,2768,-16.0
3308,3561,-8.0
3309,3336,-9.0
3310,3536,-12.0
3311,3276,-11.0
3312,3411,-10.0
3313,3423,-7.0
3314,2735,-10.0
3315,2220,-20.0
3316,3343,-10.0
3317,3264,-13.0
3318,3289,-12.0
3319,3054,-15.0
3320,2854,-16.0
3321,3376,-15.0
3322,3313,-12.0
3323,2678,-15.0
3324,3137,-14.0
3325,2537,-14.0
3326,3740,-3.0
3327,2733,-14.0
3328,3577,-9.0
3329,2921,-11.0
3330,3514,-11.0
3331,3595,-12.0
3332,3529,-7.0
3333,3059,-11.0
3334,3386,-13.0
3335,2634,-16.0
3336,4089,-6.0
3337,3438,-9.0
3338,3303,-12.0
3339,3344,-10.0
3340,3337,-15.0
3341,3608,-7.0
3342,4500,-4.0
3343,2836,-19.0
3344,2755,-13.0
3345,3658,-9.0
3346,3110,-13.0
3347,3206,-9.0
3348,2308,-18.0
3349,3209,-11.0
3350,2698,-13.0
3351,3323,-11.0
3352,3367,-14.0
3353,3955,-6.0
3354,3271,-13.0
3355,3715,-9.0
3356,3123,-10.0
3357,2988,-13.0
3358,3830,-8.0
3359,4401,-1.0
3360,3005,-10.0
3361,3231,-11.0
3362,2885,-11.0
3363,2934,-14.0
3364,3162,-6.0
3365,3058,-12.0
3366,3270,-13.0
3367,2607,-14.0
3368,2894,-11.0
3369,3459,-11.0
3370,3369,-10.0
3371,2966,-11.0
3372,2586,-14.0
3373,3153,-9.0
3374,3377,-9.0
3375,2964,-14.0
3376,2996,-9.0
3377,3658,-4.0
3378,4212,-9.0
3379,2854,-12.0
3380,3841,-5.0
3381,3634,-5.0
3382,3866,-4.0
3383,3400,-11.0
3384,3208,-14.0
3385,4080,-11.0
3386,3315,-15.0
3387,3541,-8.0
3388,4366,-3.0
3389,4219,-1.0
3390,3196,-9.0
3391,3587,-10.0
3392,2991,-11.0
3393,3304,-12.0
3394,3992,-6.0
3395,2729,-17.0
3396,3342,-11.0
3397,4229,2.0
3398,3264,-11.0
3399,3204,-10.0
3400,3472,-8.0
3401,3683,-8.0
3402,3244,-9.0
3403,3315,-10.0
3404,3476,-10.0
3405,3093,-13.0
3406,3396,-7.0
3407,3837,-6.0
3408,3909,-12.0
3409,2748,-12.0
3410,4368,-9.0
3411,3017,-17.0
3412,3014,-12.0
3413,3743,-14.0
3414,4230,-8.0
3415,3471,-12.0
3416,3055,-14.0
3417,4372,-7.0
3418,3751,-15.0
3419,3266,-12.0
3420,3443,-14.0
3421,3300,-12.0
3422,3868,-10.0
3423,3653,-13.0
3424,2954,-12.0
3425,3482,-12.0
3426,4178,-4.0
3427,3473,-8.0
3428,3231,-15.0
3429,3186,-8.0
3430,3755,-8.0
3431,2896,-13.0
3432,4060,-6.0
3433,3474,-7.0
3434,3527,-8.0
3435,3079,-12.0
3436,3211,-10.0
3437,3718,-10.0
3438,3795,-9.0
3439,3391,-13.0
3440,3486,-8.0
3441,2613,-11.0
3442,3701,-7.0
3443,3770,-7.0
3444,3577,-4.0
3445,3429,-5.0
3446,3568,-8.0
3447,3264,-12.0
3448,3405,-9.0
3449,4291,-8.0
3450,3044,-9.0
3451,3921,-6.0
3452,2948,-12.0
3453,3557,-7.0
3454,4477,-5.0
3455,4033,-3.0
3456,3777,-9.0
3457,4239,-4.0
3458,3562,-8.0
3459,4100,-4.0
3460,2922,-14.0
3461,3858,-7.0
3462,3635,-8.0
3463,4190,-6.0
3464,3436,-10.0
3465,3739,-9.0
3466,4500,0.0
3467,4097,-5.0
3468,4395,-5.0
3469,3714,-12.0
3470,2906,-14.0
3471,3483,-11.0
3472,3841,-3.0
3473,3307,-10.0
3474,3951,-3.0
3475,3490,-12.0
3476,3400,-7.0
3477,3904,-10.0
3478,4500,-3.0
3479,2773,-13.0
3480,3338,-9.0
3481,3871,-6.0
3482,4500,-7.0
3483,3404,-13.0
3484,4316,-4.0
3485,4195,-1.0
3486,4224,-7.0
3487,4113,-7.0
3488,3630,-8.0
3489,4500,-6.0
3490,3806,-7.0
3491,4305,-4.0
3492,4500,1.0
3493,3500,-6.0
3494,4500,-5.0
3495,4160,-2.0
3496,4265,-6.0
3497,4237,-2.0
3498,3251,-8.0
3499,3399,-11.0
3500,3156,-6.0
3501,3157,-10.0
3502,4492,-3.0
3503,4035,-5.0
3504,3495,-8.0
3505,3716,-3.0
3506,3449,-8.0
3507,3513,-8.0
3508,4161,-8.0
3509,4248,-4.0
3510,4169,-2.0
3511,3900,-3.0
3512,4341,2.0
3513,4195,-3.0
3514,4500,0.0
3515,3749,-7.0
3516,3739,-9.0
3517,4257,-2.0
3518,4016,-7.0
3519,3573,-9.0
3520,3036,-12.0
3521,3141,-11.0
3522,3972,3.0
3523,3968,-3.0
3524,3265,-8.0
3525,3504,-9.0
3526,3766,-7.0
3527,3808,-9.0
3528,4448,1.0
3529,3950,-7.0
3530,4500,2.0
3531,4199,-7.0
3532,3089,-13.0
3533,4410,-2.0
3534,4500,2.0
3535,4221,-3.0
3536,4500,-3.0
3537,4500,-1.0
3538,3814,-9.0
3539,3922,-1.0
3540,3828,2.0
3541,3849,-7.0
3542,3242,-7.0
3543,2987,-13.0
3544,3287,-8.0
3545,4100,-4.0
3546,4398,-3.0
3547,4029,-7.0
3548,3447,-13.0
3549,4500,0.0
3550,3500,-11.0
3551,3987,-4.0
3552,3768,-7.0
3553,3540,-6.0
3554,4371,-3.0
3555,2629,-14.0
3556,4017,-4.0
3557,4500,-2.0
3558,3782,-7.0
3559,3975,-6.0
3560,4255,-4.0
3561,4500,-3.0
3562,4466,2.0
3563,4500,-1.0
3564,4500,0.0
3565,3776,-7.0
3566,3466,-10.0
3567,4438,-1.0
3568,4117,-5.0
3569,3953,-9.0
3570,3838,-6.0
3571,3552,-9.0
3572,4276,-3.0
3573,3718,-8.0
3574,4500,1.0
3575,4500,-1.0
3576,3762,-8.0
3577,4058,-3.0
3578,4500,-3.0
3579,4111,-3.0
3580,4500,1.0
3581,3651,-6.0
3582,4134,-1.0
3583,4453,3.0
3584,3409,-10.0
3585,4085,-8.0
3586,3568,6.0
3587,3926,-7.0
3588,4369,-4.0
3589,3510,-5.0
3590,4500,0.0
3591,4500,0.0
3592,4240,-5.0
3593,3531,-3.0
3594,4205,2.0
3595,3884,4.0
3596,4500,-5.0
3597,3789,-2.0
3598,4500,0.0
3599,4500,4.0
3600,3967,-3.0
3601,4290,-2.0
3602,4128,1.0
3603,4089,4.0
3604,4283,-8.0
3605,4467,-5.0
3606,3320,-7.0
3607,4280,-3.0
3608,3710,-8.0
3609,4500,0.0
3610,3794,-5.0
3611,4155,2.0
3612,4023,-2.0
3613,3988,-5.0
3614,3343,-8.0
3615,4030,6.0
3616,4002,2.0
3617,4434,2.0
3618,4467,-3.0
3619,4229,-1.0
3620,3507,9.0
3621,3554,-9.0
3622,2951,-12.0
3623,4217,4.0
3624,3969,8.0
3625,4500,1.0
3626,3590,-11.0
3627,3994,10.0
3628,4080,-6.0
3629,4094,-6.0
3630,4500,0.0
3631,4500,-2.0
3632,3698,-6.0
3633,4327,-1.0
3634,3465,-7.0
3635,3984,-4.0
3636,3739,-3.0
3637,4120,-3.0
3638,3791,5.0
3639,3941,-3.0
3640,4062,-3.0
3641,4420,-4.0
3642,3488,-6.0
3643,3673,-4.0
3644,3848,-5.0
3645,3748,-4.0
3646,4012,5.0
3647,4084,-1.0
3648,2832,-8.0
3649,3917,-4.0
3650,3582,-9.0
3651,4009,2.0
3652,3551,-5.0
3653,4006,6.0
3654,3784,-6.0
3655,4163,2.0
3656,4500,-1.0
3657,4447,7.0
3658,3182,-7.0
3659,4500,-2.0
3660,4500,4.0
3661,4292,4.0
3662,4500,-1.0
3663,3432,-9.0
3664,4334,-6.0
3665,3580,8.0
3666,4444,-3.0
3667,4500,1.0
3668,4500,2.0
3669,3883,2.0
3670,4454,-5.0
3671,3889,-3.0
3672,4500,1.0
3673,3874,-4.0
3674,3956,-3.0
3675,4357,-3.0
3676,4161,-1.0
3677,4140,-2.0
3678,4500,-1.0
3679,3393,-4.0
3680,3768,-3.0
3681,4500,-2.0
3682,3701,-5.0
3683,3627,-3.0
3684,3744,-5.0
3685,4500,-1.0
3686,3905,-7.0
3687,3655,-5.0
3688,3380,-8.0
3689,3769,5.0
3690,4301,-5.0
3691,4263,-5.0
3692,4497,-1.0
3693,4500,1.0
3694,4495,-2.0
3695,3713,2.0
3696,3745,-9.0
3697,4276,4.0
3698,4500,1.0
3699,4132,-6.0
3700,3764,-4.0
3701,4071,-4.0
3702,4072,4.0
3703,3958,-3.0
3704,4500,1.0
3705,4032,-5.0
3706,3877,-2.0
3707,4500,-1.0
3708,3228,-10.0
3709,4301,-3.0
3710,4500,-10.0
3711,4500,-1.0
3712,4500,-3.0
3713,3803,7.0
3714,4304,-1.0
3715,4259,4.0
3716,4144,-1.0
3717,4475,3.0
3718,3725,-7.0
3719,2716,-12.0
3720,4500,5.0
3721,4500,-1.0
3722,4015,-9.0
3723,4061,4.0
3724,3776,-4.0
3725,3446,-6.0
3726,2970,-9.0
3727,3580,-6.0
3728,3838,-5.0
3729,3479,-4.0
3730,4500,-4.0
3731,3444,-8.0
3732,3420,-14.0
3733,4500,2.0
3734,4145,-4.0
3735,3444,3.0
3736,3749,-8.0
3737,4500,0.0
3738,4500,0.0
3739,4286,-3.0
3740,4013,-7.0
3741,3996,2.0
3742,4362,-4.0
3743,4084,-2.0
3744,4130,-3.0
3745,4500,1.0
3746,4062,6.0
3747,3948,3.0
3748,4177,9.0
3749,4080,2.0
3750,3649,12.0
3751,4227,-1.0
3752,3943,-1.0
3753,4380,-1.0
3754,3352,-6.0
3755,4385,1.0
3756,4252,-5.0
3757,4138,-4.0
3758,3475,15.0
3759,4500,-2.0
3760,4457,-2.0
3761,3767,-7.0
3762,4500,1.0
3763,4059,4.0
3764,3766,-5.0
3765,4082,4.0
3766,4500,-5.0
3767,4097,5.0
3768,3270,13.0
3769,4239,5.0
3770,4500,1.0
3771,4500,1.0
3772,4500,-1.0
3773,4500,1.0
3774,3876,-5.0
3775,4315,-4.0
3776,4411,-7.0
3777,4039,-4.0
3778,4500,-1.0
3779,4500,-5.0
3780,4500,3.0
3781,4500,3.0
3782,4296,-2.0
3783,3652,7.0
3784,4007,-9.0
3785,4500,4.0
3786,4500,0.0
3787,4339,-2.0
3788,4160,3.0
3789,4466,-7.0
3790,4114,4.0
3791,3322,-9.0
3792,3815,8.0
3793,4500,2.0
3794,3685,5.0
3795,4318,-7.0
3796,3739,-5.0
3797,4500,0.0
3798,4500,3.0
3799,4147,4.0
3800,4241,-5.0
3801,4500,4.0
3802,3388,-5.0
3803,3274,-7.0
3804,3959,5.0
3805,3776,-5.0
3806,4278,5.0
3807,4500,0.0
3808,4500,2.0
3809,4115,-3.0
3810,4500,-1.0
3811,4500,-2.0
3812,3871,10.0
3813,4500,-2.0
3814,3479,-10.0
3815,4500,5.0
3816,4500,-1.0
3817,4500,0.0
3818,4143,-3.0
3819,4500,-1.0
3820,3747,-4.0
3821,4314,-1.0
3822,4500,1.0
3823,4500,-2.0
3824,4214,6.0
3825,3676,-8.0
3826,4500,1.0
3827,4500,1.0
3828,3682,-7.0
3829,4500,-1.0
3830,4041,3.0
3831,3677,7.0
3832,4500,6.0
3833,4356,2.0
3834,4500,-3.0
3835,4500,-2.0
3836,4425,-3.0
3837,4500,8.0
3838,3392,8.0
3839,4420,1.0
3840,3981,-3.0
3841,4500,-6.0
3842,3652,10.0
3843,4500,-3.0
3844,4500,0.0
3845,4500,0.0
3846,4500,0.0
3847,4391,10.0
3848,4414,-5.0
3849,4106,3.0
3850,4500,6.0
3851,4163,4.0
3852,4240,2.0
3853,3925,2.0
3854,4154,-1.0
3855,4385,4.0
3856,4500,7.0
3857,4342,1.0
3858,4144,2.0
3859,4399,-6.0
3860,4146,-10.0
3861,4349,-4.0
3862,4133,7.0
3863,3570,5.0
3864,4500,3.0
3865,4500,0.0
3866,4171,6.0
3867,4172,1.0
3868,4500,4.0
3869,2602,-11.0
3870,3275,12.0
3871,3535,-8.0
3872,3741,-6.0
3873,4297,6.0
3874,4500,0.0
3875,4500,3.0
3876,4023,6.0
3877,4473,5.0
3878,3594,8.0
3879,3707,10.0
3880,4500,-2.0
3881,4491,6.0
3882,4500,1.0
3883,4500,-3.0
3884,4156,2.0
3885,4500,4.0
3886,4424,5.0
3887,4500,3.0
3888,4147,8.0
3889,4500,9.0
3890,4500,-3.0
3891,4500,2.0
3892,3949,-8.0
3893,4500,5.0
3894,4500,-2.0
3895,4500,-9.0
3896,4500,5.0
3897,4186,-7.0
3898,4490,5.0
3899,4500,-2.0
3900,4500,5.0
3901,3977,-3.0
3902,3699,9.0
3903,4500,4.0
3904,4500,-2.0
3905,4444,4.0
3906,4500,4.0
3907,4073,6.0
3908,4345,3.0
3909,4347,4.0
3910,4500,-2.0
3911,4383,3.0
3912,4395,9.0
3913,4500,-1.0
3914,3553,14.0
3915,4197,3.0
3916,4447,6.0
3917,4188,9.0
3918,3794,5.0
3919,4293,5.0
3920,3428,9.0
3921,4147,10.0
3922,4500,1.0
3923,4077,10.0
3924,4377,10.0
3925,4410,10.0
3926,3615,9.0
3927,4500,6.0
3928,3702,12.0
3929,4500,5.0
3930,4500,5.0
3931,4287,7.0
3932,3890,9.0
3933,3899,8.0
3934,4090,8.0
3935,3694,4.0
3936,3542,9.0
3937,3444,14.0
3938,4175,-3.0
3939,3980,10.0
3940,3599,8.0
3941,4095,3.0
3942,4165,-6.0
3943,4500,-2.0
3944,4405,4.0
3945,3878,3.0
3946,3317,11.0
3947,4500,6.0
3948,4466,2.0
3949,4203,9.0
3950,4298,5.0
3951,3746,12.0
3952,4157,10.0
3953,4415,6.0
3954,3617,13.0
3955,4500,2.0
3956,3790,7.0
3957,3355,11.0
3958,3406,9.0
3959,4500,4.0
3960,4453,8.0
3961,3591,15.0
3962,3392,9.0
3963,4200,2.0
3964,3741,7.0
3965,4500,2.0
3966,4500,-1.0
3967,4491,4.0
3968,4343,8.0
3969,3693,8.0
3970,4500,4.0
3971,4384,7.0
3972,4400,-2.0
3973,4243,8.0
3974,4500,3.0
3975,4235,6.0
3976,3885,11.0
3977,3028,14.0
3978,4500,4.0
3979,4500,1.0
3980,4500,2.0
3981,4430,6.0
3982,3282,12.0
3983,4262,5.0
3984,4500,1.0
3985,3782,9.0
3986,4291,5.0
3987,4500,-1.0
3988,4385,5.0
3989,4007,7.0
3990,4500,1.0
3991,4475,-2.0
3992,3832,9.0
3993,4420,3.0
3994,4500,7.0
3995,4500,0.0
3996,3943,3.0
3997,4500,-3.0
3998,4500,3.0
3999,3443,11.0
4000,4360,7.0
4001,4500,11.0
4002,4047,6.0
4003,4332,-6.0
4004,4500,4.0
4005,4500,0.0
4006,4497,1.0
4007,4430,-2.0
4008,4393,11.0
4009,3803,10.0
4010,3753,7.0
4011,4306,7.0
4012,4009,2.0
4013,4227,6.0
4014,3958,7.0
4015,4015,11.0
4016,3559,13.0
4017,4500,4.0
4018,4500,3.0
4019,3936,7.0
4020,3768,8.0
4021,4500,-3.0
4022,4173,-5.0
4023,4500,2.0
4024,3983,9.0
4025,3857,4.0
4026,4410,2.0
4027,3497,12.0
4028,4284,13.0
4029,3450,10.0
4030,3433,13.0
4031,4500,3.0
4032,4228,10.0
4033,3536,11.0
4034,4203,3.0
4035,3986,4.0
4036,3819,13.0
4037,4104,10.0
4038,4500,10.0
4039,4500,0.0
4040,3748,8.0
4041,3745,11.0
4042,4429,2.0
4043,3423,12.0
4044,3976,6.0
4045,3869,5.0
4046,3956,7.0
4047,4416,4.0
4048,3398,11.0
4049,3585,9.0
4050,4321,2.0
4051,3092,13.0
4052,4067,5.0
4053,3617,6.0
4054,4070,6.0
4055,4183,9.0
4056,3625,15.0
4057,4350,8.0
4058,3914,9.0
4059,4500,4.0
4060,4147,8.0
4061,4500,5.0
4062,4500,1.0
4063,4219,6.0
4064,3749,9.0
4065,4037,5.0
4066,4364,5.0
4067,4500,0.0
4068,3490,10.0
4069,4500,3.0
4070,4151,5.0
4071,4500,-7.0
4072,3376,10.0
4073,4500,3.0
4074,3859,12.0
4075,3562,5.0
4076,4142,9.0
4077,4285,6.0
4078,3779,10.0
4079,2929,13.0
4080,3199,9.0
4081,4460,6.0
4082,3062,13.0
4083,3355,12.0
4084,2806,14.0
4085,3375,10.0
4086,3541,11.0
4087,4256,5.0
4088,3363,11.0
4089,3954,9.0
4090,4156,4.0
4091,3799,10.0
4092,3502,12.0
4093,3945,3.0
4094,3457,12.0
4095,3572,13.0
4096,4500,4.0
4097,4464,1.0
4098,3418,13.0
4099,3891,14.0
4100,4500,5.0
4101,3502,12.0
4102,3597,7.0
4103,3897,12.0
4104,4500,-1.0
4105,3166,12.0
4106,4039,4.0
4107,4489,11.0
4108,4292,12.0
4109,4237,6.0
4110,3666,14.0
4111,4485,8.0
4112,4399,6.0
4113,3147,17.0
4114,4500,4.0
4115,3947,6.0
4116,3537,12.0
4117,3920,9.0
4118,3475,14.0
4119,4063,10.0
4120,3721,8.0
4121,3685,7.0
4122,3804,10.0
4123,3626,6.0
4124,3565,11.0
4125,4500,6.0
4126,4058,5.0
4127,4112,6.0
4128,4500,0.0
4129,4419,6.0
4130,3908,11.0
4131,4254,1.0
4132,3646,12.0
4133,3882,7.0
4134,3938,5.0
4135,4258,4.0
4136,4500,0.0
4137,4500,1.0
4138,4226,10.0
4139,3867,10.0
4140,4500,-2.0
4141,4500,-2.0
4142,3555,11.0
4143,4500,0.0
4144,3215,14.0
4145,3389,15.0
4146,4500,5.0
4147,3579,11.0
4148,4033,11.0
4149,3347,7.0
4150,3081,11.0
4151,4443,10.0
4152,4500,4.0
4153,4206,4.0
4154,3798,9.0
4155,3850,12.0
4156,2961,14.0
4157,3703,-7.0
4158,3892,11.0
4159,4473,3.0
4160,3243,11.0
4161,4425,5.0
4162,4288,4.0
4163,4363,4.0
4164,3851,6.0
4165,4032,6.0
4166,3866,13.0
4167,4083,8.0
4168,4067,7.0
4169,3501,8.0
4170,4010,10.0
4171,3889,11.0
4172,3823,10.0
4173,4218,6.0
4174,3346,14.0
4175,3868,8.0
4176,4186,10.0
4177,3898,11.0
4178,4268,9.0
4179,3453,12.0
4180,4500,6.0
4181,3698,9.0
4182,3249,11.0
4183,4458,5.0
4184,4000,6.0
4185,3779,12.0
4186,3929,8.0
4187,3554,4.0
4188,3677,10.0
4189,4500,5.0
4190,3493,13.0
4191,4108,5.0
4192,4444,2.0
4193,4235,5.0
4194,4500,0.0
4195,3316,12.0
4196,3839,7.0
4197,3805,12.0
4198,4094,8.0
4199,3430,11.0
4200,3699,12.0
4201,3727,11.0
4202,4500,1.0
4203,4043,6.0
4204,4500,8.0
4205,3612,10.0
4206,3805,9.0
4207,4500,5.0
4208,3941,8.0
4209,3529,12.0
4210,2970,13.0
4211,3619,11.0
4212,3098,13.0
4213,4301,6.0
4214,3507,12.0
4215,3294,10.0
4216,4373,8.0
4217,3289,11.0
4218,3344,11.0
4219,3901,4.0
4220,4500,9.0
4221,3875,9.0
4222,3156,14.0
4223,4228,6.0
4224,4078,8.0
4225,4356,4.0
4226,4500,6.0
4227,4265,7.0
4228,4315,4.0
4229,4500,1.0
4230,4500,4.0
4231,3185,16.0
4232,3714,8.0
4233,3884,5.0
4234,3577,6.0
4235,3108,11.0
4236,3201,11.0
4237,3951,9.0
4238,3531,11.0
4239,3666,10.0
4240,4500,-2.0
4241,3070,15.0
4242,4252,7.0
4243,3967,12.0
4244,3505,11.0
4245,3589,11.0
4246,3958,12.0
4247,4490,7.0
4248,3434,12.0
4249,3029,14.0
4250,3922,8.0
4251,3529,13.0
4252,3499,10.0
4253,3439,10.0
4254,4152,8.0
4255,3864,11.0
4256,3694,10.0
4257,3832,6.0
4258,2957,10.0
4259,3621,9.0
4260,3502,9.0
4261,3903,11.0
4262,3840,9.0
4263,3654,13.0
4264,4160,9.0
4265,4328,11.0
4266,3467,7.0
4267,3134,9.0
4268,4500,1.0
4269,4484,9.0
4270,4434,2.0
4271,3886,10.0
4272,3646,12.0
4273,4184,9.0
4274,3937,6.0
4275,3337,12.0
4276,3965,10.0
4277,3742,8.0
4278,4500,2.0
4279,3402,8.0
4280,3680,12.0
4281,4183,5.0
4282,3470,10.0
4283,3657,11.0
4284,3462,11.0
4285,2505,17.0
4286,4419,8.0
4287,3504,6.0
4288,3647,12.0
4289,3099,14.0
4290,3400,9.0
4291,3911,6.0
4292,3160,10.0
4293,3506,11.0
4294,4184,11.0
4295,4500,0.0
4296,4311,-4.0
4297,4355,5.0
4298,3053,15.0
4299,3739,7.0
4300,3667,6.0
4301,4167,11.0
4302,3614,11.0
4303,4137,-2.0
4304,3179,11.0
4305,3148,16.0
4306,3212,14.0
4307,3518,10.0
4308,3544,12.0
4309,3794,12.0
4310,4135,6.0
4311,3100,14.0
4312,3567,14.0
4313,3267,16.0
4314,3344,13.0
4315,3890,7.0
4316,3960,10.0
4317,4246,7.0
4318,3595,9.0
4319,3241,10.0
4320,3527,7.0
4321,4050,9.0
4322,3563,11.0
4323,4352,2.0
4324,4500,7.0
4325,3681,12.0
4326,4163,12.0
4327,4043,8.0
4328,2855,16.0
4329,4069,7.0
4330,3664,9.0
4331,4277,11.0
4332,3452,11.0
4333,3617,13.0
4334,3856,9.0
4335,4500,0.0
4336,4090,11.0
4337,3588,11.0
4338,4244,8.0
4339,3997,12.0
4340,3125,12.0
4341,4132,9.0
4342,4238,7.0
4343,3303,14.0
4344,4143,10.0
4345,3714,12.0
4346,4349,4.0
4347,3404,11.0
4348,4326,7.0
4349,4009,8.0
4350,3632,8.0
4351,4254,5.0
4352,3577,8.0
4353,3866,10.0
4354,3606,10.0
4355,3651,11.0
4356,4122,10.0
4357,3596,11.0
4358,3876,5.0
4359,3911,12.0
4360,3898,10.0
4361,4261,9.0
4362,4301,3.0
4363,3607,8.0
4364,4320,9.0
4365,3080,11.0
4366,3182,13.0
4367,4164,12.0
4368,4133,9.0
4369,3109,13.0
4370,4173,9.0
4371,4500,0.0
4372,3354,11.0
4373,4500,1.0
4374,3297,13.0
4375,4074,7.0
4376,4317,2.0
4377,4389,7.0
4378,3127,14.0
4379,3440,18.0
4380,4478,8.0
4381,3223,12.0
4382,4085,10.0
4383,3882,6.0
4384,4500,9.0
4385,3708,11.0
4386,4266,11.0
4387,3738,16.0
4388,3471,14.0
4389,3440,11.0
4390,4106,7.0
4391,3984,8.0
4392,3880,8.0
4393,3581,14.0
4394,4121,10.0
4395,4174,10.0
4396,3885,11.0
4397,3825,5.0
4398,3081,13.0
4399,4320,9.0
4400,3367,10.0
4401,4397,7.0
4402,4307,8.0
4403,3449,15.0
4404,3314,11.0
4405,3404,10.0
4406,3648,14.0
4407,3566,14.0
4408,3796,8.0
4409,3806,12.0
4410,3071,13.0
4411,4099,8.0
4412,3291,9.0
4413,4123,10.0
4414,4008,11.0
4415,4500,7.0
4416,3193,11.0
4417,3972,9.0
4418,3384,12.0
4419,3644,8.0
4420,4185,5.0
4421,2940,15.0
4422,3532,14.0
4423,3078,17.0
4424,3704,9.0
4425,3978,3.0
4426,3290,11.0
4427,3093,16.0
4428,3341,13.0
4429,4142,10.0
4430,3750,6.0
4431,3588,9.0
4432,3463,11.0
4433,4500,3.0
4434,3844,10.0
4435,3928,9.0
4436,3750,7.0
4437,3893,11.0
4438,3211,15.0
4439,4500,1.0
4440,4500,11.0
4441,3629,11.0
4442,4097,16.0
4443,3102,13.0
4444,3457,13.0
4445,3403,10.0
4446,3273,10.0
4447,3799,10.0
4448,3304,11.0
4449,3636,7.0
4450,3423,12.0
4451,3681,9.0
4452,3178,14.0
4453,3380,13.0
4454,3334,13.0
4455,3530,8.0
4456,3661,12.0
4457,4015,8.0
4458,2612,15.0
4459,3181,10.0
4460,3664,9.0
4461,3996,12.0
4462,3477,12.0
4463,4138,9.0
4464,3897,9.0
4465,3718,15.0
4466,3313,12.0
4467,3568,8.0
4468,3314,15.0
4469,2945,15.0
4470,4016,8.0
4471,4061,9.0
4472,3043,15.0
4473,2917,14.0
4474,4133,6.0
4475,4129,13.0
4476,4498,8.0
4477,2984,13.0
4478,4082,9.0
4479,3366,9.0
4480,4141,7.0
4481,3873,7.0
4482,4287,7.0
4483,3360,6.0
4484,3596,13.0
4485,3412,16.0
4486,3177,12.0
4487,3121,15.0
4488,3368,11.0
4489,3806,14.0
4490,3476,11.0
4491,3300,11.0
4492,4087,5.0
4493,3345,8.0
4494,3318,9.0
4495,3501,10.0
4496,4243,8.0
4497,3281,14.0
4498,4020,8.0
4499,4482,7.0
4500,4207,4.0
4501,3835,14.0
4502,3688,9.0
4503,3634,10.0
4504,4478,3.0
4505,2894,10.0
4506,3831,5.0
4507,4123,3.0
4508,4213,9.0
4509,4214,1.0
4510,3844,10.0
4511,3177,12.0
4512,3618,8.0
4513,4429,4.0
4514,3389,15.0
4515,3619,13.0
4516,4104,9.0
4517,3930,9.0
4518,3625,8.0
4519,3798,13.0
4520,4021,6.0
4521,3102,12.0
4522,3905,11.0
4523,3226,12.0
4524,3105,11.0
4525,3622,9.0
4526,4500,6.0
4527,2874,17.0
4528,3655,7.0
4529,2285,19.0
4530,2956,15.0
4531,3508,15.0
4532,4038,11.0
4533,3482,8.0
4534,4111,6.0
4535,3166,11.0
4536,4240,11.0
4537,3823,8.0
4538,3465,10.0
4539,3779,12.0
4540,3353,11.0
4541,3936,7.0
4542,3973,10.0
4543,3071,17.0
4544,3312,11.0
4545,3251,13.0
4546,3666,8.0
4547,3918,5.0
4548,3580,10.0
4549,3545,11.0
4550,3375,15.0
4551,3199,12.0
4552,3276,12.0
4553,3430,13.0
4554,3498,12.0
4555,4500,3.0
4556,3595,11.0
4557,3762,11.0
4558,3989,12.0
4559,4500,6.0
4560,3239,10.0
4561,3117,12.0
4562,4456,8.0
4563,3922,6.0
4564,4129,8.0
4565,4138,15.0
4566,4400,10.0
4567,3467,12.0
4568,2677,16.0
4569,4500,2.0
4570,3220,16.0
4571,3052,15.0
4572,3846,12.0
4573,3886,6.0
4574,3679,5.0
4575,3382,10.0
4576,3409,14.0
4577,3776,3.0
4578,3403,9.0
4579,3493,7.0
4580,2815,15.0
4581,3095,15.0
4582,3711,12.0
4583,3802,7.0
4584,3389,7.0
4585,3348,14.0
4586,3232,9.0
4587,3214,10.0
4588,4300,10.0
4589,3326,12.0
4590,4095,8.0
4591,3362,7.0
4592,4307,3.0
4593,3580,11.0
4594,3340,11.0
4595,3178,13.0
4596,2594,15.0
4597,3739,12.0
4598,3926,7.0
4599,4100,8.0
4600,3455,12.0
4601,3369,12.0
4602,3376,11.0
4603,2961,14.0
4604,4390,4.0
4605,3113,12.0
4606,3679,10.0
4607,4500,1.0
4608,3241,12.0
4609,3432,12.0
4610,3966,4.0
4611,3751,11.0
4612,3067,14.0
4613,3682,9.0
4614,2766,14.0
4615,4268,6.0
4616,4159,8.0
4617,3770,7.0
4618,3419,15.0
4619,4362,7.0
4620,3080,14.0
4621,3781,9.0
4622,4223,12.0
4623,3715,10.0
4624,3457,13.0
4625,3306,11.0
4626,3221,10.0
4627,3095,14.0
4628,3533,14.0
4629,3786,11.0
4630,3929,9.0
4631,3907,-1.0
4632,2742,11.0
4633,4369,6.0
4634,3497,-4.0
4635,4035,7.0
4636,3904,12.0
4637,3623,9.0
4638,4063,6.0
4639,3989,14.0
4640,2631,15.0
4641,4226,7.0
4642,3562,4.0
4643,3243,13.0
4644,3958,11.0
4645,3744,13.0
4646,3483,12.0
4647,3752,11.0
4648,2869,17.0
4649,4036,12.0
4650,4079,8.0
