0,789,-21.0
1,868,-20.0
2,879,-21.0
3,880,-21.0
4,899,-20.0
5,908,-20.0
6,921,-20.0
7,975,-19.0
8,815,-21.0
9,938,-21.0
10,859,-21.0
11,894,-21.0
12,865,-21.0
13,1040,-20.0
14,945,-20.0
15,1051,-20.0
16,814,-21.0
17,898,-20.0
18,937,-21.0
19,761,-21.0
20,903,-21.0
21,854,-21.0
22,1114,-19.0
23,1121,-20.0
24,817,-21.0
25,758,-21.0
26,755,-21.0
27,760,-21.0
28,789,-21.0
29,763,-21.0
30,754,-21.0
31,762,-21.0
32,756,-21.0
33,755,-21.0
34,758,-21.0
35,754,-21.0
36,818,-21.0
37,762,-21.0
38,931,-19.0
39,837,-20.0
40,806,-21.0
41,816,-21.0
42,822,-21.0
43,1121,-20.0
44,994,-19.0
45,892,-21.0
46,1020,-20.0
47,1014,-20.0
48,912,-20.0
49,922,-20.0
50,866,-20.0
51,986,-20.0
52,890,-21.0
53,758,-21.0
54,894,-20.0
55,782,-21.0
56,889,-20.0
57,867,-20.0
58,825,-21.0
59,936,-19.0
60,927,-20.0
61,1047,-20.0
62,1081,-20.0
63,964,-21.0
64,924,-21.0
65,783,-21.0
66,906,-21.0
67,820,-21.0
68,1186,-20.0
69,919,-20.0
70,1224,-19.0
71,961,-19.0
72,1030,-20.0
73,1025,-21.0
74,972,-19.0
75,963,-19.0
76,1218,-18.0
77,820,-21.0
78,843,-21.0
79,905,-21.0
80,899,-21.0
81,820,-21.0
82,1021,-21.0
83,917,-20.0
84,869,-21.0
85,925,-20.0
86,864,-21.0
87,1077,-20.0
88,810,-21.0
89,912,-21.0
90,938,-21.0
91,862,-21.0
92,1017,-20.0
93,864,-20.0
94,930,-19.0
95,850,-21.0
96,834,-21.0
97,1031,-19.0
98,838,-20.0
99,1024,-20.0
100,988,-19.0
101,998,-19.0
102,903,-21.0
103,755,-21.0
104,1100,-18.0
105,785,-21.0
106,939,-21.0
107,841,-21.0
108,846,-21.0
109,820,-21.0
110,840,-20.0
111,899,-20.0
112,990,-19.0
113,901,-20.0
114,817,-21.0
115,883,-20.0
116,975,-19.0
117,808,-21.0
118,864,-20.0
119,897,-20.0
120,1033,-20.0
121,901,-20.0
122,1026,-21.0
123,838,-20.0
124,839,-21.0
125,814,-21.0
126,1103,-21.0
127,846,-21.0
128,862,-21.0
129,760,-21.0
130,1096,-20.0
131,897,-21.0
132,814,-21.0
133,1103,-20.0
134,869,-20.0
135,865,-21.0
136,815,-21.0
137,1021,-21.0
138,783,-21.0
139,1042,-19.0
140,861,-20.0
141,979,-19.0
142,842,-21.0
143,914,-20.0
144,879,-21.0
145,872,-21.0
146,933,-21.0
147,992,-19.0
148,1100,-20.0
149,820,-21.0
150,941,-21.0
151,821,-21.0
152,776,-21.0
153,872,-21.0
154,966,-20.0
155,831,-21.0
156,821,-21.0
157,940,-21.0
158,877,-21.0
159,899,-20.0
160,836,-20.0
161,861,-21.0
162,962,-20.0
163,942,-20.0
164,1019,-20.0
165,902,-21.0
166,1169,-20.0
167,816,-21.0
168,843,-21.0
169,821,-21.0
170,924,-20.0
171,846,-21.0
172,820,-21.0
173,840,-20.0
174,819,-21.0
175,860,-20.0
176,899,-21.0
177,900,-21.0
178,979,-19.0
179,972,-20.0
180,874,-21.0
181,1036,-20.0
182,755,-21.0
183,781,-21.0
184,1110,-19.0
185,821,-21.0
186,870,-21.0
187,876,-21.0
188,1020,-20.0
189,1035,-19.0
190,953,-20.0
191,1072,-19.0
192,1119,-21.0
193,842,-21.0
194,963,-20.0
195,754,-21.0
196,1016,-19.0
197,982,-20.0
198,904,-21.0
199,814,-21.0
200,762,-21.0
201,884,-21.0
202,755,-21.0
203,879,-21.0
204,927,-19.0
205,949,-21.0
206,999,-19.0
207,1072,-18.0
208,870,-21.0
209,927,-20.0
210,850,-21.0
211,883,-21.0
212,1001,-20.0
213,837,-20.0
214,872,-21.0
215,834,-20.0
216,943,-19.0
217,858,-21.0
218,837,-20.0
219,1033,-18.0
220,899,-20.0
221,951,-20.0
222,1100,-19.0
223,835,-20.0
224,912,-19.0
225,1010,-20.0
226,899,-20.0
227,1019,-19.0
228,936,-21.0
229,841,-21.0
230,774,-21.0
231,813,-21.0
232,815,-21.0
233,836,-20.0
234,865,-21.0
235,866,-20.0
236,957,-20.0
237,983,-19.0
238,840,-20.0
239,783,-21.0
240,857,-20.0
241,835,-21.0
242,985,-20.0
243,964,-21.0
244,987,-21.0
245,971,-19.0
246,1034,-19.0
247,1090,-19.0
248,898,-21.0
249,785,-21.0
250,760,-21.0
251,991,-20.0
252,950,-20.0
253,815,-21.0
254,932,-21.0
255,960,-21.0
256,997,-19.0
257,816,-21.0
258,818,-21.0
259,953,-20.0
260,816,-21.0
261,950,-20.0
262,878,-21.0
263,789,-21.0
264,781,-21.0
265,1095,-20.0
266,761,-21.0
267,1094,-20.0
268,821,-21.0
269,947,-19.0
270,781,-21.0
271,789,-21.0
272,1018,-20.0
273,912,-20.0
274,806,-21.0
275,960,-21.0
276,1081,-20.0
277,934,-20.0
278,843,-21.0
279,909,-21.0
280,814,-21.0
281,884,-20.0
282,958,-20.0
283,953,-20.0
284,1032,-21.0
285,759,-21.0
286,938,-21.0
287,1082,-20.0
288,814,-21.0
289,852,-21.0
290,1006,-20.0
291,1168,-19.0
292,895,-20.0
293,875,-21.0
294,803,-21.0
295,918,-20.0
296,802,-21.0
297,775,-21.0
298,1016,-20.0
299,1018,-20.0
300,901,-20.0
301,877,-21.0
302,984,-20.0
303,939,-21.0
304,1037,-19.0
305,815,-21.0
306,1041,-20.0
307,864,-21.0
308,982,-21.0
309,782,-21.0
310,1098,-20.0
311,870,-21.0
312,1078,-20.0
313,1037,-18.0
314,923,-20.0
315,1082,-19.0
316,1011,-21.0
317,946,-20.0
318,1028,-21.0
319,820,-21.0
320,996,-21.0
321,844,-21.0
322,925,-20.0
323,878,-21.0
324,967,-19.0
325,914,-20.0
326,835,-20.0
327,840,-20.0
328,811,-21.0
329,1154,-19.0
330,996,-21.0
331,864,-21.0
332,947,-21.0
333,854,-21.0
334,984,-20.0
335,878,-20.0
336,806,-21.0
337,926,-20.0
338,1189,-20.0
339,967,-21.0
340,1036,-20.0
341,862,-20.0
342,864,-20.0
343,1048,-19.0
344,785,-21.0
345,836,-21.0
346,926,-20.0
347,801,-21.0
348,860,-20.0
349,780,-21.0
350,1051,-21.0
351,1019,-20.0
352,1000,-21.0
353,956,-20.0
354,1174,-21.0
355,955,-20.0
356,1025,-19.0
357,963,-20.0
358,965,-21.0
359,929,-20.0
360,885,-21.0
361,1112,-20.0
362,927,-19.0
363,776,-21.0
364,977,-20.0
365,907,-21.0
366,912,-21.0
367,1000,-21.0
368,991,-20.0
369,998,-21.0
370,955,-19.0
371,786,-21.0
372,932,-21.0
373,836,-21.0
374,880,-21.0
375,943,-20.0
376,910,-20.0
377,1114,-21.0
378,785,-21.0
379,1043,-19.0
380,758,-21.0
381,1164,-17.0
382,1059,-20.0
383,781,-21.0
384,1123,-20.0
385,1228,-16.0
386,983,-19.0
387,943,-21.0
388,962,-21.0
389,883,-21.0
390,1075,-20.0
391,913,-20.0
392,962,-21.0
393,944,-20.0
394,1108,-21.0
395,892,-20.0
396,895,-21.0
397,773,-21.0
398,955,-21.0
399,862,-21.0
400,877,-21.0
401,1054,-20.0
402,1068,-19.0
403,1058,-19.0
404,875,-21.0
405,951,-19.0
406,834,-20.0
407,1033,-20.0
408,1027,-21.0
409,839,-20.0
410,824,-21.0
411,899,-20.0
412,876,-21.0
413,844,-21.0
414,775,-21.0
415,996,-21.0
416,850,-21.0
417,897,-20.0
418,836,-20.0
419,817,-21.0
420,926,-20.0
421,883,-21.0
422,875,-21.0
423,774,-21.0
424,984,-20.0
425,831,-20.0
426,1141,-20.0
427,788,-21.0
428,959,-20.0
429,972,-21.0
430,1001,-21.0
431,867,-20.0
432,1053,-19.0
433,991,-20.0
434,911,-21.0
435,1020,-19.0
436,1067,-20.0
437,773,-21.0
438,1023,-18.0
439,950,-21.0
440,864,-21.0
441,944,-20.0
442,1073,-19.0
443,988,-20.0
444,837,-20.0
445,905,-21.0
446,1017,-18.0
447,1000,-21.0
448,790,-21.0
449,816,-21.0
450,912,-20.0
451,1164,-18.0
452,844,-21.0
453,884,-20.0
454,914,-20.0
455,837,-20.0
456,850,-21.0
457,817,-21.0
458,895,-20.0
459,878,-21.0
460,1138,-20.0
461,817,-21.0
462,1062,-20.0
463,762,-21.0
464,954,-20.0
465,1177,-20.0
466,1004,-19.0
467,891,-20.0
468,784,-21.0
469,1082,-21.0
470,972,-21.0
471,941,-21.0
472,975,-21.0
473,988,-20.0
474,960,-21.0
475,1084,-19.0
476,940,-21.0
477,970,-21.0
478,891,-21.0
479,1060,-19.0
480,1019,-19.0
481,820,-21.0
482,903,-21.0
483,1056,-18.0
484,879,-21.0
485,1087,-19.0
486,894,-20.0
487,954,-20.0
488,869,-21.0
489,1131,-19.0
490,1004,-20.0
491,1000,-21.0
492,816,-21.0
493,863,-20.0
494,1031,-21.0
495,783,-21.0
496,1036,-19.0
497,925,-19.0
498,997,-21.0
499,1015,-20.0
500,939,-21.0
501,880,-21.0
502,962,-19.0
503,874,-21.0
504,896,-20.0
505,963,-21.0
506,791,-21.0
507,1100,-20.0
508,1052,-20.0
509,783,-21.0
510,1222,-18.0
511,817,-21.0
512,975,-20.0
513,849,-21.0
514,869,-21.0
515,914,-21.0
516,1092,-19.0
517,947,-20.0
518,1171,-18.0
519,993,-19.0
520,946,-20.0
521,762,-21.0
522,990,-20.0
523,977,-20.0
524,875,-21.0
525,875,-21.0
526,842,-21.0
527,816,-21.0
528,878,-21.0
529,893,-21.0
530,953,-21.0
531,776,-21.0
532,848,-21.0
533,919,-20.0
534,864,-20.0
535,1149,-20.0
536,787,-21.0
537,868,-20.0
538,900,-21.0
539,785,-21.0
540,1068,-18.0
541,775,-21.0
542,907,-20.0
543,943,-21.0
544,878,-21.0
545,990,-20.0
546,780,-21.0
547,786,-21.0
548,858,-20.0
549,819,-21.0
550,910,-21.0
551,914,-20.0
552,814,-21.0
553,790,-21.0
554,814,-21.0
555,790,-21.0
556,901,-20.0
557,879,-21.0
558,790,-21.0
559,884,-20.0
560,821,-21.0
561,1091,-17.0
562,823,-21.0
563,861,-20.0
564,872,-21.0
565,867,-20.0
566,873,-21.0
567,915,-20.0
568,947,-20.0
569,877,-20.0
570,905,-21.0
571,779,-21.0
572,1047,-20.0
573,1077,-19.0
574,868,-20.0
575,992,-21.0
576,860,-21.0
577,926,-20.0
578,1070,-19.0
579,1179,-19.0
580,971,-21.0
581,823,-21.0
582,1056,-19.0
583,867,-21.0
584,864,-20.0
585,801,-21.0
586,894,-20.0
587,969,-19.0
588,971,-19.0
589,854,-21.0
590,849,-21.0
591,813,-21.0
592,877,-21.0
593,926,-20.0
594,1032,-21.0
595,821,-21.0
596,820,-21.0
597,786,-21.0
598,850,-21.0
599,1082,-17.0
600,846,-21.0
601,923,-20.0
602,878,-21.0
603,880,-21.0
604,816,-21.0
605,787,-21.0
606,1071,-19.0
607,876,-20.0
608,983,-20.0
609,969,-21.0
610,960,-20.0
611,905,-21.0
612,805,-21.0
613,961,-20.0
614,883,-20.0
615,1020,-20.0
616,990,-19.0
617,807,-21.0
618,863,-21.0
619,1080,-19.0
620,941,-21.0
621,1006,-20.0
622,849,-21.0
623,828,-20.0
624,1194,-18.0
625,1230,-18.0
626,929,-20.0
627,852,-21.0
628,923,-21.0
629,1098,-20.0
630,818,-21.0
631,1131,-19.0
632,821,-21.0
633,1111,-19.0
634,973,-21.0
635,1018,-20.0
636,791,-21.0
637,835,-20.0
638,828,-20.0
639,872,-21.0
640,854,-21.0
641,859,-20.0
642,816,-21.0
643,920,-20.0
644,943,-21.0
645,971,-20.0
646,850,-21.0
647,942,-21.0
648,972,-20.0
649,778,-21.0
650,844,-21.0
651,1001,-21.0
652,958,-20.0
653,823,-21.0
654,939,-20.0
655,1083,-19.0
656,833,-20.0
657,1245,-18.0
658,876,-21.0
659,969,-20.0
660,824,-21.0
661,817,-21.0
662,818,-21.0
663,837,-20.0
664,816,-21.0
665,925,-20.0
666,876,-21.0
667,1005,-19.0
668,786,-21.0
669,1011,-20.0
670,840,-20.0
671,1092,-20.0
672,1151,-19.0
673,822,-21.0
674,915,-20.0
675,881,-21.0
676,852,-21.0
677,893,-20.0
678,999,-20.0
679,898,-20.0
680,943,-21.0
681,904,-21.0
682,907,-21.0
683,927,-19.0
684,881,-21.0
685,879,-21.0
686,973,-20.0
687,1208,-19.0
688,775,-21.0
689,956,-20.0
690,845,-21.0
691,847,-21.0
692,957,-20.0
693,788,-21.0
694,1061,-20.0
695,1041,-20.0
696,1097,-19.0
697,1019,-19.0
698,1052,-19.0
699,818,-21.0
700,1158,-19.0
701,1058,-19.0
702,966,-21.0
703,815,-21.0
704,874,-21.0
705,972,-21.0
706,823,-21.0
707,1110,-18.0
708,1323,-18.0
709,898,-21.0
710,1005,-19.0
711,1123,-20.0
712,819,-21.0
713,934,-19.0
714,1113,-21.0
715,903,-21.0
716,815,-21.0
717,816,-21.0
718,785,-21.0
719,774,-21.0
720,908,-21.0
721,901,-21.0
722,982,-20.0
723,822,-21.0
724,848,-21.0
725,899,-20.0
726,992,-20.0
727,905,-21.0
728,1015,-20.0
729,1105,-20.0
730,997,-21.0
731,947,-20.0
732,784,-21.0
733,1041,-20.0
734,1122,-17.0
735,910,-20.0
736,814,-21.0
737,823,-21.0
738,1074,-20.0
739,814,-21.0
740,965,-21.0
741,844,-21.0
742,899,-21.0
743,1046,-20.0
744,914,-20.0
745,888,-20.0
746,1035,-20.0
747,757,-21.0
748,981,-20.0
749,978,-19.0
750,869,-21.0
751,991,-20.0
752,777,-21.0
753,1145,-18.0
754,835,-20.0
755,919,-20.0
756,969,-21.0
757,842,-21.0
758,942,-21.0
759,805,-21.0
760,923,-21.0
761,808,-21.0
762,1184,-20.0
763,796,-21.0
764,929,-20.0
765,1140,-19.0
766,957,-19.0
767,1044,-20.0
768,812,-21.0
769,1077,-21.0
770,1080,-19.0
771,906,-21.0
772,1142,-20.0
773,1018,-21.0
774,960,-21.0
775,841,-20.0
776,1052,-19.0
777,1199,-18.0
778,972,-21.0
779,820,-21.0
780,1172,-21.0
781,934,-21.0
782,1004,-20.0
783,1055,-21.0
784,804,-21.0
785,893,-21.0
786,853,-21.0
787,1112,-19.0
788,972,-21.0
789,893,-20.0
790,878,-21.0
791,1092,-19.0
792,912,-21.0
793,982,-20.0
794,1008,-20.0
795,898,-21.0
796,923,-20.0
797,758,-21.0
798,990,-20.0
799,865,-21.0
800,822,-21.0
801,1007,-19.0
802,1086,-20.0
803,934,-21.0
804,821,-21.0
805,883,-21.0
806,1024,-21.0
807,954,-20.0
808,953,-20.0
809,884,-21.0
810,883,-21.0
811,1021,-21.0
812,976,-20.0
813,843,-21.0
814,1015,-20.0
815,822,-21.0
816,785,-21.0
817,1063,-21.0
818,855,-21.0
819,954,-21.0
820,949,-21.0
821,1075,-20.0
822,845,-21.0
823,904,-21.0
824,966,-20.0
825,817,-21.0
826,1065,-19.0
827,823,-21.0
828,924,-21.0
829,836,-20.0
830,975,-20.0
831,928,-20.0
832,993,-19.0
833,1086,-18.0
834,834,-21.0
835,978,-20.0
836,993,-19.0
837,982,-20.0
838,990,-21.0
839,936,-21.0
840,1169,-20.0
841,917,-20.0
842,944,-21.0
843,819,-21.0
844,816,-21.0
845,838,-21.0
846,980,-19.0
847,1200,-18.0
848,1098,-19.0
849,805,-21.0
850,857,-21.0
851,1097,-18.0
852,873,-21.0
853,991,-21.0
854,861,-21.0
855,901,-20.0
856,785,-21.0
857,785,-21.0
858,837,-20.0
859,1104,-20.0
860,831,-20.0
861,838,-20.0
862,1039,-20.0
863,862,-20.0
864,851,-21.0
865,1026,-21.0
866,991,-21.0
867,966,-19.0
868,1023,-20.0
869,893,-20.0
870,896,-20.0
871,791,-21.0
872,946,-20.0
873,897,-21.0
874,892,-21.0
875,932,-21.0
876,1143,-19.0
877,951,-20.0
878,1020,-19.0
879,905,-21.0
880,980,-20.0
881,858,-20.0
882,757,-21.0
883,907,-21.0
884,1177,-17.0
885,815,-21.0
886,1104,-20.0
887,899,-20.0
888,1072,-18.0
889,838,-20.0
890,964,-21.0
891,878,-21.0
892,978,-19.0
893,984,-20.0
894,1045,-19.0
895,777,-21.0
896,812,-21.0
897,971,-20.0
898,935,-21.0
899,1033,-20.0
900,971,-20.0
901,831,-21.0
902,889,-20.0
903,1201,-19.0
904,1012,-19.0
905,876,-21.0
906,836,-20.0
907,817,-21.0
908,1124,-19.0
909,787,-21.0
910,837,-20.0
911,1046,-20.0
912,885,-20.0
913,821,-21.0
914,834,-20.0
915,933,-19.0
916,948,-20.0
917,923,-20.0
918,1027,-20.0
919,816,-21.0
920,787,-21.0
921,791,-21.0
922,1003,-21.0
923,1088,-18.0
924,890,-20.0
925,845,-21.0
926,1137,-19.0
927,976,-20.0
928,934,-21.0
929,879,-21.0
930,821,-21.0
931,940,-20.0
932,902,-21.0
933,983,-20.0
934,841,-20.0
935,847,-21.0
936,956,-20.0
937,1032,-19.0
938,1044,-20.0
939,1004,-20.0
940,1178,-19.0
941,962,-21.0
942,820,-21.0
943,908,-21.0
944,949,-21.0
945,942,-21.0
946,1032,-20.0
947,967,-21.0
948,987,-20.0
949,849,-21.0
950,828,-20.0
951,866,-20.0
952,1071,-20.0
953,875,-21.0
954,880,-21.0
955,874,-21.0
956,1024,-19.0
957,873,-21.0
958,1182,-20.0
959,866,-20.0
960,1026,-20.0
961,836,-21.0
962,1090,-20.0
963,901,-20.0
964,907,-21.0
965,1024,-19.0
966,818,-21.0
967,879,-21.0
968,889,-20.0
969,801,-21.0
970,885,-20.0
971,946,-20.0
972,913,-20.0
973,818,-21.0
974,891,-20.0
975,851,-21.0
976,981,-19.0
977,782,-21.0
978,836,-21.0
979,862,-20.0
980,1148,-20.0
981,790,-21.0
982,971,-20.0
983,1117,-19.0
984,926,-20.0
985,1002,-19.0
986,1015,-21.0
987,855,-20.0
988,842,-21.0
989,818,-21.0
990,887,-20.0
991,1073,-18.0
992,868,-21.0
993,816,-21.0
994,838,-20.0
995,772,-21.0
996,831,-20.0
997,881,-20.0
998,840,-21.0
999,916,-20.0
1000,846,-21.0
1001,876,-21.0
1002,1043,-19.0
1003,1132,-18.0
1004,782,-21.0
1005,1039,-20.0
1006,882,-21.0
1007,1052,-19.0
1008,868,-20.0
1009,896,-21.0
1010,986,-20.0
1011,1102,-18.0
1012,942,-20.0
1013,1055,-20.0
1014,1118,-20.0
1015,841,-21.0
1016,940,-20.0
1017,970,-19.0
1018,997,-20.0
1019,958,-19.0
1020,837,-20.0
1021,900,-21.0
1022,1141,-20.0
1023,842,-21.0
1024,821,-21.0
1025,775,-21.0
1026,899,-20.0
1027,1090,-18.0
1028,1216,-19.0
1029,938,-20.0
1030,821,-21.0
1031,972,-20.0
1032,891,-21.0
1033,961,-20.0
1034,819,-21.0
1035,935,-19.0
1036,876,-21.0
1037,926,-21.0
1038,1069,-20.0
1039,833,-20.0
1040,874,-21.0
1041,1008,-20.0
1042,959,-20.0
1043,1108,-21.0
1044,900,-20.0
1045,1186,-17.0
1046,827,-21.0
1047,921,-20.0
1048,1000,-20.0
1049,970,-21.0
1050,821,-21.0
1051,1314,-20.0
1052,992,-19.0
1053,941,-21.0
1054,816,-21.0
1055,900,-21.0
1056,823,-21.0
1057,943,-21.0
1058,953,-20.0
1059,955,-21.0
1060,955,-20.0
1061,834,-20.0
1062,1026,-18.0
1063,951,-20.0
1064,1046,-19.0
1065,902,-20.0
1066,1078,-19.0
1067,899,-21.0
1068,954,-21.0
1069,1095,-19.0
1070,898,-20.0
1071,1023,-21.0
1072,926,-20.0
1073,899,-21.0
1074,881,-21.0
1075,1001,-21.0
1076,982,-21.0
1077,1040,-20.0
1078,930,-20.0
1079,805,-21.0
1080,980,-19.0
1081,862,-21.0
1082,1005,-20.0
1083,957,-20.0
1084,841,-20.0
1085,1172,-19.0
1086,895,-20.0
1087,844,-21.0
1088,909,-20.0
1089,783,-21.0
1090,904,-21.0
1091,787,-21.0
1092,893,-20.0
1093,1013,-21.0
1094,892,-20.0
1095,835,-20.0
1096,855,-21.0
1097,1155,-19.0
1098,1068,-18.0
1099,1090,-19.0
1100,1057,-20.0
1101,1002,-19.0
1102,811,-21.0
1103,1021,-19.0
1104,835,-21.0
1105,912,-21.0
1106,935,-21.0
1107,824,-21.0
1108,872,-21.0
1109,930,-20.0
1110,1080,-18.0
1111,880,-21.0
1112,868,-21.0
1113,782,-21.0
1114,877,-21.0
1115,907,-19.0
1116,885,-21.0
1117,1155,-20.0
1118,1177,-18.0
1119,1229,-19.0
1120,982,-21.0
1121,921,-20.0
1122,940,-21.0
1123,1003,-19.0
1124,901,-21.0
1125,957,-20.0
1126,1000,-20.0
1127,836,-21.0
1128,993,-21.0
1129,882,-21.0
1130,929,-20.0
1131,935,-19.0
1132,1001,-21.0
1133,898,-20.0
1134,980,-20.0
1135,781,-21.0
1136,1138,-18.0
1137,895,-20.0
1138,939,-21.0
1139,926,-20.0
1140,1046,-20.0
1141,981,-20.0
1142,870,-21.0
1143,935,-21.0
1144,1124,-19.0
1145,902,-21.0
1146,971,-19.0
1147,1011,-20.0
1148,1102,-20.0
1149,849,-21.0
1150,930,-19.0
1151,980,-21.0
1152,781,-21.0
1153,1008,-21.0
1154,848,-21.0
1155,951,-21.0
1156,877,-21.0
1157,855,-21.0
1158,857,-20.0
1159,1096,-19.0
1160,965,-20.0
1161,880,-20.0
1162,776,-21.0
1163,894,-21.0
1164,973,-21.0
1165,808,-21.0
1166,823,-21.0
1167,941,-21.0
1168,877,-21.0
1169,955,-20.0
1170,895,-20.0
1171,833,-20.0
1172,872,-21.0
1173,938,-21.0
1174,1104,-20.0
1175,875,-21.0
1176,1026,-20.0
1177,758,-21.0
1178,1034,-20.0
1179,998,-21.0
1180,975,-20.0
1181,1145,-20.0
1182,1159,-20.0
1183,1169,-20.0
1184,1091,-21.0
1185,1086,-18.0
1186,903,-21.0
1187,1172,-20.0
1188,810,-21.0
1189,881,-21.0
1190,945,-20.0
1191,984,-18.0
1192,1355,-19.0
1193,836,-20.0
1194,961,-21.0
1195,977,-20.0
1196,1016,-21.0
1197,1039,-19.0
1198,896,-20.0
1199,913,-20.0
1200,791,-21.0
1201,834,-21.0
1202,1011,-21.0
1203,776,-21.0
1204,1325,-19.0
1205,967,-21.0
1206,964,-19.0
1207,1022,-21.0
1208,964,-21.0
1209,967,-19.0
1210,843,-21.0
1211,948,-21.0
1212,1096,-20.0
1213,824,-21.0
1214,991,-20.0
1215,1165,-20.0
1216,974,-19.0
1217,841,-21.0
1218,998,-19.0
1219,908,-21.0
1220,1172,-18.0
1221,908,-21.0
1222,1015,-21.0
1223,1079,-21.0
1224,1052,-19.0
1225,842,-21.0
1226,899,-20.0
1227,955,-20.0
1228,1072,-21.0
1229,926,-21.0
1230,848,-21.0
1231,1016,-21.0
1232,968,-21.0
1233,1011,-20.0
1234,875,-21.0
1235,1042,-19.0
1236,814,-21.0
1237,848,-21.0
1238,877,-21.0
1239,1032,-20.0
1240,782,-21.0
1241,790,-21.0
1242,913,-20.0
1243,1015,-20.0
1244,861,-20.0
1245,1322,-17.0
1246,1256,-20.0
1247,940,-21.0
1248,977,-20.0
1249,1038,-19.0
1250,904,-20.0
1251,900,-21.0
1252,1042,-20.0
1253,1053,-21.0
1254,975,-20.0
1255,1155,-19.0
1256,817,-21.0
1257,759,-21.0
1258,1109,-19.0
1259,877,-21.0
1260,838,-20.0
1261,1081,-21.0
1262,959,-21.0
1263,972,-19.0
1264,995,-20.0
1265,987,-21.0
1266,977,-20.0
1267,897,-21.0
1268,1010,-20.0
1269,872,-21.0
1270,904,-21.0
1271,808,-21.0
1272,900,-20.0
1273,1069,-20.0
1274,901,-20.0
1275,1403,-18.0
1276,1020,-20.0
1277,943,-21.0
1278,775,-21.0
1279,990,-21.0
1280,1017,-19.0
1281,1006,-20.0
1282,967,-19.0
1283,877,-20.0
1284,1050,-18.0
1285,1040,-20.0
1286,840,-20.0
1287,787,-21.0
1288,952,-20.0
1289,1074,-19.0
1290,868,-20.0
1291,918,-20.0
1292,872,-21.0
1293,1006,-20.0
1294,910,-21.0
1295,1036,-20.0
1296,1147,-20.0
1297,976,-19.0
1298,988,-20.0
1299,905,-21.0
1300,847,-21.0
1301,1000,-19.0
1302,944,-20.0
1303,823,-21.0
1304,941,-21.0
1305,1015,-19.0
1306,955,-20.0
1307,969,-20.0
1308,869,-20.0
1309,932,-21.0
1310,805,-21.0
1311,913,-20.0
1312,851,-21.0
1313,781,-21.0
1314,1047,-19.0
1315,960,-20.0
1316,1214,-18.0
1317,868,-20.0
1318,1159,-19.0
1319,908,-20.0
1320,1038,-21.0
1321,782,-21.0
1322,1085,-20.0
1323,1142,-19.0
1324,926,-21.0
1325,782,-21.0
1326,948,-20.0
1327,932,-20.0
1328,1055,-20.0
1329,897,-21.0
1330,1028,-19.0
1331,999,-20.0
1332,1074,-20.0
1333,1034,-20.0
1334,1043,-20.0
1335,953,-21.0
1336,1036,-21.0
1337,1044,-20.0
1338,1154,-20.0
1339,922,-21.0
1340,875,-20.0
1341,1028,-21.0
1342,807,-21.0
1343,784,-21.0
1344,969,-20.0
1345,1018,-20.0
1346,1047,-19.0
1347,1028,-19.0
1348,880,-21.0
1349,870,-21.0
1350,1050,-20.0
1351,1035,-19.0
1352,979,-20.0
1353,1006,-19.0
1354,1087,-19.0
1355,1271,-19.0
1356,907,-21.0
1357,1065,-20.0
1358,869,-20.0
1359,1003,-20.0
1360,1005,-21.0
1361,1031,-20.0
1362,993,-21.0
1363,1028,-20.0
1364,979,-20.0
1365,894,-21.0
1366,894,-20.0
1367,1144,-19.0
1368,811,-21.0
1369,956,-20.0
1370,1125,-18.0
1371,1045,-20.0
1372,943,-20.0
1373,775,-21.0
1374,1012,-20.0
1375,848,-21.0
1376,896,-21.0
1377,1150,-18.0
1378,925,-20.0
1379,983,-21.0
1380,970,-20.0
1381,854,-20.0
1382,1162,-18.0
1383,1420,-19.0
1384,988,-21.0
1385,1101,-20.0
1386,1000,-21.0
1387,946,-19.0
1388,834,-20.0
1389,898,-21.0
1390,1002,-20.0
1391,900,-21.0
1392,1058,-21.0
1393,1023,-20.0
1394,1060,-19.0
1395,917,-20.0
1396,1080,-20.0
1397,1098,-20.0
1398,1239,-21.0
1399,1032,-21.0
1400,871,-21.0
1401,866,-21.0
1402,1013,-20.0
1403,1077,-19.0
1404,980,-21.0
1405,1162,-19.0
1406,1139,-19.0
1407,1014,-21.0
1408,878,-21.0
1409,1137,-19.0
1410,1015,-20.0
1411,1076,-20.0
1412,887,-21.0
1413,982,-20.0
1414,923,-20.0
1415,954,-20.0
1416,869,-20.0
1417,1122,-20.0
1418,779,-21.0
1419,990,-21.0
1420,845,-21.0
1421,848,-21.0
1422,1024,-21.0
1423,823,-21.0
1424,822,-21.0
1425,816,-21.0
1426,1066,-20.0
1427,1040,-21.0
1428,878,-21.0
1429,984,-21.0
1430,1238,-19.0
1431,940,-20.0
1432,990,-20.0
1433,842,-21.0
1434,923,-20.0
1435,1044,-19.0
1436,977,-20.0
1437,905,-21.0
1438,953,-20.0
1439,960,-20.0
1440,983,-20.0
1441,1075,-18.0
1442,911,-20.0
1443,913,-21.0
1444,1188,-20.0
1445,889,-21.0
1446,951,-21.0
1447,940,-21.0
1448,1292,-18.0
1449,942,-21.0
1450,926,-21.0
1451,1599,-14.0
1452,885,-21.0
1453,984,-21.0
1454,1028,-20.0
1455,1194,-20.0
1456,1106,-19.0
1457,879,-20.0
1458,922,-20.0
1459,988,-21.0
1460,923,-21.0
1461,1012,-20.0
1462,943,-20.0
1463,1121,-19.0
1464,934,-21.0
1465,904,-21.0
1466,1056,-21.0
1467,900,-21.0
1468,1065,-19.0
1469,930,-20.0
1470,981,-20.0
1471,1109,-20.0
1472,975,-21.0
1473,1287,-20.0
1474,1056,-20.0
1475,1029,-18.0
1476,998,-20.0
1477,1127,-20.0
1478,897,-21.0
1479,988,-20.0
1480,863,-20.0
1481,1267,-21.0
1482,1118,-20.0
1483,895,-20.0
1484,1093,-19.0
1485,1288,-18.0
1486,895,-21.0
1487,992,-21.0
1488,1111,-20.0
1489,1066,-20.0
1490,1203,-19.0
1491,932,-21.0
1492,954,-21.0
1493,1119,-19.0
1494,780,-21.0
1495,1092,-20.0
1496,864,-21.0
1497,1373,-18.0
1498,967,-20.0
1499,1065,-20.0
1500,1177,-19.0
1501,1270,-17.0
1502,1015,-18.0
1503,920,-20.0
1504,1273,-20.0
1505,1035,-18.0
1506,1086,-21.0
1507,953,-20.0
1508,1066,-20.0
1509,1263,-19.0
1510,932,-20.0
1511,1191,-18.0
1512,1120,-17.0
1513,1160,-18.0
1514,1235,-19.0
1515,1114,-21.0
1516,1167,-19.0
1517,1371,-18.0
1518,1255,-18.0
1519,998,-21.0
1520,1330,-19.0
1521,1226,-20.0
1522,850,-21.0
1523,1043,-20.0
1524,1107,-19.0
1525,1283,-18.0
1526,1300,-17.0
1527,1350,-17.0
1528,1120,-19.0
1529,1049,-20.0
1530,1153,-21.0
1531,971,-20.0
1532,1128,-20.0
1533,1205,-19.0
1534,937,-21.0
1535,1389,-19.0
1536,962,-21.0
1537,1043,-20.0
1538,1047,-20.0
1539,1249,-18.0
1540,1121,-19.0
1541,835,-20.0
1542,1039,-19.0
1543,1091,-19.0
1544,1011,-20.0
1545,1099,-19.0
1546,891,-21.0
1547,1116,-21.0
1548,995,-21.0
1549,1088,-18.0
1550,1006,-21.0
1551,1004,-21.0
1552,1082,-20.0
1553,1090,-20.0
1554,1198,-19.0
1555,971,-20.0
1556,1491,-17.0
1557,1118,-19.0
1558,1068,-20.0
1559,894,-21.0
1560,1061,-18.0
1561,957,-21.0
1562,897,-20.0
1563,1296,-19.0
1564,1251,-18.0
1565,1222,-18.0
1566,990,-21.0
1567,985,-19.0
1568,1255,-17.0
1569,875,-21.0
1570,935,-21.0
1571,1126,-21.0
1572,1253,-18.0
1573,1060,-20.0
1574,961,-21.0
1575,1031,-20.0
1576,1075,-19.0
1577,897,-20.0
1578,1017,-21.0
1579,781,-21.0
1580,1060,-20.0
1581,927,-20.0
1582,939,-20.0
1583,778,-21.0
1584,843,-21.0
1585,1070,-20.0
1586,1071,-19.0
1587,842,-21.0
1588,1013,-21.0
1589,1278,-18.0
1590,1090,-21.0
1591,1044,-19.0
1592,943,-21.0
1593,1315,-19.0
1594,1055,-20.0
1595,1046,-19.0
1596,924,-20.0
1597,1067,-19.0
1598,1011,-21.0
1599,1183,-19.0
1600,1119,-18.0
1601,1046,-21.0
1602,1233,-21.0
1603,1016,-21.0
1604,1081,-19.0
1605,814,-21.0
1606,966,-21.0
1607,1000,-20.0
1608,1252,-18.0
1609,1028,-20.0
1610,1286,-18.0
1611,957,-20.0
1612,1051,-20.0
1613,1383,-18.0
1614,1040,-21.0
1615,1153,-20.0
1616,869,-21.0
1617,1252,-19.0
1618,1048,-19.0
1619,1130,-20.0
1620,1089,-20.0
1621,1140,-20.0
1622,1201,-17.0
1623,1237,-17.0
1624,1461,-17.0
1625,1186,-20.0
1626,1082,-21.0
1627,1116,-21.0
1628,881,-20.0
1629,1097,-19.0
1630,959,-20.0
1631,1300,-19.0
1632,1046,-19.0
1633,1214,-19.0
1634,1277,-20.0
1635,969,-20.0
1636,1246,-19.0
1637,1203,-19.0
1638,1339,-20.0
1639,961,-20.0
1640,1137,-19.0
1641,991,-21.0
1642,1414,-17.0
1643,1003,-21.0
1644,1166,-18.0
1645,981,-21.0
1646,834,-21.0
1647,973,-21.0
1648,999,-20.0
1649,1247,-19.0
1650,1299,-18.0
1651,1117,-21.0
1652,1027,-21.0
1653,984,-19.0
1654,959,-20.0
1655,1050,-19.0
1656,1338,-18.0
1657,1096,-20.0
1658,1362,-18.0
1659,1217,-19.0
1660,1179,-18.0
1661,1185,-18.0
1662,1222,-18.0
1663,1072,-21.0
1664,1178,-20.0
1665,1171,-20.0
1666,839,-21.0
1667,1449,-15.0
1668,1084,-20.0
1669,1140,-21.0
1670,1099,-20.0
1671,1140,-19.0
1672,1229,-19.0
1673,1495,-17.0
1674,952,-20.0
1675,1282,-20.0
1676,1248,-19.0
1677,1060,-21.0
1678,1369,-19.0
1679,1098,-21.0
1680,1252,-19.0
1681,1064,-20.0
1682,1098,-21.0
1683,1255,-21.0
1684,1224,-20.0
1685,1143,-20.0
1686,1165,-21.0
1687,1063,-20.0
1688,1019,-20.0
1689,1075,-21.0
1690,1186,-19.0
1691,932,-19.0
1692,1245,-19.0
1693,1166,-19.0
1694,1087,-19.0
1695,1034,-20.0
1696,1301,-20.0
1697,1043,-21.0
1698,1218,-20.0
1699,1381,-18.0
1700,1214,-20.0
1701,1149,-21.0
1702,1278,-20.0
1703,1329,-19.0
1704,1273,-20.0
1705,1384,-17.0
1706,1020,-20.0
1707,951,-21.0
1708,1410,-20.0
1709,961,-21.0
1710,1001,-20.0
1711,1268,-18.0
1712,994,-20.0
1713,1090,-19.0
1714,1194,-21.0
1715,1211,-20.0
1716,1074,-19.0
1717,1087,-19.0
1718,1228,-19.0
1719,1521,-18.0
1720,1365,-17.0
1721,1059,-20.0
1722,1439,-17.0
1723,1015,-20.0
1724,961,-21.0
1725,1193,-19.0
1726,1342,-19.0
1727,1343,-19.0
1728,1343,-19.0
1729,1501,-16.0
1730,1242,-19.0
1731,1237,-18.0
1732,1333,-20.0
1733,1034,-20.0
1734,1327,-20.0
1735,1045,-20.0
1736,1333,-19.0
1737,1049,-20.0
1738,1148,-20.0
1739,1204,-21.0
1740,1144,-21.0
1741,1278,-18.0
1742,1125,-20.0
1743,1235,-19.0
1744,1205,-18.0
1745,1178,-20.0
1746,1282,-19.0
1747,1072,-20.0
1748,1154,-18.0
1749,1256,-19.0
1750,1241,-21.0
1751,1272,-18.0
1752,1018,-20.0
1753,1517,-19.0
1754,1345,-18.0
1755,1046,-19.0
1756,1236,-19.0
1757,1445,-17.0
1758,1018,-20.0
1759,1381,-19.0
1760,1129,-18.0
1761,829,-20.0
1762,1784,-17.0
1763,1350,-19.0
1764,1631,-15.0
1765,1303,-19.0
1766,1285,-20.0
1767,1409,-17.0
1768,1300,-20.0
1769,1264,-19.0
1770,1269,-19.0
1771,1180,-20.0
1772,1386,-19.0
1773,1161,-20.0
1774,1223,-19.0
1775,1418,-20.0
1776,1332,-18.0
1777,1318,-19.0
1778,1683,-17.0
1779,1201,-21.0
1780,1404,-19.0
1781,1438,-19.0
1782,1353,-20.0
1783,1385,-20.0
1784,1313,-21.0
1785,1465,-20.0
1786,1473,-19.0
1787,1248,-20.0
1788,1208,-19.0
1789,1491,-19.0
1790,1339,-18.0
1791,1334,-16.0
1792,1148,-20.0
1793,1497,-17.0
1794,1184,-21.0
1795,1587,-16.0
1796,1561,-19.0
1797,979,-19.0
1798,1265,-19.0
1799,1465,-17.0
1800,1442,-18.0
1801,1336,-19.0
1802,1096,-20.0
1803,1013,-20.0
1804,1532,-17.0
1805,1252,-18.0
1806,1219,-19.0
1807,1510,-17.0
1808,1357,-19.0
1809,1586,-20.0
1810,1503,-18.0
1811,1714,-17.0
1812,1574,-17.0
1813,1397,-18.0
1814,1254,-18.0
1815,1250,-20.0
1816,1804,-17.0
1817,1701,-18.0
1818,1637,-18.0
1819,1251,-20.0
1820,1697,-18.0
1821,1272,-21.0
1822,1420,-20.0
1823,1047,-21.0
1824,1460,-19.0
1825,1347,-19.0
1826,1657,-18.0
1827,1247,-21.0
1828,1317,-18.0
1829,1332,-20.0
1830,1214,-20.0
1831,1348,-18.0
1832,1243,-21.0
1833,1204,-19.0
1834,1346,-19.0
1835,1763,-17.0
1836,1597,-20.0
1837,1438,-19.0
1838,1419,-18.0
1839,1194,-18.0
1840,1412,-17.0
1841,1259,-20.0
1842,1221,-21.0
1843,1017,-20.0
1844,1688,-20.0
1845,1360,-19.0
1846,1168,-19.0
1847,1288,-21.0
1848,1544,-16.0
1849,1343,-17.0
1850,1373,-18.0
1851,1509,-18.0
1852,1280,-20.0
1853,1729,-15.0
1854,1465,-18.0
1855,1623,-20.0
1856,1458,-16.0
1857,1320,-19.0
1858,1357,-21.0
1859,1413,-17.0
1860,1493,-19.0
1861,1234,-20.0
1862,1044,-21.0
1863,1276,-20.0
1864,1133,-21.0
1865,1377,-19.0
1866,1341,-20.0
1867,1787,-16.0
1868,1399,-18.0
1869,1590,-17.0
1870,1107,-20.0
1871,1441,-17.0
1872,1314,-20.0
1873,1428,-19.0
1874,1302,-18.0
1875,1278,-20.0
1876,1423,-17.0
1877,1646,-17.0
1878,1328,-20.0
1879,1416,-21.0
1880,1377,-19.0
1881,1382,-18.0
1882,1878,-16.0
1883,1384,-19.0
1884,1932,-16.0
1885,1436,-19.0
1886,1233,-18.0
1887,1399,-20.0
1888,1383,-20.0
1889,1169,-19.0
1890,1454,-18.0
1891,1623,-17.0
1892,1369,-18.0
1893,1546,-18.0
1894,1576,-18.0
1895,1400,-18.0
1896,1827,-13.0
1897,1494,-19.0
1898,1433,-18.0
1899,1845,-15.0
1900,1656,-18.0
1901,1648,-16.0
1902,1576,-18.0
1903,1476,-17.0
1904,1404,-18.0
1905,1422,-17.0
1906,1233,-20.0
1907,1516,-21.0
1908,1635,-17.0
1909,1786,-16.0
1910,1555,-19.0
1911,1960,-16.0
1912,1549,-18.0
1913,1635,-19.0
1914,1586,-20.0
1915,1361,-19.0
1916,1762,-15.0
1917,1421,-19.0
1918,1537,-18.0
1919,1518,-19.0
1920,1649,-19.0
1921,1570,-17.0
1922,1854,-18.0
1923,1488,-18.0
1924,1834,-15.0
1925,1692,-17.0
1926,1774,-16.0
1927,1422,-20.0
1928,1526,-20.0
1929,1613,-20.0
1930,1468,-19.0
1931,1589,-20.0
1932,1952,-17.0
1933,1618,-18.0
1934,1836,-18.0
1935,1566,-16.0
1936,1774,-20.0
1937,1463,-18.0
1938,1347,-20.0
1939,1588,-19.0
1940,1418,-19.0
1941,1603,-20.0
1942,1491,-20.0
1943,1333,-21.0
1944,1657,-18.0
1945,1565,-19.0
1946,1554,-21.0
1947,1480,-20.0
1948,1442,-20.0
1949,1666,-18.0
1950,1814,-16.0
1951,1582,-19.0
1952,1837,-17.0
1953,1610,-17.0
1954,1852,-17.0
1955,1550,-19.0
1956,1722,-19.0
1957,1501,-19.0
1958,1533,-20.0
1959,1737,-19.0
1960,1583,-20.0
1961,1902,-16.0
1962,1602,-18.0
1963,1827,-18.0
1964,1980,-16.0
1965,1474,-20.0
1966,2077,-17.0
1967,1547,-19.0
1968,1876,-16.0
1969,1481,-20.0
1970,1827,-17.0
1971,1911,-18.0
1972,1782,-19.0
1973,1427,-20.0
1974,2008,-18.0
1975,1377,-19.0
1976,1217,-20.0
1977,1653,-19.0
1978,1737,-18.0
1979,1624,-19.0
1980,1485,-19.0
1981,1844,-20.0
1982,1399,-20.0
1983,1825,-15.0
1984,2447,-16.0
1985,1971,-19.0
1986,1547,-17.0
1987,1514,-19.0
1988,1458,-20.0
1989,1847,-17.0
1990,1580,-17.0
1991,1840,-15.0
1992,1676,-16.0
1993,1397,-19.0
1994,1660,-19.0
1995,1453,-19.0
1996,1826,-17.0
1997,1598,-17.0
1998,1765,-20.0
1999,1654,-18.0
2000,1528,-15.0
2001,1349,-21.0
2002,1689,-16.0
2003,1698,-17.0
2004,1846,-15.0
2005,1506,-19.0
2006,1632,-17.0
2007,1520,-18.0
2008,1521,-18.0
2009,1884,-19.0
2010,1722,-17.0
2011,1539,-18.0
2012,1601,-18.0
2013,1458,-20.0
2014,1533,-19.0
2015,1280,-20.0
2016,1784,-17.0
2017,1921,-16.0
2018,1753,-18.0
2019,1542,-18.0
2020,1740,-18.0
2021,2037,-16.0
2022,1785,-18.0
2023,1916,-15.0
2024,1835,-17.0
2025,1849,-16.0
2026,1949,-17.0
2027,2116,-14.0
2028,2018,-17.0
2029,2180,-15.0
2030,1916,-18.0
2031,1658,-20.0
2032,1798,-19.0
2033,1940,-15.0
2034,1942,-16.0
2035,1913,-20.0
2036,1605,-17.0
2037,1642,-18.0
2038,1676,-19.0
2039,1511,-20.0
2040,1677,-20.0
2041,2022,-18.0
2042,1781,-17.0
2043,1940,-19.0
2044,1565,-18.0
2045,2004,-18.0
2046,1715,-20.0
2047,1967,-18.0
2048,1853,-15.0
2049,1887,-17.0
2050,1644,-18.0
2051,1944,-17.0
2052,1628,-17.0
2053,1679,-19.0
2054,2144,-14.0
2055,2116,-13.0
2056,1754,-20.0
2057,1881,-15.0
2058,1763,-19.0
2059,1614,-17.0
2060,1910,-18.0
2061,2203,-17.0
2062,2088,-16.0
2063,1982,-14.0
2064,1695,-18.0
2065,1992,-18.0
2066,1741,-18.0
2067,1733,-20.0
2068,1820,-18.0
2069,1681,-20.0
2070,1695,-19.0
2071,1430,-20.0
2072,2002,-17.0
2073,2075,-19.0
2074,1513,-20.0
2075,1913,-19.0
2076,1624,-20.0
2077,2200,-13.0
2078,1604,-18.0
2079,1788,-19.0
2080,2157,-17.0
2081,1854,-18.0
2082,1977,-16.0
2083,1952,-19.0
2084,1742,-20.0
2085,1840,-18.0
2086,1955,-18.0
2087,1843,-18.0
2088,2138,-12.0
2089,1535,-16.0
2090,1491,-20.0
2091,1575,-19.0
2092,1668,-20.0
2093,1963,-18.0
2094,1967,-16.0
2095,2184,-13.0
2096,1858,-16.0
2097,1878,-17.0
2098,1985,-18.0
2099,1597,-17.0
2100,1585,-20.0
2101,1625,-18.0
2102,1887,-14.0
2103,1913,-15.0
2104,1546,-19.0
2105,1991,-18.0
2106,1912,-17.0
2107,1889,-20.0
2108,1743,-20.0
2109,2131,-17.0
2110,1707,-16.0
2111,2290,-16.0
2112,1825,-18.0
2113,1966,-19.0
2114,1742,-17.0
2115,2179,-15.0
2116,1632,-20.0
2117,2073,-17.0
2118,2291,-15.0
2119,1633,-19.0
2120,1661,-18.0
2121,2313,-12.0
2122,1573,-21.0
2123,1904,-19.0
2124,2030,-19.0
2125,2080,-21.0
2126,1816,-20.0
2127,1841,-18.0
2128,2170,-16.0
2129,1774,-18.0
2130,2071,-17.0
2131,1904,-18.0
2132,1567,-20.0
2133,1512,-19.0
2134,1888,-18.0
2135,1612,-18.0
2136,1696,-20.0
2137,1994,-18.0
2138,1578,-19.0
2139,1984,-17.0
2140,1762,-19.0
2141,1839,-17.0
2142,1896,-18.0
2143,1696,-18.0
2144,1778,-19.0
2145,2119,-18.0
2146,2010,-15.0
2147,1655,-18.0
2148,1786,-20.0
2149,1926,-16.0
2150,2289,-15.0
2151,1502,-20.0
2152,1527,-19.0
2153,1843,-19.0
2154,1724,-18.0
2155,1628,-18.0
2156,2130,-19.0
2157,1954,-17.0
2158,1599,-19.0
2159,2195,-15.0
2160,1685,-17.0
2161,1749,-18.0
2162,2096,-18.0
2163,1742,-20.0
2164,2042,-17.0
2165,1798,-18.0
2166,1782,-20.0
2167,2156,-16.0
2168,1845,-17.0
2169,1869,-19.0
2170,1797,-19.0
2171,1601,-20.0
2172,1828,-19.0
2173,1892,-18.0
2174,1906,-17.0
2175,2163,-17.0
2176,1850,-16.0
2177,1981,-20.0
2178,2197,-18.0
2179,2470,-12.0
2180,2144,-16.0
2181,2072,-18.0
2182,1885,-17.0
2183,2290,-15.0
2184,2176,-18.0
2185,1982,-16.0
2186,1889,-18.0
2187,2176,-15.0
2188,1745,-17.0
2189,1928,-16.0
2190,1516,-19.0
2191,1722,-16.0
2192,1950,-17.0
2193,1850,-19.0
2194,1615,-17.0
2195,2047,-20.0
2196,1663,-18.0
2197,1901,-17.0
2198,2148,-16.0
2199,1927,-20.0
2200,1684,-20.0
2201,1750,-18.0
2202,1732,-19.0
2203,2116,-16.0
2204,2045,-17.0
2205,1753,-18.0
2206,1726,-19.0
2207,1978,-18.0
2208,2273,-14.0
2209,2046,-17.0
2210,1875,-17.0
2211,1856,-19.0
2212,1747,-19.0
2213,1921,-18.0
2214,1867,-15.0
2215,1753,-19.0
2216,1815,-21.0
2217,2168,-18.0
2218,1828,-20.0
2219,1607,-20.0
2220,1904,-18.0
2221,1940,-16.0
2222,2068,-17.0
2223,1727,-21.0
2224,1422,-19.0
2225,1920,-17.0
2226,1805,-19.0
2227,2129,-16.0
2228,1925,-17.0
2229,2215,-18.0
2230,1827,-18.0
2231,1868,-17.0
2232,2221,-15.0
2233,1903,-17.0
2234,2022,-17.0
2235,2553,-13.0
2236,1878,-19.0
2237,2159,-18.0
2238,1802,-18.0
2239,1810,-17.0
2240,1700,-21.0
2241,2301,-15.0
2242,2175,-18.0
2243,2346,-15.0
2244,2433,-15.0
2245,2059,-15.0
2246,2109,-19.0
2247,1887,-18.0
2248,1827,-19.0
2249,1834,-18.0
2250,1694,-18.0
2251,1740,-19.0
2252,1712,-18.0
2253,1832,-18.0
2254,2129,-18.0
2255,1983,-15.0
2256,1912,-19.0
2257,1859,-19.0
2258,2024,-18.0
2259,2052,-17.0
2260,1799,-15.0
2261,2265,-13.0
2262,2165,-18.0
2263,2419,-14.0
2264,1770,-20.0
2265,1903,-19.0
2266,1972,-21.0
2267,2029,-13.0
2268,2013,-17.0
2269,2004,-16.0
2270,1577,-20.0
2271,2113,-14.0
2272,1802,-17.0
2273,1772,-16.0
2274,2068,-17.0
2275,1928,-17.0
2276,1814,-20.0
2277,2100,-18.0
2278,1705,-19.0
2279,2075,-18.0
2280,2023,-16.0
2281,2228,-16.0
2282,2085,-17.0
2283,2535,-11.0
2284,1960,-17.0
2285,1770,-18.0
2286,1732,-20.0
2287,2108,-15.0
2288,1900,-18.0
2289,2171,-16.0
2290,1712,-19.0
2291,2208,-16.0
2292,1977,-16.0
2293,2426,-15.0
2294,2010,-17.0
2295,2178,-15.0
2296,1756,-20.0
2297,1797,-17.0
2298,2003,-18.0
2299,2118,-14.0
2300,2693,-12.0
2301,2005,-19.0
2302,2316,-15.0
2303,2026,-20.0
2304,2248,-19.0
2305,1699,-20.0
2306,1759,-21.0
2307,2293,-16.0
2308,2032,-19.0
2309,2151,-18.0
2310,2067,-17.0
2311,2289,-15.0
2312,2090,-20.0
2313,1878,-20.0
2314,2148,-17.0
2315,1979,-18.0
2316,2191,-16.0
2317,2139,-17.0
2318,1820,-19.0
2319,1969,-18.0
2320,1836,-20.0
2321,1967,-18.0
2322,1935,-18.0
2323,1789,-19.0
2324,1917,-18.0
2325,2269,-15.0
2326,2122,-16.0
2327,1999,-15.0
2328,1879,-17.0
2329,1630,-18.0
2330,1733,-16.0
2331,2057,-17.0
2332,2156,-17.0
2333,1921,-15.0
2334,2040,-15.0
2335,1972,-16.0
2336,2173,-18.0
2337,1839,-21.0
2338,2177,-16.0
2339,2143,-20.0
2340,2121,-19.0
2341,2054,-14.0
2342,2038,-17.0
2343,1994,-18.0
2344,1894,-20.0
2345,1837,-19.0
2346,1806,-20.0
2347,2170,-17.0
2348,1869,-18.0
2349,1985,-17.0
2350,2028,-15.0
2351,1764,-19.0
2352,2120,-18.0
2353,1990,-18.0
2354,2014,-17.0
2355,1562,-20.0
2356,2234,-17.0
2357,2463,-16.0
2358,1975,-18.0
2359,2515,-15.0
2360,2215,-16.0
2361,1967,-17.0
2362,1951,-19.0
2363,2021,-16.0
2364,2024,-16.0
2365,2483,-14.0
2366,2630,-13.0
2367,2078,-14.0
2368,1860,-17.0
2369,1767,-19.0
2370,1954,-19.0
2371,2285,-16.0
2372,1824,-18.0
2373,2155,-20.0
2374,1914,-16.0
2375,2525,-16.0
2376,2202,-14.0
2377,1764,-19.0
2378,2001,-20.0
2379,2162,-18.0
2380,2064,-20.0
2381,1954,-17.0
2382,2085,-18.0
2383,1943,-20.0
2384,1764,-19.0
2385,1987,-18.0
2386,1978,-15.0
2387,2020,-21.0
2388,2280,-14.0
2389,2384,-17.0
2390,2136,-16.0
2391,1840,-19.0
2392,1831,-17.0
2393,1953,-20.0
2394,2094,-17.0
2395,1839,-19.0
2396,1880,-19.0
2397,2507,-16.0
2398,2163,-18.0
2399,2055,-18.0
2400,2179,-19.0
2401,1974,-17.0
2402,2491,-14.0
2403,1989,-16.0
2404,2270,-18.0
2405,2186,-16.0
2406,2032,-18.0
2407,1967,-21.0
2408,2056,-19.0
2409,2313,-15.0
2410,1921,-17.0
2411,2009,-18.0
2412,2105,-17.0
2413,1797,-21.0
2414,2194,-16.0
2415,2001,-18.0
2416,2062,-19.0
2417,1979,-19.0
2418,2054,-15.0
2419,2220,-19.0
2420,1780,-21.0
2421,2234,-19.0
2422,1791,-19.0
2423,1883,-19.0
2424,2033,-18.0
2425,1836,-17.0
2426,2408,-18.0
2427,2312,-15.0
2428,2314,-18.0
2429,1967,-20.0
2430,2836,-12.0
2431,2090,-14.0
2432,2895,-11.0
2433,2023,-20.0
2434,2240,-19.0
2435,2052,-20.0
2436,2167,-14.0
2437,2236,-17.0
2438,2327,-16.0
2439,2348,-13.0
2440,2241,-16.0
2441,2169,-16.0
2442,2539,-12.0
2443,2292,-13.0
2444,2126,-16.0
2445,2057,-16.0
2446,1985,-17.0
2447,2278,-16.0
2448,2515,-15.0
2449,2207,-14.0
2450,2141,-18.0
2451,1900,-20.0
2452,1918,-18.0
2453,2054,-16.0
2454,1903,-16.0
2455,1972,-16.0
2456,1841,-18.0
2457,1854,-21.0
2458,2379,-14.0
2459,1816,-18.0
2460,2268,-15.0
2461,2476,-14.0
2462,2115,-16.0
2463,2331,-15.0
2464,2321,-16.0
2465,2396,-18.0
2466,2228,-18.0
2467,2228,-20.0
2468,2139,-18.0
2469,2001,-17.0
2470,1927,-18.0
2471,2101,-17.0
2472,2405,-20.0
2473,2502,-15.0
2474,2601,-16.0
2475,2074,-17.0
2476,2178,-19.0
2477,2407,-18.0
2478,2201,-18.0
2479,2203,-18.0
2480,2278,-17.0
2481,2151,-16.0
2482,2191,-18.0
2483,2880,-16.0
2484,2063,-18.0
2485,2217,-16.0
2486,2010,-21.0
2487,2465,-15.0
2488,1744,-19.0
2489,2409,-16.0
2490,2364,-12.0
2491,1745,-18.0
2492,1919,-19.0
2493,2173,-19.0
2494,2065,-17.0
2495,1788,-18.0
2496,1801,-16.0
2497,2043,-16.0
2498,2077,-18.0
2499,2082,-16.0
2500,2297,-16.0
2501,2804,-14.0
2502,2390,-15.0
2503,1746,-20.0
2504,2353,-17.0
2505,1811,-19.0
2506,2031,-19.0
2507,2284,-19.0
2508,2774,-13.0
2509,1860,-18.0
2510,2330,-17.0
2511,2395,-19.0
2512,2158,-17.0
2513,2075,-21.0
2514,2136,-18.0
2515,1897,-19.0
2516,2407,-14.0
2517,2020,-17.0
2518,2125,-18.0
2519,2368,-15.0
2520,1999,-20.0
2521,2262,-14.0
2522,1932,-20.0
2523,1768,-21.0
2524,2088,-17.0
2525,2576,-16.0
2526,2381,-18.0
2527,2342,-15.0
2528,1783,-19.0
2529,2095,-19.0
2530,2239,-17.0
2531,2071,-18.0
2532,2032,-18.0
2533,2054,-19.0
2534,2188,-17.0
2535,2521,-14.0
2536,2433,-17.0
2537,2343,-17.0
2538,2140,-17.0
2539,3000,-12.0
2540,2330,-18.0
2541,2185,-16.0
2542,2077,-18.0
2543,2062,-18.0
2544,2318,-17.0
2545,2474,-17.0
2546,2285,-15.0
2547,1964,-18.0
2548,2502,-17.0
2549,2210,-20.0
2550,2553,-17.0
2551,1993,-18.0
2552,2579,-13.0
2553,1823,-21.0
2554,1689,-19.0
2555,2075,-17.0
2556,2319,-18.0
2557,2563,-13.0
2558,2262,-16.0
2559,2256,-18.0
2560,2164,-17.0
2561,2686,-16.0
2562,2207,-18.0
2563,2214,-17.0
2564,1685,-19.0
2565,2207,-17.0
2566,2669,-11.0
2567,2557,-16.0
2568,2120,-17.0
2569,2005,-20.0
2570,2771,-15.0
2571,2307,-19.0
2572,2473,-16.0
2573,2691,-13.0
2574,2215,-16.0
2575,2679,-16.0
2576,2280,-17.0
2577,2229,-17.0
2578,1996,-21.0
2579,2159,-20.0
2580,2106,-19.0
2581,2972,-11.0
2582,2659,-13.0
2583,2252,-18.0
2584,2732,-15.0
2585,2365,-19.0
2586,2308,-18.0
2587,2185,-18.0
2588,1936,-17.0
2589,2017,-16.0
2590,2221,-17.0
2591,2166,-18.0
2592,2249,-13.0
2593,2342,-17.0
2594,2371,-17.0
2595,2327,-17.0
2596,2244,-16.0
2597,2203,-18.0
2598,2433,-20.0
2599,2499,-16.0
2600,2284,-19.0
2601,2088,-18.0
2602,2180,-19.0
2603,2206,-19.0
2604,2274,-18.0
2605,2216,-17.0
2606,2728,-16.0
2607,2538,-13.0
2608,2044,-18.0
2609,2510,-16.0
2610,2565,-13.0
2611,2514,-13.0
2612,2126,-19.0
2613,2172,-15.0
2614,2011,-19.0
2615,2584,-13.0
2616,3022,-14.0
2617,2603,-15.0
2618,2746,-15.0
2619,2373,-15.0
2620,2583,-13.0
2621,2576,-12.0
2622,2597,-16.0
2623,2498,-17.0
2624,2226,-18.0
2625,2077,-19.0
2626,3057,-11.0
2627,2242,-14.0
2628,2210,-17.0
2629,2548,-16.0
2630,2552,-19.0
2631,2114,-17.0
2632,2276,-19.0
2633,1804,-19.0
2634,3307,-10.0
2635,2216,-17.0
2636,2131,-15.0
2637,2614,-15.0
2638,2505,-15.0
2639,2332,-17.0
2640,2408,-13.0
2641,2771,-14.0
2642,2461,-17.0
2643,2424,-17.0
2644,1971,-15.0
2645,2742,-13.0
2646,2491,-16.0
2647,2937,-10.0
2648,2480,-14.0
2649,2243,-16.0
2650,3653,-7.0
2651,2429,-17.0
2652,2144,-16.0
2653,2107,-16.0
2654,2439,-15.0
2655,1925,-16.0
2656,2641,-13.0
2657,2732,-15.0
2658,2600,-15.0
2659,2222,-18.0
2660,2311,-17.0
2661,2171,-16.0
2662,2313,-14.0
2663,2807,-15.0
2664,2238,-17.0
2665,2031,-18.0
2666,2677,-16.0
2667,2545,-14.0
2668,2357,-20.0
2669,2198,-17.0
2670,2387,-14.0
2671,2788,-14.0
2672,2149,-16.0
2673,2506,-18.0
2674,2436,-17.0
2675,2481,-14.0
2676,2565,-13.0
2677,2601,-14.0
2678,2254,-16.0
2679,2480,-15.0
2680,2838,-12.0
2681,2272,-19.0
2682,2390,-15.0
2683,1779,-21.0
2684,2713,-14.0
2685,2303,-17.0
2686,2411,-16.0
2687,2493,-16.0
2688,2751,-15.0
2689,3086,-15.0
2690,2735,-14.0
2691,2388,-15.0
2692,2720,-16.0
2693,2437,-21.0
2694,2865,-13.0
2695,2533,-18.0
2696,2186,-19.0
2697,3652,-9.0
2698,2442,-18.0
2699,2371,-18.0
2700,2614,-15.0
2701,2830,-14.0
2702,2143,-17.0
2703,2282,-16.0
2704,2615,-14.0
2705,1964,-18.0
2706,2454,-12.0
2707,2302,-14.0
2708,2619,-17.0
2709,2729,-12.0
2710,2016,-18.0
2711,3165,-17.0
2712,2761,-14.0
2713,3118,-14.0
2714,2247,-19.0
2715,2604,-14.0
2716,2867,-14.0
2717,2420,-14.0
2718,2874,-17.0
2719,2164,-15.0
2720,2672,-16.0
2721,2362,-17.0
2722,2908,-12.0
2723,2710,-15.0
2724,1771,-18.0
2725,3026,-13.0
2726,2242,-16.0
2727,2958,-11.0
2728,2481,-16.0
2729,3508,-14.0
2730,2781,-12.0
2731,2468,-18.0
2732,2602,-19.0
2733,2322,-17.0
2734,2153,-16.0
2735,3229,-12.0
2736,2677,-14.0
2737,2846,-14.0
2738,3005,-13.0
2739,2412,-17.0
2740,2310,-17.0
2741,2589,-19.0
2742,2928,-12.0
2743,2689,-10.0
2744,2417,-16.0
2745,3094,-15.0
2746,2246,-16.0
2747,2487,-14.0
2748,2425,-15.0
2749,2680,-17.0
2750,2378,-13.0
2751,2661,-12.0
2752,2345,-14.0
2753,2804,-10.0
2754,2445,-13.0
2755,2800,-12.0
2756,2577,-14.0
2757,2976,-13.0
2758,2111,-19.0
2759,2394,-19.0
2760,2082,-20.0
2761,2991,-13.0
2762,3068,-10.0
2763,2466,-16.0
2764,2443,-16.0
2765,2284,-17.0
2766,2489,-17.0
2767,2933,-14.0
2768,2880,-14.0
2769,3140,-9.0
2770,2513,-12.0
2771,2852,-11.0
2772,2430,-14.0
2773,2321,-13.0
2774,2436,-18.0
2775,2276,-15.0
2776,2829,-15.0
2777,2506,-13.0
2778,3446,-10.0
2779,1867,-19.0
2780,2235,-15.0
2781,2753,-10.0
2782,2418,-13.0
2783,2992,-12.0
2784,2650,-13.0
2785,2519,-16.0
2786,2758,-8.0
2787,2408,-13.0
2788,2123,-19.0
2789,2560,-16.0
2790,2530,-15.0
2791,2670,-15.0
2792,2494,-12.0
2793,3062,-12.0
2794,2492,-13.0
2795,2215,-15.0
2796,2466,-16.0
2797,2157,-16.0
2798,2559,-18.0
2799,2651,-13.0
2800,2500,-12.0
2801,2646,-13.0
2802,2537,-15.0
2803,2850,-12.0
2804,2853,-12.0
2805,2721,-15.0
2806,2756,-15.0
2807,3297,-10.0
2808,2564,-14.0
2809,2701,-13.0
2810,2689,-14.0
2811,2792,-12.0
2812,2515,-16.0
2813,2683,-17.0
2814,2378,-17.0
2815,2382,-17.0
2816,2301,-17.0
2817,2458,-14.0
2818,2234,-15.0
2819,2659,-15.0
2820,2984,-13.0
2821,2542,-16.0
2822,2164,-14.0
2823,2227,-17.0
2824,2670,-15.0
2825,2022,-19.0
2826,2898,-14.0
2827,2565,-16.0
2828,2834,-14.0
2829,2374,-19.0
2830,2838,-13.0
2831,2940,-11.0
2832,2853,-14.0
2833,2314,-17.0
2834,2761,-12.0
2835,2894,-15.0
2836,2589,-13.0
2837,2291,-13.0
2838,2348,-17.0
2839,2275,-17.0
2840,2003,-19.0
2841,2338,-15.0
2842,2559,-16.0
2843,2579,-10.0
2844,2490,-17.0
2845,2716,-7.0
2846,2640,-12.0
2847,2408,-14.0
2848,2516,-10.0
2849,2461,-16.0
2850,2613,-9.0
2851,2603,-13.0
2852,2485,-12.0
2853,2747,-9.0
2854,2795,-12.0
2855,2543,-12.0
2856,2175,-13.0
2857,2215,-18.0
2858,2299,-13.0
2859,2114,-14.0
2860,2510,-14.0
2861,2372,-14.0
2862,2341,-16.0
2863,2672,-11.0
2864,1889,-18.0
2865,2396,-16.0
2866,2804,-11.0
2867,3022,-6.0
2868,3320,-9.0
2869,2634,-13.0
2870,2763,-8.0
2871,2927,-7.0
2872,2412,-11.0
2873,2531,-16.0
2874,2284,-13.0
2875,2911,-13.0
2876,2389,-14.0
2877,1781,-18.0
2878,2587,-13.0
2879,3671,-7.0
2880,2505,-15.0
2881,2637,-8.0
2882,2277,-16.0
2883,2308,-14.0
2884,2335,-15.0
2885,2222,-14.0
2886,2954,-11.0
2887,2910,-13.0
2888,2855,-9.0
2889,2168,-17.0
2890,3110,-7.0
2891,2695,-12.0
2892,2328,-15.0
2893,2942,-11.0
2894,2659,-12.0
2895,2874,-10.0
2896,2563,-13.0
2897,3277,-13.0
2898,3393,-9.0
2899,2677,-14.0
2900,2389,-15.0
2901,2848,-11.0
2902,2451,-14.0
2903,2810,-13.0
2904,2178,-18.0
2905,2470,-16.0
2906,3090,-8.0
2907,2981,-12.0
2908,3241,-4.0
2909,2926,-11.0
2910,3112,-13.0
2911,2847,-9.0
2912,3306,-10.0
2913,3460,-6.0
2914,3059,-9.0
2915,2389,-16.0
2916,2743,-13.0
2917,2798,-12.0
2918,3341,-6.0
2919,2874,-12.0
2920,2842,-13.0
2921,2833,-14.0
2922,3193,-7.0
2923,3176,-7.0
2924,2809,-15.0
2925,2892,-11.0
2926,2602,-15.0
2927,2826,-11.0
2928,2849,-15.0
2929,2601,-18.0
2930,3429,-10.0
2931,2831,-10.0
2932,3472,-8.0
2933,2348,-18.0
2934,3274,-12.0
2935,2894,-13.0
2936,3120,-9.0
2937,2292,-15.0
2938,2782,-12.0
2939,1963,-18.0
2940,2422,-16.0
2941,2583,-12.0
2942,3456,-7.0
2943,2406,-17.0
2944,2566,-15.0
2945,3639,-7.0
2946,3080,-13.0
2947,3401,-15.0
2948,2671,-12.0
2949,3373,-12.0
2950,2425,-16.0
2951,2969,-12.0
2952,2537,-17.0
2953,2378,-17.0
2954,3451,-6.0
2955,2870,-16.0
2956,3197,-14.0
2957,3302,-11.0
2958,3010,-13.0
2959,3297,-11.0
2960,2946,-11.0
2961,2132,-16.0
2962,2966,-11.0
2963,3667,-6.0
2964,2732,-14.0
2965,3336,-7.0
2966,3404,-9.0
2967,3235,-10.0
2968,2596,-15.0
2969,3205,-11.0
2970,2422,-14.0
2971,3077,-10.0
2972,2730,-15.0
2973,2327,-17.0
2974,2968,-13.0
2975,2840,-14.0
2976,3929,-5.0
2977,3295,-11.0
2978,2738,-12.0
2979,2692,-14.0
2980,3191,-10.0
2981,2712,-12.0
2982,2785,-10.0
2983,3042,-10.0
2984,2596,-15.0
2985,2636,-13.0
2986,3169,-11.0
2987,2702,-11.0
2988,2519,-16.0
2989,2761,-10.0
2990,3334,-5.0
2991,2458,-13.0
2992,2986,-11.0
2993,2649,-16.0
2994,2455,-12.0
2995,2907,-12.0
2996,3486,2.0
2997,2767,-10.0
2998,2282,-13.0
2999,2358,-15.0
3000,2340,-16.0
3001,2482,-15.0
3002,2677,-14.0
3003,2620,-13.0
3004,3009,-10.0
3005,3171,-11.0
3006,2989,-11.0
3007,2771,-12.0
3008,3383,-8.0
3009,2907,-16.0
3010,2982,-11.0
3011,2949,-9.0
3012,1923,-18.0
3013,3196,-10.0
3014,3241,-8.0
3015,2774,-14.0
3016,2442,-14.0
3017,3440,-6.0
3018,3352,-9.0
3019,3302,-13.0
3020,2751,-14.0
3021,2991,-14.0
3022,2913,-17.0
3023,3329,-7.0
3024,2900,-8.0
3025,3216,-13.0
3026,3673,-6.0
3027,3018,-11.0
3028,2892,-13.0
3029,3238,-11.0
3030,2880,-10.0
3031,2965,-13.0
3032,3435,-10.0
3033,3551,-9.0
3034,2988,-8.0
3035,3109,-13.0
3036,2938,-10.0
3037,3337,-7.0
3038,3488,-15.0
3039,3595,-7.0
3040,3643,-9.0
3041,2265,-17.0
3042,3098,-14.0
3043,3671,-5.0
3044,2978,-11.0
3045,3032,-9.0
3046,2981,-15.0
3047,3598,-11.0
3048,3042,-11.0
3049,3445,-9.0
3050,3095,-15.0
3051,3594,-9.0
3052,3278,-12.0
3053,3415,-7.0
3054,2877,-12.0
3055,2798,-14.0
3056,2668,-19.0
3057,2515,-16.0
3058,2551,-18.0
3059,3126,-10.0
3060,2472,-16.0
3061,4500,-5.0
3062,3125,-12.0
3063,2768,-14.0
3064,3092,-11.0
3065,3571,-8.0
3066,2969,-13.0
3067,2870,-17.0
3068,3891,-5.0
3069,4408,-2.0
3070,3612,-11.0
3071,4390,-3.0
3072,3015,-12.0
3073,3842,-8.0
3074,3707,-8.0
3075,3464,-6.0
3076,3043,-11.0
3077,4104,-4.0
3078,3300,-8.0
3079,3486,-9.0
3080,2891,-15.0
3081,4232,-3.0
3082,4500,-2.0
3083,3182,-8.0
3084,3032,-13.0
3085,3813,-9.0
3086,3680,-6.0
3087,4500,-3.0
3088,4197,-4.0
3089,3519,-8.0
3090,4371,-3.0
3091,4500,-3.0
3092,4500,-3.0
3093,3832,-7.0
3094,3673,8.0
3095,2868,-14.0
3096,3463,7.0
3097,3608,-6.0
3098,4119,-3.0
3099,4137,-4.0
3100,4139,2.0
3101,3058,-10.0
3102,3554,-10.0
3103,3634,-9.0
3104,3621,8.0
3105,3916,4.0
3106,3736,4.0
3107,4034,-3.0
3108,4424,2.0
3109,3505,-3.0
3110,2773,-14.0
3111,3775,3.0
3112,4257,2.0
3113,3927,-5.0
3114,3982,-8.0
3115,4134,-3.0
3116,3814,-9.0
3117,2825,14.0
3118,4500,-1.0
3119,2941,-14.0
3120,3687,7.0
3121,3415,8.0
3122,2685,12.0
3123,4314,-2.0
3124,4261,-7.0
3125,4005,-7.0
3126,4499,1.0
3127,3201,-11.0
3128,3643,-14.0
3129,3104,-11.0
3130,3395,-10.0
3131,3550,-9.0
3132,4500,-2.0
3133,3148,-12.0
3134,3362,12.0
3135,3426,-10.0
3136,3422,-8.0
3137,3872,6.0
3138,2819,-17.0
3139,3390,4.0
3140,2500,-18.0
3141,3806,-12.0
3142,4173,-7.0
3143,3904,-8.0
3144,4332,-11.0
3145,3233,-15.0
3146,3287,-9.0
3147,3346,-11.0
3148,4500,3.0
3149,3802,2.0
3150,3782,3.0
3151,3972,-4.0
3152,3888,-7.0
3153,3457,9.0
3154,3550,-6.0
3155,3817,6.0
3156,4145,2.0
3157,3811,-7.0
3158,4050,3.0
3159,3716,7.0
3160,4381,-4.0
3161,4068,5.0
3162,4500,0.0
3163,4377,4.0
3164,4500,0.0
3165,4006,-8.0
3166,3931,6.0
3167,4192,-5.0
3168,4500,4.0
3169,2994,11.0
3170,3193,10.0
3171,4150,-7.0
3172,3751,7.0
3173,3194,12.0
3174,3950,4.0
3175,3578,4.0
3176,4254,-5.0
3177,3293,-15.0
3178,3659,-11.0
3179,3707,5.0
3180,3537,7.0
3181,4005,2.0
3182,4277,-1.0
3183,3788,-7.0
3184,3780,-5.0
3185,3437,-14.0
3186,4071,3.0
3187,4500,0.0
3188,3701,8.0
3189,3869,9.0
3190,4018,5.0
3191,4224,-1.0
3192,3994,9.0
3193,4059,8.0
3194,4411,1.0
3195,3793,2.0
3196,3900,-8.0
3197,4272,-2.0
3198,4431,4.0
3199,4083,5.0
3200,2936,-10.0
3201,3173,11.0
3202,3339,10.0
3203,4500,1.0
3204,4248,3.0
3205,4081,3.0
3206,3453,5.0
3207,3096,12.0
3208,3199,-12.0
3209,3749,4.0
3210,4246,4.0
3211,4452,4.0
3212,3560,-8.0
3213,3875,3.0
3214,4454,-5.0
3215,3916,-5.0
3216,3468,-3.0
3217,3068,9.0
3218,3921,-7.0
3219,4048,2.0
3220,2969,11.0
3221,2723,13.0
3222,3015,-12.0
3223,3147,11.0
3224,3372,8.0
3225,2899,14.0
3226,3810,7.0
3227,2947,14.0
3228,3674,8.0
3229,3387,6.0
3230,3373,11.0
3231,3746,7.0
3232,3646,10.0
3233,4165,5.0
3234,3483,9.0
3235,3556,10.0
3236,4076,4.0
3237,3566,13.0
3238,3592,-11.0
3239,2575,17.0
3240,3867,6.0
3241,4500,3.0
3242,4187,4.0
3243,4237,6.0
3244,4419,-9.0
3245,3896,7.0
3246,4500,-1.0
3247,3490,7.0
3248,3733,-11.0
3249,4500,-1.0
3250,4347,-7.0
3251,3798,4.0
3252,4386,-6.0
3253,3499,7.0
3254,4402,3.0
3255,4208,-5.0
3256,4500,1.0
3257,3485,14.0
3258,3956,2.0
3259,3462,10.0
3260,3841,-7.0
3261,3640,8.0
3262,3792,3.0
3263,2365,17.0
3264,4220,4.0
3265,2546,15.0
3266,3222,12.0
3267,4500,5.0
3268,2996,14.0
3269,3378,10.0
3270,3893,6.0
3271,3072,10.0
3272,4120,9.0
3273,4388,-1.0
3274,3902,4.0
3275,4200,3.0
3276,3190,12.0
3277,3548,8.0
3278,3257,10.0
3279,4428,2.0
3280,3290,10.0
3281,4500,2.0
3282,3704,-7.0
3283,2569,14.0
3284,3077,-7.0
3285,3266,10.0
3286,2794,12.0
3287,2840,17.0
3288,2605,16.0
3289,2979,10.0
3290,4138,-2.0
3291,3471,6.0
3292,4016,5.0
3293,4219,-1.0
3294,4322,2.0
3295,4046,2.0
3296,2819,12.0
3297,4110,3.0
3298,3862,-2.0
3299,4163,-2.0
3300,4114,-1.0
3301,3376,-10.0
3302,3365,-5.0
3303,3583,6.0
3304,3968,-1.0
3305,2912,10.0
3306,3326,9.0
3307,2892,14.0
3308,4212,-2.0
3309,3391,9.0
3310,4196,3.0
3311,4117,6.0
3312,3199,9.0
3313,2734,15.0
3314,2771,16.0
3315,3527,6.0
3316,3298,9.0
3317,3580,-4.0
3318,3703,7.0
3319,2973,-15.0
3320,3709,-3.0
3321,3263,9.0
3322,3516,-5.0
3323,3676,6.0
3324,3130,9.0
3325,3947,-4.0
3326,3836,6.0
3327,3780,-10.0
3328,3974,5.0
3329,4362,2.0
3330,3484,11.0
3331,3999,6.0
3332,3531,8.0
3333,4500,-4.0
3334,2735,15.0
3335,3742,8.0
3336,3089,9.0
3337,3680,12.0
3338,3226,10.0
3339,3359,7.0
3340,4407,4.0
3341,4500,0.0
3342,3046,11.0
3343,3448,10.0
3344,4434,1.0
3345,4150,4.0
3346,4179,9.0
3347,4500,-4.0
3348,4318,-1.0
3349,3281,11.0
3350,3951,8.0
3351,4284,2.0
3352,4414,-3.0
3353,4054,7.0
3354,3979,-8.0
3355,3069,8.0
3356,4480,1.0
3357,4181,4.0
3358,3154,13.0
3359,3922,5.0
3360,3831,2.0
3361,2440,16.0
3362,2720,14.0
3363,4084,4.0
3364,3664,5.0
3365,3126,13.0
3366,3924,4.0
3367,3553,-8.0
3368,3519,6.0
3369,3962,7.0
3370,3775,2.0
3371,4426,-4.0
3372,3935,10.0
3373,3679,4.0
3374,3499,10.0
3375,2448,15.0
3376,3982,6.0
3377,3635,8.0
3378,3489,11.0
3379,2318,19.0
3380,3227,11.0
3381,2805,11.0
3382,2817,14.0
3383,2972,11.0
3384,3426,11.0
3385,3698,7.0
3386,3658,6.0
3387,3408,-10.0
3388,3389,12.0
3389,3443,8.0
3390,3451,-7.0
3391,3124,-11.0
3392,3917,3.0
3393,4500,0.0
3394,3671,8.0
3395,3332,10.0
3396,2783,12.0
3397,3724,2.0
3398,3588,7.0
3399,3418,5.0
3400,4196,4.0
3401,2840,13.0
3402,2860,13.0
3403,4251,2.0
3404,3085,12.0
3405,3408,11.0
3406,4345,3.0
3407,3370,7.0
3408,3665,-3.0
3409,3756,-6.0
3410,3794,6.0
3411,2703,13.0
3412,2901,11.0
3413,2893,13.0
3414,2611,16.0
3415,3027,13.0
3416,3983,-4.0
3417,3146,10.0
3418,3110,13.0
3419,3740,8.0
3420,2899,13.0
3421,3078,10.0
3422,3012,12.0
3423,3250,9.0
3424,3780,-9.0
3425,3020,11.0
3426,3535,7.0
3427,3953,7.0
3428,3030,10.0
3429,2836,11.0
3430,3983,2.0
3431,3364,11.0
3432,3515,4.0
3433,2555,17.0
3434,3114,11.0
3435,3880,2.0
3436,3712,7.0
3437,3956,3.0
3438,3355,-7.0
3439,3277,10.0
3440,3610,7.0
3441,3140,9.0
3442,3317,11.0
3443,3884,-3.0
3444,3626,8.0
3445,3144,9.0
3446,3798,9.0
3447,2953,12.0
3448,2818,12.0
3449,2362,16.0
3450,3527,8.0
3451,2876,12.0
3452,3096,14.0
3453,3202,14.0
3454,4138,4.0
3455,3233,7.0
3456,2379,17.0
3457,3024,8.0
3458,3535,7.0
3459,4209,3.0
3460,3148,13.0
3461,2496,16.0
3462,2673,16.0
3463,2901,12.0
3464,2787,13.0
3465,3708,6.0
3466,3866,2.0
3467,2722,14.0
3468,3426,4.0
3469,3806,10.0
3470,2410,17.0
3471,3609,11.0
3472,2711,13.0
3473,3357,11.0
3474,4500,4.0
3475,3254,10.0
3476,4336,-2.0
3477,3450,7.0
3478,3977,5.0
3479,2615,13.0
3480,4220,3.0
3481,3051,11.0
3482,2278,16.0
3483,3007,13.0
3484,3761,4.0
3485,3264,9.0
3486,3663,7.0
3487,2675,14.0
3488,3466,13.0
3489,3067,16.0
3490,3715,5.0
3491,2746,14.0
3492,3126,9.0
3493,3819,7.0
3494,2681,11.0
3495,2648,17.0
3496,2888,17.0
3497,3687,-2.0
3498,3324,10.0
3499,2936,10.0
3500,3855,6.0
3501,3908,3.0
3502,2782,15.0
3503,3616,9.0
3504,4052,3.0
3505,4243,5.0
3506,3345,10.0
3507,3557,-8.0
3508,4088,5.0
3509,2892,14.0
3510,3086,8.0
3511,2535,14.0
3512,2516,18.0
3513,2326,17.0
3514,3751,7.0
3515,2155,18.0
3516,3404,9.0
3517,3484,4.0
3518,3755,6.0
3519,3309,11.0
3520,4352,2.0
3521,3775,2.0
3522,3289,9.0
3523,3505,8.0
3524,3487,8.0
3525,3344,13.0
3526,3653,5.0
3527,2417,15.0
3528,3918,7.0
3529,2973,11.0
3530,3932,5.0
3531,2556,16.0
3532,3845,5.0
3533,3115,11.0
3534,3147,12.0
3535,2800,14.0
3536,3240,8.0
3537,3457,4.0
3538,3879,5.0
3539,3847,6.0
3540,4500,0.0
3541,3987,7.0
3542,3274,12.0
3543,4047,5.0
3544,2844,15.0
3545,3972,7.0
3546,3938,4.0
3547,3089,14.0
3548,2330,18.0
3549,2876,13.0
3550,3946,6.0
3551,2691,16.0
3552,3459,5.0
3553,3486,9.0
3554,2645,17.0
3555,4207,2.0
3556,4082,5.0
3557,2670,13.0
3558,4497,-5.0
3559,3279,15.0
3560,3134,13.0
3561,2659,16.0
3562,3004,13.0
3563,2281,17.0
3564,3545,10.0
3565,2136,19.0
3566,3859,7.0
3567,4118,5.0
3568,2466,16.0
3569,3337,10.0
3570,2871,9.0
3571,2930,10.0
3572,3594,3.0
3573,3084,13.0
3574,3511,6.0
3575,3394,12.0
3576,2936,10.0
3577,2943,12.0
3578,3043,12.0
3579,3523,10.0
3580,3464,7.0
3581,2999,10.0
3582,3090,9.0
3583,2973,12.0
3584,2589,13.0
3585,2329,17.0
3586,2386,17.0
3587,2738,11.0
3588,2813,16.0
3589,3043,11.0
3590,3451,9.0
3591,4186,-3.0
3592,3623,5.0
3593,2523,16.0
3594,3764,10.0
3595,2493,18.0
3596,3348,2.0
3597,3110,10.0
3598,2868,15.0
3599,3511,14.0
3600,3919,4.0
3601,3790,5.0
3602,3045,11.0
3603,2785,17.0
3604,3435,8.0
3605,4385,1.0
3606,2369,16.0
3607,2634,16.0
3608,3343,7.0
3609,2848,12.0
3610,2734,13.0
3611,3538,5.0
3612,4200,3.0
3613,3197,12.0
3614,3119,9.0
3615,2592,16.0
3616,2969,12.0
3617,2277,17.0
3618,3689,5.0
3619,3971,-3.0
3620,3056,11.0
3621,3027,12.0
3622,3369,14.0
3623,4287,1.0
3624,3420,4.0
3625,3169,11.0
3626,2864,14.0
3627,4079,5.0
3628,3686,4.0
3629,2497,14.0
3630,3633,6.0
3631,2852,12.0
3632,3111,9.0
3633,3389,9.0
3634,2179,18.0
3635,2536,15.0
3636,3748,8.0
3637,3174,10.0
3638,2152,18.0
3639,2259,17.0
3640,3431,6.0
3641,2995,13.0
3642,3542,10.0
3643,2396,18.0
3644,2760,12.0
3645,2143,19.0
3646,3368,11.0
3647,4305,3.0
3648,3548,8.0
3649,2342,18.0
3650,2594,13.0
3651,2124,20.0
3652,3253,11.0
3653,2333,16.0
3654,2592,14.0
3655,3277,8.0
3656,2771,12.0
3657,2951,14.0
3658,3215,12.0
3659,2896,13.0
3660,2791,12.0
3661,3818,3.0
3662,2694,12.0
3663,2066,21.0
3664,2342,16.0
3665,3509,6.0
3666,3261,12.0
3667,3458,8.0
3668,2948,13.0
3669,3213,10.0
3670,3365,9.0
3671,3887,6.0
3672,2894,12.0
3673,2818,15.0
3674,3073,10.0
3675,4181,5.0
3676,2149,20.0
3677,3426,8.0
3678,2936,13.0
3679,2648,20.0
3680,3045,12.0
3681,2793,13.0
3682,3553,12.0
3683,2957,10.0
3684,2741,13.0
3685,3079,9.0
3686,3146,12.0
3687,3438,8.0
3688,3133,12.0
3689,2906,15.0
3690,3412,10.0
3691,2810,13.0
3692,3419,10.0
3693,3847,7.0
3694,2304,18.0
3695,3935,1.0
3696,3157,7.0
3697,2678,14.0
3698,3551,4.0
3699,2732,13.0
3700,3196,12.0
3701,3189,12.0
3702,2466,16.0
3703,3184,10.0
3704,3816,5.0
3705,3364,9.0
3706,3082,13.0
3707,3926,8.0
3708,2165,19.0
3709,3127,11.0
3710,3693,9.0
3711,3963,3.0
3712,3742,5.0
3713,2640,14.0
3714,3070,13.0
3715,3113,10.0
3716,3642,4.0
3717,2087,20.0
3718,3279,11.0
3719,3607,7.0
3720,3487,11.0
3721,3418,3.0
3722,3165,12.0
3723,2999,11.0
3724,3159,10.0
3725,3072,13.0
3726,3887,6.0
3727,3310,10.0
3728,2543,17.0
3729,2768,13.0
3730,3538,9.0
3731,3469,10.0
3732,2779,13.0
3733,3317,11.0
3734,3579,8.0
3735,2973,12.0
3736,2639,16.0
3737,3199,16.0
3738,2178,20.0
3739,3553,10.0
3740,3477,11.0
3741,3436,12.0
3742,2958,14.0
3743,3675,11.0
3744,3100,13.0
3745,2931,11.0
3746,2505,14.0
3747,2936,11.0
3748,3757,6.0
3749,2889,14.0
3750,3196,13.0
3751,2681,15.0
3752,4017,12.0
3753,2682,15.0
3754,2640,15.0
3755,2952,15.0
3756,3231,11.0
3757,2634,16.0
3758,3699,9.0
3759,2374,16.0
3760,2616,15.0
3761,2229,18.0
3762,3128,10.0
3763,3179,12.0
3764,4025,8.0
3765,2952,11.0
3766,2165,17.0
3767,3056,11.0
3768,3540,8.0
3769,2448,15.0
3770,3381,10.0
3771,2788,13.0
3772,2881,12.0
3773,2260,19.0
3774,2522,18.0
3775,3410,8.0
3776,3187,9.0
3777,3339,9.0
3778,3070,14.0
3779,3790,-4.0
3780,2617,15.0
3781,3418,10.0
3782,3278,13.0
3783,2174,19.0
3784,2573,15.0
3785,2940,11.0
3786,3047,11.0
3787,2751,14.0
3788,2340,17.0
3789,3168,12.0
3790,2916,10.0
3791,2675,16.0
3792,2858,14.0
3793,2082,18.0
3794,2052,20.0
3795,3100,13.0
3796,2583,15.0
3797,3136,12.0
3798,2714,13.0
3799,3018,13.0
3800,2471,16.0
3801,2943,14.0
3802,3242,10.0
3803,2258,19.0
3804,3036,12.0
3805,3415,10.0
3806,2658,16.0
3807,3212,9.0
3808,2374,15.0
3809,3306,11.0
3810,3798,7.0
3811,3358,11.0
3812,2712,15.0
3813,3443,9.0
3814,2809,14.0
3815,2998,13.0
3816,2725,14.0
3817,4054,9.0
3818,3386,10.0
3819,3058,13.0
3820,3252,6.0
3821,2215,19.0
3822,3202,12.0
3823,2366,17.0
3824,3188,11.0
3825,3203,14.0
3826,2516,16.0
3827,4005,7.0
3828,4058,-2.0
3829,2702,15.0
3830,2928,13.0
3831,2436,15.0
3832,2516,19.0
3833,3886,10.0
3834,2704,13.0
3835,2091,18.0
3836,2399,16.0
3837,2796,13.0
3838,3120,12.0
3839,2672,16.0
3840,3058,15.0
3841,3094,12.0
3842,3546,10.0
3843,2323,18.0
3844,2617,19.0
3845,2668,14.0
3846,2174,20.0
3847,4000,2.0
3848,3199,12.0
3849,3008,11.0
3850,3504,11.0
3851,3158,11.0
3852,3196,6.0
3853,2861,12.0
3854,2763,15.0
3855,2959,10.0
3856,3394,12.0
3857,3531,11.0
3858,3645,3.0
3859,2840,14.0
3860,3366,6.0
3861,3465,10.0
3862,3193,7.0
3863,3418,12.0
3864,3630,11.0
3865,3026,16.0
3866,2963,11.0
3867,3860,3.0
3868,2719,17.0
3869,2620,13.0
3870,2749,14.0
3871,2711,15.0
3872,4405,10.0
3873,3218,13.0
3874,3125,8.0
3875,2960,11.0
3876,2637,14.0
3877,2732,15.0
3878,2638,16.0
3879,3702,7.0
3880,3995,8.0
3881,3475,8.0
3882,3245,12.0
3883,3259,11.0
3884,3256,12.0
3885,2140,19.0
3886,3239,11.0
3887,3284,10.0
3888,3198,13.0
3889,2654,14.0
3890,2491,17.0
3891,3163,12.0
3892,2305,17.0
3893,4090,4.0
3894,2420,17.0
3895,2596,16.0
3896,2241,18.0
3897,2817,12.0
3898,2323,18.0
3899,2612,12.0
3900,3625,6.0
3901,2761,11.0
3902,3073,11.0
3903,3263,8.0
3904,2520,16.0
3905,2484,14.0
3906,2776,14.0
3907,3868,8.0
3908,3076,8.0
3909,2960,16.0
3910,3142,9.0
3911,3349,10.0
3912,2948,15.0
3913,2713,14.0
3914,3113,14.0
3915,3084,10.0
3916,4198,-4.0
3917,2737,14.0
3918,3009,12.0
3919,2663,16.0
3920,2510,15.0
3921,2616,15.0
3922,2572,14.0
3923,2206,15.0
3924,3412,7.0
3925,3416,9.0
3926,2460,17.0
3927,2885,14.0
3928,2370,16.0
3929,2818,11.0
3930,3125,13.0
3931,2534,17.0
3932,3671,5.0
3933,2285,18.0
3934,3326,13.0
3935,2232,17.0
3936,3664,11.0
3937,3300,11.0
3938,3784,7.0
3939,3261,8.0
3940,2923,12.0
3941,3350,10.0
3942,4042,8.0
3943,2811,15.0
3944,3525,7.0
3945,2484,15.0
3946,2918,11.0
3947,3388,9.0
3948,2289,16.0
3949,3375,10.0
3950,3383,9.0
3951,2335,15.0
3952,2411,17.0
3953,2792,14.0
3954,2850,14.0
3955,2333,16.0
3956,2407,16.0
3957,2491,17.0
3958,3029,15.0
3959,2923,15.0
3960,3181,15.0
3961,2404,18.0
3962,4108,5.0
3963,2659,13.0
3964,2529,18.0
3965,3079,10.0
3966,2840,13.0
3967,3607,8.0
3968,4500,0.0
3969,2560,15.0
3970,2223,19.0
3971,2840,14.0
3972,3286,13.0
3973,2584,15.0
3974,2686,18.0
3975,2498,17.0
3976,3264,11.0
3977,2308,17.0
3978,2596,16.0
3979,2910,16.0
3980,2030,19.0
3981,2184,18.0
3982,2906,12.0
3983,2160,18.0
3984,2389,16.0
3985,3152,12.0
3986,2378,17.0
3987,2503,18.0
3988,2512,17.0
3989,2936,14.0
3990,2930,15.0
3991,2587,14.0
3992,3343,10.0
3993,3918,5.0
3994,2834,12.0
3995,2480,17.0
3996,2903,14.0
3997,3037,13.0
3998,3770,7.0
3999,2646,15.0
4000,2318,17.0
4001,2326,17.0
4002,2932,15.0
4003,2274,19.0
4004,2224,20.0
4005,2595,17.0
4006,3123,13.0
4007,3491,14.0
4008,3631,7.0
4009,3022,14.0
4010,3253,11.0
4011,2731,12.0
4012,2982,17.0
4013,3531,8.0
4014,2280,19.0
4015,2415,16.0
4016,2760,14.0
4017,2737,13.0
4018,2930,14.0
4019,3324,13.0
4020,3857,5.0
4021,3756,9.0
4022,2778,12.0
4023,2660,16.0
4024,2822,12.0
4025,2764,16.0
4026,2598,15.0
4027,2932,10.0
4028,3875,11.0
4029,2804,11.0
4030,3314,9.0
4031,2760,16.0
4032,2423,16.0
4033,2897,16.0
4034,3206,16.0
4035,2411,18.0
4036,2829,14.0
4037,3960,9.0
4038,3291,6.0
4039,2882,15.0
4040,2681,13.0
4041,2448,18.0
4042,2761,14.0
4043,2661,15.0
4044,2696,13.0
4045,3092,12.0
4046,3350,8.0
4047,3736,7.0
4048,2936,15.0
4049,2715,16.0
4050,3277,15.0
4051,3219,13.0
4052,2954,15.0
4053,2724,12.0
4054,2816,11.0
4055,3107,11.0
4056,2912,13.0
4057,2934,12.0
4058,3985,7.0
4059,2753,14.0
4060,2214,17.0
4061,3065,11.0
4062,2283,20.0
4063,2793,12.0
4064,2762,16.0
4065,3083,14.0
4066,3634,8.0
4067,4183,5.0
4068,2732,16.0
4069,3002,11.0
4070,2331,15.0
4071,2192,20.0
4072,2488,16.0
4073,2209,19.0
4074,2007,20.0
4075,2534,17.0
4076,2873,13.0
4077,2006,21.0
4078,2813,14.0
4079,1962,21.0
4080,2388,17.0
4081,2408,17.0
4082,2335,20.0
4083,2650,18.0
4084,3283,12.0
4085,2993,14.0
4086,2298,17.0
4087,2726,14.0
4088,2479,16.0
4089,2451,18.0
4090,3210,13.0
4091,3376,12.0
4092,3451,12.0
4093,2954,14.0
4094,2885,15.0
4095,3048,14.0
4096,4468,7.0
4097,3321,11.0
4098,2616,15.0
4099,2846,13.0
4100,2377,18.0
4101,2562,17.0
4102,2984,16.0
4103,2578,18.0
4104,2997,13.0
4105,3062,14.0
4106,2713,14.0
4107,2747,16.0
4108,3282,12.0
4109,2920,14.0
4110,2420,17.0
4111,3054,11.0
4112,2700,16.0
4113,2729,16.0
4114,3122,10.0
4115,3604,13.0
4116,3076,13.0
4117,2678,13.0
4118,3118,13.0
4119,3165,16.0
4120,3165,10.0
4121,3166,10.0
4122,2832,13.0
4123,3557,11.0
4124,2487,19.0
4125,2774,14.0
4126,3196,12.0
4127,3038,12.0
4128,3235,11.0
4129,2155,20.0
4130,2113,19.0
4131,2856,11.0
4132,2500,16.0
4133,3144,16.0
4134,2874,14.0
4135,3045,13.0
4136,3352,10.0
4137,3310,10.0
4138,2690,14.0
4139,3525,7.0
4140,3859,7.0
4141,3706,5.0
4142,3028,13.0
4143,3954,8.0
4144,2792,13.0
4145,2501,15.0
4146,2386,18.0
4147,3762,14.0
4148,2899,14.0
4149,2914,14.0
4150,3567,10.0
4151,3078,14.0
4152,2796,13.0
4153,2867,14.0
4154,2991,14.0
4155,2996,15.0
4156,3912,9.0
4157,3616,10.0
4158,3976,12.0
4159,2527,18.0
4160,3089,16.0
4161,2812,16.0
4162,2637,15.0
4163,2764,15.0
4164,2698,14.0
4165,2999,12.0
4166,2995,13.0
4167,2239,17.0
4168,2685,17.0
4169,3829,6.0
4170,2935,12.0
4171,3253,17.0
4172,3517,11.0
4173,2348,18.0
4174,3501,14.0
4175,3321,13.0
4176,3598,9.0
4177,3417,12.0
4178,2996,15.0
4179,2508,18.0
4180,3995,6.0
4181,2978,14.0
4182,3561,11.0
4183,3036,15.0
4184,2349,19.0
4185,3735,6.0
4186,2809,15.0
4187,2925,13.0
4188,3039,13.0
4189,2825,10.0
4190,3728,9.0
4191,3212,11.0
4192,3150,12.0
4193,4121,4.0
4194,2993,15.0
4195,2956,14.0
4196,3889,7.0
4197,2652,13.0
4198,2357,17.0
4199,2908,14.0
4200,2857,14.0
4201,3071,9.0
4202,3101,6.0
4203,2741,16.0
4204,2744,16.0
4205,2186,20.0
4206,3065,14.0
4207,2894,16.0
4208,3152,15.0
4209,3299,13.0
4210,3286,10.0
4211,3029,15.0
4212,2733,16.0
4213,2684,14.0
4214,2491,18.0
4215,2193,18.0
4216,2740,15.0
4217,2536,14.0
4218,3801,14.0
4219,3375,7.0
4220,2939,15.0
4221,2688,14.0
4222,2550,17.0
4223,3340,14.0
4224,2958,14.0
4225,2950,14.0
4226,2370,16.0
4227,2644,15.0
4228,2744,16.0
4229,2258,19.0
4230,3222,12.0
4231,4165,4.0
4232,2596,16.0
4233,2562,16.0
4234,2846,13.0
4235,2643,16.0
4236,2903,14.0
4237,2875,13.0
4238,2801,12.0
4239,3535,10.0
4240,2283,18.0
4241,3447,12.0
4242,2459,19.0
4243,3183,9.0
4244,2487,18.0
4245,2186,20.0
4246,3201,12.0
4247,2415,18.0
4248,3362,10.0
4249,3350,11.0
4250,2373,17.0
4251,2772,17.0
4252,2905,17.0
4253,2543,16.0
4254,2837,14.0
4255,2221,19.0
4256,2627,15.0
4257,2853,14.0
4258,2923,12.0
4259,2370,19.0
4260,3491,7.0
4261,2875,15.0
4262,3253,10.0
4263,2856,12.0
4264,2570,15.0
4265,2938,12.0
4266,2326,17.0
4267,2975,13.0
4268,2895,17.0
4269,2903,15.0
4270,2820,12.0
4271,3982,3.0
4272,3301,10.0
4273,2852,16.0
4274,2882,16.0
4275,2338,17.0
4276,4104,2.0
4277,2230,18.0
4278,2421,19.0
4279,2261,19.0
4280,2548,17.0
4281,2670,15.0
4282,2501,16.0
4283,2197,20.0
4284,3027,16.0
4285,2458,19.0
4286,3327,15.0
4287,2234,19.0
4288,3406,11.0
4289,2608,16.0
4290,2676,16.0
4291,3003,16.0
4292,3243,15.0
4293,2771,15.0
4294,3106,12.0
4295,2654,14.0
4296,2460,20.0
4297,3141,12.0
4298,2870,15.0
4299,2740,15.0
4300,2653,18.0
4301,2750,15.0
4302,3185,13.0
4303,2651,16.0
4304,2970,15.0
4305,3401,9.0
4306,3343,11.0
4307,3181,12.0
4308,3322,15.0
4309,2629,17.0
4310,4232,10.0
4311,3354,11.0
4312,2574,14.0
4313,3880,11.0
4314,3308,11.0
4315,3191,12.0
4316,3796,7.0
4317,2470,15.0
4318,2983,15.0
4319,2966,12.0
4320,2769,16.0
4321,2515,17.0
4322,4019,8.0
4323,3124,11.0
4324,4224,6.0
4325,3186,10.0
4326,2465,15.0
4327,2429,20.0
4328,2233,20.0
4329,2900,16.0
4330,2496,17.0
4331,3093,12.0
4332,3479,8.0
4333,2896,14.0
4334,3002,17.0
4335,2937,15.0
4336,3016,13.0
4337,2991,14.0
4338,2597,14.0
4339,3319,13.0
4340,3558,10.0
4341,2669,13.0
4342,2634,14.0
4343,2748,16.0
4344,2585,15.0
4345,2121,19.0
4346,3267,13.0
4347,2452,19.0
4348,2573,15.0
4349,3162,15.0
4350,2292,18.0
4351,2135,19.0
4352,3547,8.0
4353,2498,16.0
4354,2430,17.0
4355,2941,13.0
4356,2504,16.0
4357,2357,19.0
4358,2685,19.0
4359,2623,16.0
4360,2776,17.0
4361,2318,17.0
4362,2830,15.0
4363,2601,13.0
4364,3696,7.0
4365,2793,13.0
4366,2451,17.0
4367,2724,14.0
4368,2632,17.0
4369,2541,17.0
4370,2692,12.0
4371,2939,15.0
4372,2419,15.0
4373,2169,21.0
4374,3402,7.0
4375,3304,8.0
4376,2488,17.0
4377,2958,11.0
4378,2058,20.0
4379,2239,19.0
4380,2146,20.0
4381,3146,13.0
4382,2713,17.0
4383,3161,14.0
4384,2409,19.0
4385,3012,12.0
4386,2251,19.0
4387,3316,13.0
4388,3015,15.0
4389,4265,5.0
4390,3329,13.0
4391,2303,18.0
4392,2821,13.0
4393,3390,9.0
4394,3556,11.0
4395,2491,17.0
4396,2779,15.0
4397,3133,8.0
4398,2795,16.0
4399,2594,18.0
4400,2824,13.0
4401,2634,16.0
4402,2560,18.0
4403,2804,16.0
4404,3289,9.0
4405,3104,13.0
4406,2210,20.0
4407,2954,15.0
4408,2807,17.0
4409,2625,15.0
4410,2555,14.0
4411,2929,14.0
4412,3068,13.0
4413,2310,18.0
4414,3362,11.0
4415,2663,17.0
4416,2602,16.0
4417,3237,14.0
4418,3248,11.0
4419,2398,19.0
4420,2895,13.0
4421,2697,14.0
4422,2701,16.0
4423,3715,8.0
4424,3315,9.0
4425,3395,14.0
4426,2345,17.0
4427,2535,18.0
4428,2569,16.0
4429,2488,16.0
4430,2974,15.0
4431,2762,14.0
4432,2515,16.0
4433,2154,20.0
4434,2546,17.0
4435,3709,9.0
4436,2647,17.0
4437,2968,17.0
4438,3631,9.0
4439,2661,17.0
4440,2408,19.0
4441,2101,21.0
4442,3023,13.0
4443,3955,13.0
4444,2594,17.0
4445,2782,15.0
4446,3277,13.0
4447,2486,18.0
4448,3239,14.0
4449,3212,13.0
4450,3346,12.0
4451,2983,14.0
4452,3117,13.0
4453,2892,13.0
4454,3423,13.0
4455,2581,15.0
4456,3104,14.0
4457,3033,13.0
4458,2641,14.0
4459,2606,15.0
4460,2715,16.0
4461,3865,7.0
4462,3202,14.0
4463,2828,10.0
4464,3331,10.0
4465,3194,10.0
4466,2755,12.0
4467,2346,18.0
4468,3615,10.0
4469,2775,14.0
4470,2829,17.0
4471,2248,18.0
4472,2287,17.0
4473,3096,13.0
4474,2938,14.0
4475,3041,16.0
4476,3418,9.0
4477,2817,12.0
4478,3180,11.0
4479,2595,17.0
4480,2984,12.0
4481,2632,17.0
4482,3111,12.0
4483,2561,16.0
4484,2637,15.0
4485,2361,18.0
4486,2145,19.0
4487,2298,19.0
4488,2643,17.0
4489,2902,15.0
4490,2323,18.0
4491,2523,18.0
4492,3264,14.0
4493,3285,10.0
4494,2867,16.0
4495,2891,16.0
4496,2776,16.0
4497,2535,19.0
4498,2580,18.0
4499,2672,16.0
4500,2776,14.0
4501,3235,12.0
4502,2562,15.0
4503,3066,14.0
4504,2558,19.0
4505,2793,14.0
4506,2555,17.0
4507,2787,15.0
4508,2339,18.0
4509,3473,10.0
4510,3251,10.0
4511,2849,14.0
4512,3706,11.0
4513,3655,10.0
4514,2777,16.0
4515,3067,14.0
4516,3149,14.0
4517,3043,13.0
4518,2571,16.0
4519,2522,19.0
4520,2441,16.0
4521,2944,14.0
4522,2248,19.0
4523,3317,11.0
4524,3245,15.0
4525,3725,9.0
4526,2380,16.0
4527,2830,17.0
4528,2293,20.0
4529,2485,19.0
4530,2571,16.0
4531,2854,14.0
4532,3616,6.0
4533,3220,14.0
4534,2400,18.0
4535,2537,15.0
4536,2765,15.0
4537,2675,16.0
4538,2776,14.0
4539,2833,12.0
4540,2789,13.0
4541,3741,8.0
4542,2942,15.0
4543,2949,14.0
4544,2457,16.0
4545,2628,17.0
4546,2619,17.0
4547,3317,12.0
4548,2935,17.0
4549,3654,11.0
4550,2805,18.0
4551,2802,15.0
4552,2595,16.0
4553,2569,16.0
4554,2248,19.0
4555,3485,8.0
4556,3047,13.0
4557,2554,12.0
4558,2880,18.0
4559,2428,18.0
4560,2873,15.0
4561,2762,13.0
4562,2742,14.0
4563,2318,18.0
4564,2852,17.0
4565,3218,6.0
4566,2640,16.0
4567,2678,15.0
4568,2817,13.0
4569,2218,20.0
4570,2700,17.0
4571,3175,14.0
4572,2244,17.0
4573,3025,14.0
4574,4115,10.0
4575,2275,18.0
4576,2388,18.0
4577,2825,14.0
4578,3697,9.0
4579,2483,18.0
4580,2030,19.0
4581,2456,17.0
4582,2540,19.0
4583,3241,12.0
4584,2124,19.0
4585,2957,16.0
4586,3225,10.0
4587,3177,14.0
4588,2799,17.0
4589,3252,11.0
4590,3239,11.0
4591,2869,14.0
4592,2496,16.0
4593,2570,17.0
4594,2440,17.0
4595,2490,16.0
4596,2081,19.0
4597,2656,16.0
4598,2839,17.0
4599,3280,11.0
4600,2716,15.0
4601,3006,13.0
4602,3113,13.0
4603,2642,15.0
4604,2987,15.0
4605,2700,15.0
4606,2262,19.0
4607,3081,12.0
4608,2584,18.0
4609,2936,15.0
4610,2566,17.0
4611,3458,9.0
4612,2635,19.0
4613,3003,14.0
4614,2873,12.0
4615,3948,7.0
4616,3019,14.0
4617,2751,16.0
4618,2101,19.0
4619,3213,14.0
4620,2411,19.0
4621,2876,17.0
4622,3287,11.0
4623,3007,15.0
4624,3360,14.0
4625,2452,18.0
4626,3593,9.0
4627,2615,15.0
4628,2632,18.0
4629,3063,12.0
4630,2876,16.0
4631,3395,13.0
4632,3378,9.0
4633,3110,7.0
4634,2170,17.0
4635,2255,18.0
4636,2323,19.0
4637,3249,15.0
4638,2636,17.0
4639,2636,17.0
4640,2258,19.0
4641,3017,15.0
4642,2907,15.0
4643,2486,16.0
4644,3207,10.0
4645,2699,17.0
4646,3955,9.0
4647,2526,17.0
4648,2993,16.0
4649,3734,8.0
4650,3146,11.0
4651,3291,16.0
4652,2934,16.0
4653,2636,13.0
4654,3085,15.0
4655,2792,15.0
4656,3207,11.0
4657,4059,9.0
4658,3083,15.0
4659,3341,8.0
4660,2752,16.0
4661,2892,16.0
4662,3117,16.0
4663,3102,8.0
4664,3228,13.0
4665,2743,12.0
4666,2153,20.0
4667,2446,19.0
4668,2560,18.0
4669,2031,21.0
4670,2792,17.0
4671,2741,15.0
4672,3707,9.0
4673,2315,19.0
4674,3587,11.0
4675,2604,17.0
4676,2847,11.0
4677,2573,17.0
4678,2268,19.0
4679,3137,14.0
4680,2798,13.0
4681,2914,15.0
4682,3779,8.0
4683,3677,13.0
4684,2639,17.0
4685,2733,16.0
4686,2546,18.0
4687,3020,10.0
4688,3314,12.0
4689,2906,13.0
4690,2921,14.0
4691,2612,17.0
4692,2334,20.0
4693,2468,17.0
4694,2626,16.0
4695,2507,17.0
4696,3015,11.0
4697,3238,13.0
4698,2752,15.0
4699,2436,19.0
4700,2439,18.0
4701,2190,19.0
4702,2774,14.0
4703,3358,12.0
4704,3307,12.0
4705,2063,21.0
4706,2129,20.0
4707,2649,19.0
4708,2789,17.0
4709,2585,17.0
4710,2347,19.0
4711,2481,17.0
4712,2568,20.0
4713,2907,14.0
4714,2622,17.0
4715,2177,21.0
4716,2831,13.0
4717,2810,14.0
4718,2573,18.0
4719,2722,17.0
4720,2861,12.0
4721,2800,13.0
4722,3218,14.0
4723,2403,20.0
4724,2655,13.0
4725,2865,13.0
4726,3726,8.0
4727,2553,18.0
4728,2766,11.0
4729,3402,9.0
4730,2173,18.0
4731,3082,10.0
4732,3071,12.0
4733,2559,17.0
4734,2987,11.0
4735,2882,18.0
4736,2857,10.0
4737,2087,20.0
4738,2525,17.0
4739,3350,15.0
4740,2559,18.0
4741,2477,17.0
4742,2287,19.0
4743,3168,14.0
4744,2041,20.0
4745,3042,15.0
4746,2742,13.0
4747,3261,11.0
4748,2786,18.0
4749,2383,18.0
4750,3368,13.0
4751,4161,6.0
4752,2600,16.0
4753,3000,16.0
4754,3217,10.0
4755,2650,17.0
4756,2371,20.0
4757,3049,13.0
4758,2057,20.0
4759,3762,12.0
4760,3077,13.0
4761,2765,15.0
4762,2974,14.0
4763,2555,18.0
4764,2852,16.0
4765,3237,15.0
4766,3232,9.0
4767,2568,17.0
4768,3017,13.0
4769,2538,19.0
4770,2478,18.0
4771,2507,19.0
4772,2251,20.0
4773,2452,18.0
4774,3214,12.0
4775,2726,14.0
4776,3492,8.0
4777,2827,16.0
4778,2286,20.0
4779,2966,14.0
4780,2601,12.0
4781,2175,21.0
4782,2452,16.0
4783,2981,13.0
4784,2129,21.0
4785,2377,17.0
4786,2427,18.0
4787,2471,18.0
4788,2949,12.0
4789,2645,17.0
4790,2813,16.0
4791,3401,11.0
4792,2492,15.0
4793,2643,17.0
4794,2606,16.0
4795,2238,17.0
4796,2361,18.0
4797,2377,17.0
4798,2450,18.0
4799,3077,13.0
4800,3084,15.0
4801,3742,10.0
4802,2787,15.0
4803,2167,18.0
4804,2525,17.0
4805,2364,18.0
4806,2989,14.0
4807,3216,11.0
4808,2701,15.0
4809,2406,17.0
4810,2858,13.0
4811,2746,15.0
4812,3120,12.0
4813,2619,18.0
4814,2729,17.0
4815,2550,15.0
4816,2969,14.0
4817,3389,10.0
4818,3010,13.0
4819,2831,15.0
4820,2513,18.0
4821,3861,2.0
4822,3187,16.0
4823,2401,18.0
4824,3719,11.0
4825,2444,18.0
