0,758,-21.0
1,819,-21.0
2,758,-21.0
3,760,-21.0
4,994,-19.0
5,756,-21.0
6,762,-21.0
7,762,-21.0
8,756,-21.0
9,762,-21.0
10,760,-21.0
11,756,-21.0
12,759,-21.0
13,763,-21.0
14,754,-21.0
15,762,-21.0
16,758,-21.0
17,755,-21.0
18,754,-21.0
19,762,-21.0
20,759,-21.0
21,761,-21.0
22,761,-21.0
23,870,-21.0
24,755,-21.0
25,756,-21.0
26,759,-21.0
27,757,-21.0
28,760,-21.0
29,760,-21.0
30,758,-21.0
31,761,-21.0
32,848,-21.0
33,756,-21.0
34,757,-21.0
35,755,-21.0
36,816,-21.0
37,754,-21.0
38,762,-21.0
39,762,-21.0
40,761,-21.0
41,758,-21.0
42,817,-21.0
43,760,-21.0
44,761,-21.0
45,754,-21.0
46,756,-21.0
47,760,-21.0
48,757,-21.0
49,761,-21.0
50,760,-21.0
51,786,-21.0
52,755,-21.0
53,754,-21.0
54,761,-21.0
55,757,-21.0
56,755,-21.0
57,754,-21.0
58,760,-21.0
59,754,-21.0
60,760,-21.0
61,763,-21.0
62,758,-21.0
63,762,-21.0
64,756,-21.0
65,900,-20.0
66,758,-21.0
67,757,-21.0
68,758,-21.0
69,778,-21.0
70,763,-21.0
71,759,-21.0
72,761,-21.0
73,763,-21.0
74,823,-21.0
75,757,-21.0
76,756,-21.0
77,761,-21.0
78,756,-21.0
79,757,-21.0
80,760,-21.0
81,759,-21.0
82,755,-21.0
83,757,-21.0
84,762,-21.0
85,754,-21.0
86,759,-21.0
87,756,-21.0
88,783,-21.0
89,756,-21.0
90,760,-21.0
91,787,-21.0
92,757,-21.0
93,757,-21.0
94,820,-21.0
95,760,-21.0
96,763,-21.0
97,760,-21.0
98,759,-21.0
99,758,-21.0
100,755,-21.0
101,762,-21.0
102,756,-21.0
103,754,-21.0
104,760,-21.0
105,755,-21.0
106,757,-21.0
107,758,-21.0
108,755,-21.0
109,761,-21.0
110,817,-21.0
111,760,-21.0
112,762,-21.0
113,760,-21.0
114,757,-21.0
115,756,-21.0
116,756,-21.0
117,762,-21.0
118,761,-21.0
119,761,-21.0
120,758,-21.0
121,756,-21.0
122,756,-21.0
123,1039,-20.0
124,759,-21.0
125,756,-21.0
126,757,-21.0
127,756,-21.0
128,761,-21.0
129,763,-21.0
130,758,-21.0
131,754,-21.0
132,755,-21.0
133,756,-21.0
134,762,-21.0
135,759,-21.0
136,760,-21.0
137,754,-21.0
138,780,-21.0
139,762,-21.0
140,756,-21.0
141,758,-21.0
142,758,-21.0
143,756,-21.0
144,783,-21.0
145,758,-21.0
146,758,-21.0
147,759,-21.0
148,761,-21.0
149,755,-21.0
150,757,-21.0
151,755,-21.0
152,756,-21.0
153,759,-21.0
154,758,-21.0
155,761,-21.0
156,761,-21.0
157,758,-21.0
158,754,-21.0
159,759,-21.0
160,806,-21.0
161,758,-21.0
162,761,-21.0
163,760,-21.0
164,763,-21.0
165,754,-21.0
166,757,-21.0
167,763,-21.0
168,754,-21.0
169,754,-21.0
170,761,-21.0
171,759,-21.0
172,762,-21.0
173,762,-21.0
174,971,-21.0
175,757,-21.0
176,761,-21.0
177,824,-21.0
178,754,-21.0
179,758,-21.0
180,761,-21.0
181,763,-21.0
182,756,-21.0
183,756,-21.0
184,820,-21.0
185,759,-21.0
186,1035,-20.0
187,758,-21.0
188,755,-21.0
189,762,-21.0
190,849,-21.0
191,762,-21.0
192,763,-21.0
193,761,-21.0
194,755,-21.0
195,959,-20.0
196,754,-21.0
197,754,-21.0
198,763,-21.0
199,823,-21.0
200,814,-21.0
201,760,-21.0
202,758,-21.0
203,763,-21.0
204,761,-21.0
205,757,-21.0
206,757,-21.0
207,761,-21.0
208,882,-21.0
209,754,-21.0
210,762,-21.0
211,756,-21.0
212,757,-21.0
213,754,-21.0
214,757,-21.0
215,762,-21.0
216,761,-21.0
217,762,-21.0
218,759,-21.0
219,758,-21.0
220,867,-20.0
221,758,-21.0
222,761,-21.0
223,763,-21.0
224,758,-21.0
225,762,-21.0
226,861,-20.0
227,975,-20.0
228,757,-21.0
229,761,-21.0
230,758,-21.0
231,755,-21.0
232,760,-21.0
233,757,-21.0
234,756,-21.0
235,761,-21.0
236,818,-21.0
237,761,-21.0
238,756,-21.0
239,756,-21.0
240,760,-21.0
241,757,-21.0
242,755,-21.0
243,763,-21.0
244,756,-21.0
245,761,-21.0
246,791,-21.0
247,759,-21.0
248,993,-19.0
249,755,-21.0
250,762,-21.0
251,754,-21.0
252,969,-21.0
253,762,-21.0
254,759,-21.0
255,911,-21.0
256,763,-21.0
257,759,-21.0
258,763,-21.0
259,760,-21.0
260,754,-21.0
261,758,-21.0
262,760,-21.0
263,759,-21.0
264,755,-21.0
265,812,-21.0
266,762,-21.0
267,755,-21.0
268,820,-21.0
269,763,-21.0
270,946,-19.0
271,763,-21.0
272,757,-21.0
273,758,-21.0
274,760,-21.0
275,759,-21.0
276,754,-21.0
277,759,-21.0
278,786,-21.0
279,836,-20.0
280,759,-21.0
281,851,-21.0
282,758,-21.0
283,897,-20.0
284,880,-21.0
285,763,-21.0
286,847,-21.0
287,760,-21.0
288,818,-21.0
289,762,-21.0
290,757,-21.0
291,754,-21.0
292,763,-21.0
293,754,-21.0
294,759,-21.0
295,758,-21.0
296,845,-21.0
297,811,-21.0
298,820,-21.0
299,777,-21.0
300,845,-21.0
301,786,-21.0
302,758,-21.0
303,754,-21.0
304,784,-21.0
305,759,-21.0
306,754,-21.0
307,754,-21.0
308,757,-21.0
309,819,-21.0
310,836,-20.0
311,756,-21.0
312,1037,-19.0
313,756,-21.0
314,763,-21.0
315,912,-19.0
316,825,-21.0
317,894,-20.0
318,760,-21.0
319,816,-21.0
320,997,-21.0
321,763,-21.0
322,755,-21.0
323,760,-21.0
324,841,-21.0
325,816,-21.0
326,822,-21.0
327,944,-20.0
328,824,-21.0
329,754,-21.0
330,819,-21.0
331,757,-21.0
332,788,-21.0
333,763,-21.0
334,816,-21.0
335,784,-21.0
336,850,-21.0
337,814,-21.0
338,809,-21.0
339,821,-21.0
340,876,-20.0
341,815,-21.0
342,776,-21.0
343,760,-21.0
344,756,-21.0
345,989,-20.0
346,833,-21.0
347,822,-21.0
348,786,-21.0
349,928,-20.0
350,942,-19.0
351,759,-21.0
352,782,-21.0
353,759,-21.0
354,755,-21.0
355,837,-21.0
356,895,-20.0
357,785,-21.0
358,928,-21.0
359,762,-21.0
360,819,-21.0
361,939,-21.0
362,755,-21.0
363,773,-21.0
364,823,-21.0
365,1243,-18.0
366,941,-21.0
367,846,-21.0
368,780,-21.0
369,755,-21.0
370,754,-21.0
371,878,-21.0
372,861,-21.0
373,876,-20.0
374,762,-21.0
375,937,-21.0
376,815,-21.0
377,814,-21.0
378,955,-19.0
379,1013,-20.0
380,968,-21.0
381,1010,-20.0
382,916,-20.0
383,755,-21.0
384,788,-21.0
385,911,-19.0
386,822,-21.0
387,757,-21.0
388,820,-21.0
389,875,-21.0
390,936,-21.0
391,931,-21.0
392,1050,-19.0
393,761,-21.0
394,1003,-21.0
395,847,-21.0
396,896,-20.0
397,817,-21.0
398,760,-21.0
399,757,-21.0
400,938,-21.0
401,835,-20.0
402,1052,-19.0
403,879,-21.0
404,816,-21.0
405,762,-21.0
406,761,-21.0
407,841,-21.0
408,980,-19.0
409,945,-21.0
410,841,-20.0
411,955,-20.0
412,972,-20.0
413,820,-21.0
414,955,-21.0
415,850,-21.0
416,823,-21.0
417,913,-21.0
418,995,-21.0
419,862,-21.0
420,1039,-20.0
421,958,-20.0
422,867,-20.0
423,875,-21.0
424,763,-21.0
425,1031,-20.0
426,1095,-20.0
427,894,-20.0
428,933,-21.0
429,1117,-21.0
430,842,-21.0
431,1038,-19.0
432,968,-19.0
433,915,-20.0
434,888,-20.0
435,839,-20.0
436,817,-21.0
437,979,-20.0
438,937,-20.0
439,928,-20.0
440,846,-21.0
441,815,-21.0
442,971,-21.0
443,955,-21.0
444,1029,-20.0
445,923,-20.0
446,820,-21.0
447,1009,-19.0
448,1272,-19.0
449,882,-21.0
450,934,-21.0
451,980,-19.0
452,841,-20.0
453,884,-21.0
454,967,-21.0
455,1167,-19.0
456,1015,-19.0
457,1036,-19.0
458,1022,-20.0
459,1106,-19.0
460,912,-20.0
461,979,-20.0
462,1089,-19.0
463,1073,-19.0
464,966,-20.0
465,816,-21.0
466,790,-21.0
467,946,-20.0
468,1020,-20.0
469,987,-21.0
470,942,-21.0
471,898,-20.0
472,1001,-20.0
473,844,-21.0
474,883,-20.0
475,914,-19.0
476,943,-20.0
477,806,-21.0
478,1058,-20.0
479,883,-21.0
480,1255,-19.0
481,850,-21.0
482,927,-21.0
483,1007,-20.0
484,965,-21.0
485,967,-21.0
486,1072,-20.0
487,1001,-19.0
488,1062,-21.0
489,932,-21.0
490,1166,-20.0
491,780,-21.0
492,937,-21.0
493,930,-19.0
494,915,-21.0
495,921,-20.0
496,960,-21.0
497,833,-20.0
498,1017,-21.0
499,819,-21.0
500,976,-20.0
501,940,-21.0
502,922,-20.0
503,818,-21.0
504,837,-20.0
505,877,-21.0
506,1101,-20.0
507,817,-21.0
508,926,-21.0
509,956,-20.0
510,815,-21.0
511,1138,-20.0
512,958,-20.0
513,919,-20.0
514,1038,-20.0
515,954,-21.0
516,887,-20.0
517,956,-20.0
518,1019,-19.0
519,967,-21.0
520,1073,-18.0
521,1013,-20.0
522,1016,-21.0
523,1053,-19.0
524,893,-20.0
525,964,-21.0
526,843,-21.0
527,961,-20.0
528,938,-21.0
529,818,-21.0
530,940,-21.0
531,936,-21.0
532,815,-21.0
533,1061,-21.0
534,1062,-20.0
535,1017,-19.0
536,993,-21.0
537,1264,-19.0
538,1009,-19.0
539,1045,-21.0
540,1057,-20.0
541,1022,-21.0
542,943,-21.0
543,1170,-19.0
544,821,-21.0
545,995,-21.0
546,910,-21.0
547,984,-20.0
548,1204,-17.0
549,1065,-19.0
550,938,-21.0
551,813,-21.0
552,833,-20.0
553,987,-21.0
554,777,-21.0
555,1022,-21.0
556,877,-21.0
557,879,-21.0
558,820,-21.0
559,976,-20.0
560,1118,-21.0
561,965,-21.0
562,952,-21.0
563,810,-21.0
564,960,-20.0
565,838,-20.0
566,877,-21.0
567,879,-21.0
568,999,-21.0
569,905,-21.0
570,814,-21.0
571,954,-20.0
572,899,-21.0
573,935,-19.0
574,884,-20.0
575,933,-21.0
576,1025,-19.0
577,896,-20.0
578,1075,-18.0
579,874,-21.0
580,1064,-20.0
581,916,-20.0
582,878,-21.0
583,833,-20.0
584,923,-20.0
585,874,-21.0
586,1168,-20.0
587,922,-21.0
588,1132,-20.0
589,1033,-20.0
590,1008,-20.0
591,912,-21.0
592,913,-20.0
593,877,-21.0
594,858,-21.0
595,851,-21.0
596,930,-19.0
597,849,-21.0
598,790,-21.0
599,877,-21.0
600,814,-21.0
601,909,-21.0
602,815,-21.0
603,837,-21.0
604,951,-20.0
605,995,-20.0
606,837,-21.0
607,1003,-20.0
608,880,-21.0
609,1018,-19.0
610,933,-21.0
611,870,-21.0
612,819,-21.0
613,905,-21.0
614,787,-21.0
615,802,-21.0
616,961,-21.0
617,963,-21.0
618,1045,-19.0
619,1051,-19.0
620,951,-20.0
621,1060,-21.0
622,791,-21.0
623,1295,-20.0
624,842,-20.0
625,1320,-19.0
626,803,-21.0
627,1022,-20.0
628,995,-19.0
629,973,-20.0
630,1132,-19.0
631,937,-20.0
632,942,-20.0
633,874,-21.0
634,911,-21.0
635,1044,-20.0
636,945,-21.0
637,1048,-19.0
638,920,-20.0
639,1246,-21.0
640,1002,-21.0
641,946,-20.0
642,919,-20.0
643,786,-21.0
644,779,-21.0
645,958,-21.0
646,1065,-19.0
647,960,-21.0
648,875,-21.0
649,981,-20.0
650,888,-20.0
651,1116,-18.0
652,1090,-20.0
653,1044,-21.0
654,970,-21.0
655,972,-19.0
656,1217,-19.0
657,832,-20.0
658,777,-21.0
659,889,-21.0
660,1002,-19.0
661,1043,-19.0
662,1298,-18.0
663,866,-21.0
664,996,-21.0
665,878,-21.0
666,1009,-20.0
667,1146,-19.0
668,1089,-19.0
669,1005,-19.0
670,1152,-19.0
671,838,-21.0
672,1205,-19.0
673,871,-21.0
674,978,-21.0
675,1181,-20.0
676,968,-21.0
677,1049,-19.0
678,1275,-21.0
679,1119,-19.0
680,1106,-21.0
681,972,-20.0
682,1020,-20.0
683,1020,-21.0
684,1131,-21.0
685,1183,-20.0
686,1186,-20.0
687,1057,-20.0
688,1092,-20.0
689,1287,-19.0
690,1444,-19.0
691,1253,-19.0
692,1191,-19.0
693,1151,-21.0
694,1143,-20.0
695,1324,-21.0
696,1205,-20.0
697,1190,-18.0
698,972,-21.0
699,1262,-21.0
700,1207,-21.0
701,1097,-20.0
702,1056,-21.0
703,1429,-17.0
704,1282,-18.0
705,1570,-18.0
706,821,-21.0
707,1554,-18.0
708,905,-21.0
709,1001,-19.0
710,1261,-19.0
711,1252,-19.0
712,1137,-21.0
713,1552,-17.0
714,1452,-20.0
715,1083,-20.0
716,1393,-21.0
717,1509,-18.0
718,1091,-19.0
719,1259,-18.0
720,1105,-20.0
721,1208,-19.0
722,1042,-21.0
723,1361,-21.0
724,1123,-20.0
725,1313,-20.0
726,1262,-20.0
727,1390,-19.0
728,1361,-18.0
729,1106,-21.0
730,1227,-19.0
731,1176,-21.0
732,1305,-18.0
733,1298,-18.0
734,1320,-21.0
735,1135,-20.0
736,1324,-19.0
737,1269,-21.0
738,1682,-17.0
739,1206,-21.0
740,1170,-19.0
741,1522,-18.0
742,1566,-18.0
743,1331,-20.0
744,1147,-21.0
745,1239,-20.0
746,1208,-21.0
747,1524,-16.0
748,1387,-20.0
749,1247,-20.0
750,1700,-16.0
751,1231,-20.0
752,1335,-19.0
753,1352,-20.0
754,1671,-15.0
755,1099,-21.0
756,1060,-21.0
757,1438,-18.0
758,1363,-20.0
759,1628,-19.0
760,1473,-20.0
761,1503,-18.0
762,1282,-20.0
763,1218,-20.0
764,1422,-19.0
765,1240,-19.0
766,1399,-21.0
767,1352,-18.0
768,1381,-20.0
769,1321,-19.0
770,1456,-17.0
771,1807,-14.0
772,1477,-21.0
773,1337,-19.0
774,1400,-20.0
775,1664,-19.0
776,1233,-19.0
777,1725,-17.0
778,1523,-18.0
779,1548,-18.0
780,1710,-18.0
781,1637,-17.0
782,1578,-17.0
783,1563,-18.0
784,1488,-17.0
785,1628,-18.0
786,1601,-19.0
787,1407,-19.0
788,1410,-19.0
789,1413,-17.0
790,1371,-18.0
791,1418,-20.0
792,1038,-20.0
793,1188,-19.0
794,1563,-16.0
795,1466,-18.0
796,1578,-20.0
797,1434,-17.0
798,1473,-19.0
799,1774,-17.0
800,1475,-21.0
801,1769,-16.0
802,1387,-20.0
803,1732,-15.0
804,1685,-18.0
805,1439,-20.0
806,1826,-17.0
807,1558,-20.0
808,1444,-21.0
809,1950,-12.0
810,1408,-17.0
811,1521,-18.0
812,1394,-20.0
813,1342,-18.0
814,1713,-17.0
815,1774,-15.0
816,1725,-18.0
817,1429,-19.0
818,1524,-18.0
819,1597,-18.0
820,1550,-19.0
821,1530,-18.0
822,1587,-17.0
823,1779,-16.0
824,1727,-18.0
825,1516,-18.0
826,1465,-17.0
827,1699,-17.0
828,1445,-20.0
829,1943,-15.0
830,1788,-15.0
831,1650,-18.0
832,1476,-21.0
833,1386,-21.0
834,1875,-17.0
835,1829,-19.0
836,1684,-18.0
837,1424,-20.0
838,1852,-18.0
839,1772,-17.0
840,1438,-19.0
841,1239,-18.0
842,1513,-17.0
843,1594,-17.0
844,1227,-20.0
845,1596,-19.0
846,1364,-18.0
847,1586,-16.0
848,1633,-18.0
849,1525,-18.0
850,1679,-19.0
851,1622,-16.0
852,1612,-16.0
853,1581,-15.0
854,1746,-17.0
855,1556,-19.0
856,1384,-19.0
857,1161,-20.0
858,1960,-17.0
859,1479,-20.0
860,1493,-18.0
861,1575,-20.0
862,1488,-17.0
863,1667,-16.0
864,1355,-17.0
865,1530,-18.0
866,1633,-20.0
867,1675,-16.0
868,1430,-20.0
869,1592,-17.0
870,1412,-18.0
871,1310,-20.0
872,1500,-19.0
873,1760,-17.0
874,1714,-17.0
875,1705,-17.0
876,1691,-17.0
877,1768,-16.0
878,1307,-19.0
879,1550,-17.0
880,1695,-16.0
881,1489,-19.0
882,1515,-18.0
883,1790,-16.0
884,1990,-13.0
885,2492,-11.0
886,1257,-20.0
887,1639,-16.0
888,1275,-19.0
889,1746,-17.0
890,1676,-18.0
891,1563,-18.0
892,1665,-19.0
893,1972,-15.0
894,1518,-19.0
895,1626,-18.0
896,1531,-19.0
897,1753,-17.0
898,1702,-17.0
899,1929,-16.0
900,2118,-17.0
901,1657,-20.0
902,1782,-18.0
903,1993,-15.0
904,1545,-17.0
905,1521,-18.0
906,1566,-18.0
907,2013,-19.0
908,1887,-15.0
909,1520,-20.0
910,1774,-16.0
911,1790,-20.0
912,2075,-15.0
913,2248,-16.0
914,1586,-18.0
915,1701,-17.0
916,1597,-17.0
917,1919,-17.0
918,2221,-15.0
919,1878,-20.0
920,1601,-20.0
921,1808,-16.0
922,2015,-15.0
923,2011,-15.0
924,1824,-19.0
925,1736,-19.0
926,1740,-15.0
927,1422,-19.0
928,1939,-14.0
929,2231,-15.0
930,1552,-17.0
931,1690,-17.0
932,1847,-20.0
933,1892,-16.0
934,1804,-17.0
935,1787,-16.0
936,1919,-19.0
937,1529,-18.0
938,1899,-17.0
939,2094,-15.0
940,2084,-12.0
941,1833,-15.0
942,1941,-14.0
943,2169,-14.0
944,1963,-16.0
945,1730,-16.0
946,1898,-16.0
947,2101,-15.0
948,1894,-18.0
949,1568,-17.0
950,1714,-17.0
951,2037,-15.0
952,1933,-17.0
953,2097,-18.0
954,2101,-17.0
955,2010,-14.0
956,1919,-18.0
957,1654,-17.0
958,2208,-15.0
959,1933,-17.0
960,2439,-17.0
961,1873,-18.0
962,2070,-14.0
963,1809,-17.0
964,2192,-17.0
965,1600,-21.0
966,1731,-19.0
967,1862,-19.0
968,2295,-12.0
969,2262,-16.0
970,2492,-11.0
971,2011,-14.0
972,2224,-15.0
973,2250,-15.0
974,1805,-19.0
975,1776,-19.0
976,1965,-16.0
977,1809,-18.0
978,2171,-16.0
979,1691,-18.0
980,1861,-17.0
981,1984,-16.0
982,2273,-15.0
983,2018,-16.0
984,1720,-15.0
985,2038,-15.0
986,2362,-17.0
987,2173,-15.0
988,2339,-13.0
989,1961,-15.0
990,2392,-11.0
991,1578,-18.0
992,2019,-17.0
993,2461,-13.0
994,1802,-16.0
995,1932,-18.0
996,1945,-17.0
997,1869,-18.0
998,2041,-16.0
999,1820,-20.0
1000,2240,-15.0
1001,2006,-16.0
1002,2094,-14.0
1003,1801,-18.0
1004,2312,-13.0
1005,2295,-13.0
1006,1726,-17.0
1007,2346,-18.0
1008,2154,-15.0
1009,1737,-18.0
1010,2492,-10.0
1011,2378,-15.0
1012,2159,-16.0
1013,2093,-14.0
1014,1983,-15.0
1015,1967,-16.0
1016,2250,-14.0
1017,2107,-19.0
1018,1788,-17.0
1019,2178,-11.0
1020,2363,-13.0
1021,2158,-15.0
1022,2513,-9.0
1023,2220,-17.0
1024,2124,-19.0
1025,2503,-14.0
1026,1943,-17.0
1027,2543,-17.0
1028,2149,-19.0
1029,2724,-9.0
1030,2012,-14.0
1031,2513,-11.0
1032,2258,-15.0
1033,2970,-13.0
1034,2344,-14.0
1035,2322,-12.0
1036,1925,-18.0
1037,2103,-15.0
1038,3008,-11.0
1039,2248,-17.0
1040,1886,-19.0
1041,2412,-13.0
1042,2409,-16.0
1043,2345,-14.0
1044,2049,-14.0
1045,2036,-19.0
1046,2331,-16.0
1047,2082,-16.0
1048,2440,-17.0
1049,2431,-13.0
1050,2832,-11.0
1051,2771,-13.0
1052,1757,-20.0
1053,2448,-12.0
1054,2197,-18.0
1055,2180,-15.0
1056,2346,-17.0
1057,2386,-16.0
1058,2029,-14.0
1059,2643,-14.0
1060,1984,-19.0
1061,2043,-15.0
1062,2285,-18.0
1063,2263,-17.0
1064,2949,-13.0
1065,2451,-13.0
1066,2142,-14.0
1067,2339,-17.0
1068,2392,-18.0
1069,3004,-15.0
1070,2526,-18.0
1071,2216,-15.0
1072,2880,-14.0
1073,2682,-12.0
1074,2233,-20.0
1075,2153,-17.0
1076,2602,-16.0
1077,2236,-19.0
1078,2861,-14.0
1079,1984,-17.0
1080,3037,-13.0
1081,3386,-12.0
1082,2811,-17.0
1083,3148,-17.0
1084,2593,-17.0
1085,2977,-13.0
1086,2522,-14.0
1087,2653,-18.0
1088,2990,-14.0
1089,2512,-17.0
1090,2574,-14.0
1091,2523,-16.0
1092,3032,-12.0
1093,2722,-13.0
1094,2751,-20.0
1095,2216,-18.0
1096,2145,-19.0
1097,2908,-17.0
1098,2917,-12.0
1099,2727,-13.0
1100,2977,-16.0
1101,3212,-15.0
1102,4353,-6.0
1103,3086,-16.0
1104,3165,-14.0
1105,2676,-18.0
1106,2212,-18.0
1107,2665,-16.0
1108,2496,-19.0
1109,2451,-16.0
1110,2707,-15.0
1111,2706,-18.0
1112,3285,-12.0
1113,3094,-16.0
1114,2702,-15.0
1115,3488,-13.0
1116,2893,-15.0
1117,2875,-18.0
1118,2500,-17.0
1119,2477,-16.0
1120,3058,-15.0
1121,3549,-10.0
1122,3782,-10.0
1123,1890,-20.0
1124,2932,-17.0
1125,3079,-16.0
1126,2751,-20.0
1127,2676,-16.0
1128,3090,-18.0
1129,3012,-16.0
1130,2473,-19.0
1131,2330,-19.0
1132,2909,-14.0
1133,2428,-18.0
1134,2354,-19.0
1135,2742,-16.0
1136,2223,-13.0
1137,2868,-17.0
1138,2520,-16.0
1139,3447,-11.0
1140,3344,-12.0
1141,2574,-16.0
1142,3110,-14.0
1143,3254,-12.0
1144,3003,-16.0
1145,2957,-11.0
1146,3181,-16.0
1147,3271,-15.0
1148,3286,-14.0
1149,2687,-14.0
1150,2731,-19.0
1151,3114,-13.0
1152,3232,-14.0
1153,2741,-16.0
1154,3258,-16.0
1155,3709,-11.0
1156,3010,-15.0
1157,3006,-15.0
1158,3214,-13.0
1159,2812,-14.0
1160,3010,-16.0
1161,3161,-11.0
1162,3021,-15.0
1163,2826,-16.0
1164,3953,-11.0
1165,2766,-19.0
1166,3031,-15.0
1167,2697,-15.0
1168,2981,-16.0
1169,2799,-18.0
1170,3011,-17.0
1171,2444,-18.0
1172,4270,-9.0
1173,2946,-15.0
1174,3366,-16.0
1175,2641,-17.0
1176,3297,-16.0
1177,4126,-12.0
1178,3132,-11.0
1179,2894,-14.0
1180,3086,-16.0
1181,3614,-13.0
1182,2788,-18.0
1183,3339,-14.0
1184,2977,-15.0
1185,2289,-17.0
1186,3056,-14.0
1187,3825,-9.0
1188,3061,-17.0
1189,2735,-15.0
1190,3082,-12.0
1191,3776,-13.0
1192,4335,-8.0
1193,3572,-11.0
1194,2809,-17.0
1195,2531,-17.0
1196,3316,-13.0
1197,2691,-16.0
1198,3222,-10.0
1199,2989,-15.0
1200,3136,-18.0
1201,3605,-10.0
1202,3106,-13.0
1203,2559,-20.0
1204,2939,-17.0
1205,2522,-19.0
1206,3889,-11.0
1207,2255,-19.0
1208,2959,-17.0
1209,3231,-13.0
1210,3108,-16.0
1211,3645,-15.0
1212,2541,-17.0
1213,3272,-13.0
1214,2959,-15.0
1215,3129,-12.0
1216,3401,-13.0
1217,3553,-13.0
1218,3114,-15.0
1219,2950,-14.0
1220,3882,-12.0
1221,3358,-11.0
1222,3151,-19.0
1223,3370,-17.0
1224,3024,-15.0
1225,2783,-17.0
1226,3363,-11.0
1227,3230,-13.0
1228,2814,-16.0
1229,3323,-11.0
1230,3117,-14.0
1231,2868,-15.0
1232,3352,-11.0
1233,3233,-14.0
1234,3097,-13.0
1235,2633,-16.0
1236,2950,-17.0
1237,3721,-11.0
1238,3739,-8.0
1239,3308,-11.0
1240,2948,-13.0
1241,3569,-13.0
1242,2658,-16.0
1243,3267,-15.0
1244,2984,-14.0
1245,3249,-14.0
1246,4134,-10.0
1247,4096,-10.0
1248,3066,-14.0
1249,3365,-15.0
1250,2716,-19.0
1251,3715,-14.0
1252,3264,-10.0
1253,3400,-11.0
1254,3219,-16.0
1255,3160,-16.0
1256,3371,-10.0
1257,2740,-16.0
1258,3854,-9.0
1259,2750,-17.0
1260,3669,-14.0
1261,4063,-13.0
1262,2995,-15.0
1263,2793,-18.0
1264,3460,-11.0
1265,2731,-16.0
1266,3436,-13.0
1267,3824,-10.0
1268,3717,-13.0
1269,3137,-14.0
1270,2684,-17.0
1271,3610,-15.0
1272,3391,-18.0
1273,2568,-16.0
1274,3223,-17.0
1275,3010,-15.0
1276,3256,-14.0
1277,4200,-10.0
1278,2868,-17.0
1279,3911,-16.0
1280,2487,-16.0
1281,4022,-12.0
1282,2901,-11.0
1283,3252,-15.0
1284,2586,-18.0
1285,3274,-17.0
1286,3697,-15.0
1287,3524,-10.0
1288,3287,-11.0
1289,2788,-18.0
1290,3298,-15.0
1291,3187,-14.0
1292,3511,-12.0
1293,2811,-13.0
1294,2444,-20.0
1295,3775,-12.0
1296,3909,-12.0
1297,3317,-14.0
1298,3712,-10.0
1299,4500,-9.0
1300,3776,-10.0
1301,4448,-11.0
1302,4177,-15.0
1303,3828,-9.0
1304,3807,-13.0
1305,2818,-18.0
1306,4271,-9.0
1307,3869,-13.0
1308,4500,-8.0
1309,3862,-12.0
1310,2755,-12.0
1311,3860,-10.0
1312,2696,-18.0
1313,3264,-14.0
1314,3225,-16.0
1315,4061,-11.0
1316,3991,-11.0
1317,3632,-12.0
1318,4388,-14.0
1319,4153,-9.0
1320,4462,-13.0
1321,2970,-15.0
1322,4154,-12.0
1323,3459,-15.0
1324,3422,-15.0
1325,3831,-10.0
1326,3264,-14.0
1327,3530,-12.0
1328,3261,-12.0
1329,2694,-18.0
1330,3481,-12.0
1331,3995,-12.0
1332,4468,-9.0
1333,3544,-14.0
1334,3742,-14.0
1335,3278,-19.0
1336,3459,-12.0
1337,3963,-10.0
1338,3398,-9.0
1339,3210,-12.0
1340,3215,-13.0
1341,3488,-10.0
1342,3600,-15.0
1343,4057,-10.0
1344,3538,-14.0
1345,3263,-17.0
1346,3125,-17.0
1347,4054,-10.0
1348,3206,-15.0
1349,2913,-18.0
1350,3034,-16.0
1351,3307,-15.0
1352,4500,-5.0
1353,3268,-14.0
1354,3896,-13.0
1355,2984,-17.0
1356,3011,-15.0
1357,4434,-14.0
1358,3061,-14.0
1359,3861,-13.0
1360,3683,-15.0
1361,4213,-8.0
1362,4149,-7.0
1363,3371,-13.0
1364,3392,-13.0
1365,3754,-12.0
1366,3572,-11.0
1367,3338,-15.0
1368,3996,-13.0
1369,3360,-14.0
1370,4500,-11.0
1371,3312,-15.0
1372,4146,-13.0
1373,3984,-12.0
1374,2772,-13.0
1375,3869,-13.0
1376,3009,-14.0
1377,3640,-11.0
1378,3263,-16.0
1379,4302,-13.0
1380,3024,-16.0
1381,3662,-11.0
1382,4500,-6.0
1383,4353,-9.0
1384,4500,-5.0
1385,3473,-10.0
1386,2762,-16.0
1387,4465,-8.0
1388,4010,-12.0
1389,3761,-15.0
1390,4484,-4.0
1391,3208,-12.0
1392,4286,-14.0
1393,2928,-15.0
1394,3910,-14.0
1395,3547,-14.0
1396,4500,-7.0
1397,3120,-15.0
1398,4500,-7.0
1399,2790,-19.0
1400,3701,-15.0
1401,3146,-16.0
1402,2963,-15.0
1403,3168,-13.0
1404,2869,-12.0
1405,3491,-10.0
1406,2654,-19.0
1407,4107,-9.0
1408,3546,-9.0
1409,2779,-20.0
1410,3514,-11.0
1411,3201,-14.0
1412,3842,-13.0
1413,3237,-14.0
1414,3293,-13.0
1415,3367,-12.0
1416,4500,-12.0
1417,3894,-13.0
1418,3141,-12.0
1419,3103,-14.0
1420,2818,-15.0
1421,4500,-1.0
1422,4165,-6.0
1423,3183,-15.0
1424,2777,-18.0
1425,3398,-14.0
1426,4077,-7.0
1427,3885,-16.0
1428,4500,-5.0
1429,2997,-16.0
1430,3916,-10.0
1431,2752,-18.0
1432,3238,-12.0
1433,3836,-8.0
1434,4089,-9.0
1435,3016,-11.0
1436,3431,-10.0
1437,2863,-12.0
1438,2577,-14.0
1439,3006,-13.0
1440,3749,-10.0
1441,3433,-11.0
1442,3880,-12.0
1443,2846,-16.0
1444,2668,-16.0
1445,3556,-11.0
1446,2863,-17.0
1447,2758,-15.0
1448,4039,-6.0
1449,3129,-10.0
1450,3690,-12.0
1451,3685,-10.0
1452,3416,-6.0
1453,2793,-13.0
1454,3975,-7.0
1455,3460,-16.0
1456,3273,-10.0
1457,3667,-7.0
1458,3874,-11.0
1459,2997,-16.0
1460,3591,-9.0
1461,4500,-6.0
1462,3436,-10.0
1463,3350,-10.0
1464,3372,-12.0
1465,3510,-13.0
1466,3024,-10.0
1467,3503,-9.0
1468,4166,-7.0
1469,3022,-10.0
1470,3570,-12.0
1471,3543,-7.0
1472,4203,-8.0
1473,4250,-8.0
1474,3867,-9.0
1475,3805,-7.0
1476,3770,-12.0
1477,3261,-14.0
1478,3540,-10.0
1479,3379,-11.0
1480,2399,-15.0
1481,3517,-12.0
1482,3244,-11.0
1483,4500,-7.0
1484,2430,-16.0
1485,2506,-19.0
1486,3448,-9.0
1487,3612,-10.0
1488,3126,-11.0
1489,3026,-12.0
1490,3327,-10.0
1491,3474,-11.0
1492,2911,-13.0
1493,3545,-7.0
1494,3217,-11.0
1495,4500,-5.0
1496,4150,-8.0
1497,2952,-13.0
1498,2386,-16.0
1499,3420,-9.0
1500,3484,-11.0
1501,3535,-12.0
1502,2878,-13.0
1503,3628,-11.0
1504,3364,-12.0
1505,4242,-6.0
1506,3526,-11.0
1507,4110,-11.0
1508,3274,-11.0
1509,3376,-13.0
1510,4440,-8.0
1511,3411,-6.0
1512,3184,-13.0
1513,3233,-12.0
1514,3618,-10.0
1515,2954,-11.0
1516,4455,-5.0
1517,2407,-16.0
1518,3593,-11.0
1519,4500,-1.0
1520,3964,-11.0
1521,4500,2.0
1522,3354,-13.0
1523,2979,-11.0
1524,3218,-14.0
1525,3487,-11.0
1526,4051,-8.0
1527,4254,-6.0
1528,3570,-9.0
1529,3778,-10.0
1530,3317,-11.0
1531,3972,-9.0
1532,4500,-6.0
1533,3440,-10.0
1534,3259,-14.0
1535,3639,-12.0
1536,3903,-11.0
1537,3370,-12.0
1538,3296,-12.0
1539,3149,-11.0
1540,3869,-13.0
1541,3737,-9.0
1542,3461,-12.0
1543,3147,-13.0
1544,3859,-7.0
1545,4500,0.0
1546,3574,-10.0
1547,2395,-13.0
1548,4082,-6.0
1549,4220,-9.0
1550,3853,-11.0
1551,4036,-8.0
1552,4239,2.0
1553,4500,-3.0
1554,3957,-12.0
1555,3904,-9.0
1556,4405,-5.0
1557,3322,-15.0
1558,3834,-11.0
1559,4500,-9.0
1560,3095,-13.0
1561,3732,-5.0
1562,3569,-11.0
1563,4500,-6.0
1564,4500,4.0
1565,4500,2.0
1566,3878,-9.0
1567,4011,-12.0
1568,3758,-8.0
1569,3519,-12.0
1570,3688,-14.0
1571,4093,-3.0
1572,3475,-12.0
1573,4500,0.0
1574,4500,1.0
1575,4494,-11.0
1576,4500,-2.0
1577,3950,-7.0
1578,4500,-2.0
1579,4183,-8.0
1580,4460,-6.0
1581,3148,-12.0
1582,3107,-9.0
1583,3552,-12.0
1584,3825,-5.0
1585,4475,-7.0
1586,3627,-7.0
1587,2884,-15.0
1588,3807,-7.0
1589,4247,-9.0
1590,3360,-11.0
1591,4268,-6.0
1592,4377,-8.0
1593,4140,-6.0
1594,4500,3.0
1595,3562,-15.0
1596,4500,-6.0
1597,3560,-11.0
1598,4500,-2.0
1599,4363,-6.0
1600,4128,-7.0
1601,4500,8.0
1602,4500,-2.0
1603,3730,-7.0
1604,3723,-8.0
1605,3291,-8.0
1606,3739,-11.0
1607,3516,-8.0
1608,3785,-7.0
1609,3950,-10.0
1610,3307,-14.0
1611,4500,-4.0
1612,4175,-8.0
1613,3030,-15.0
1614,4500,-2.0
1615,4500,2.0
1616,4019,-9.0
1617,3798,-11.0
1618,4405,-8.0
1619,4500,-4.0
1620,4500,1.0
1621,3949,-10.0
1622,4500,-4.0
1623,4500,-12.0
1624,4141,-10.0
1625,3706,-12.0
1626,4138,1.0
1627,3837,-9.0
1628,4500,-3.0
1629,4500,1.0
1630,4500,-2.0
1631,4072,-8.0
1632,3711,-10.0
1633,3051,-8.0
1634,4396,-6.0
1635,4224,-6.0
1636,4500,-4.0
1637,4455,-6.0
1638,4500,-1.0
1639,4110,-6.0
1640,3474,-4.0
1641,3708,-8.0
1642,3624,6.0
1643,4021,-11.0
1644,4346,-2.0
1645,4500,4.0
1646,3811,-7.0
1647,4360,5.0
1648,3207,-8.0
1649,4177,-6.0
1650,4500,4.0
1651,4336,-6.0
1652,4417,-2.0
1653,4500,-3.0
1654,3446,-8.0
1655,4338,-5.0
1656,4139,-9.0
1657,4500,-1.0
1658,4500,-5.0
1659,3598,-12.0
1660,4500,-3.0
1661,4500,0.0
1662,4123,-16.0
1663,3490,-9.0
1664,4500,-5.0
1665,4500,-1.0
1666,4119,-4.0
1667,4425,-10.0
1668,4356,-4.0
1669,3884,9.0
1670,4439,-5.0
1671,4500,-6.0
1672,3416,-10.0
1673,4500,-2.0
1674,4500,1.0
1675,4500,-4.0
1676,4206,-7.0
1677,4500,-1.0
1678,3001,-9.0
1679,4500,2.0
1680,4187,-3.0
1681,3883,-5.0
1682,4422,1.0
1683,4231,-8.0
1684,4178,4.0
1685,4500,0.0
1686,4500,-3.0
1687,4500,-3.0
1688,4125,-2.0
1689,3897,-5.0
1690,3696,-6.0
1691,3969,-8.0
1692,4376,-6.0
1693,4500,-4.0
1694,4102,-4.0
1695,3981,-2.0
1696,4500,-4.0
1697,4500,1.0
1698,4238,-6.0
1699,4286,-6.0
1700,4500,1.0
1701,4273,-10.0
1702,4500,2.0
1703,4500,-2.0
1704,4500,8.0
1705,4500,-2.0
1706,4500,1.0
1707,4500,1.0
1708,4500,-2.0
1709,3801,6.0
1710,3817,-8.0
1711,3673,-5.0
1712,4500,-1.0
1713,4500,-7.0
1714,4500,-2.0
1715,4383,5.0
1716,4437,6.0
1717,4500,1.0
1718,4500,9.0
1719,4186,-3.0
1720,4165,-10.0
1721,4272,6.0
1722,3977,-5.0
1723,4500,-2.0
1724,3878,-6.0
1725,4329,-8.0
1726,4500,-5.0
1727,4500,-2.0
1728,3930,-3.0
1729,4467,-2.0
1730,3981,-7.0
1731,4200,-5.0
1732,4500,-1.0
1733,4500,5.0
1734,3854,4.0
1735,2531,-16.0
1736,3362,-6.0
1737,4221,4.0
1738,4498,-8.0
1739,4229,-2.0
1740,2713,-13.0
1741,2817,-12.0
1742,4500,-3.0
1743,3421,-10.0
1744,4306,-5.0
1745,4474,-4.0
1746,3569,-9.0
1747,4453,2.0
1748,3668,-4.0
1749,3589,-5.0
1750,4006,-7.0
1751,4500,-5.0
1752,4500,3.0
1753,3755,-8.0
1754,4500,-4.0
1755,4500,3.0
1756,4482,-4.0
1757,3403,-6.0
1758,4500,1.0
1759,2899,-10.0
1760,3076,-14.0
1761,4500,-1.0
1762,4170,-5.0
1763,3804,9.0
1764,3686,-9.0
1765,4500,4.0
1766,4118,3.0
1767,4500,-3.0
1768,4500,1.0
1769,4320,-2.0
1770,3762,4.0
1771,4500,-3.0
1772,4486,2.0
1773,4500,-1.0
1774,4500,5.0
1775,4500,1.0
1776,4500,2.0
1777,4500,-1.0
1778,3833,-7.0
1779,4500,0.0
1780,4469,-5.0
1781,3974,-3.0
1782,4500,1.0
1783,4500,2.0
1784,4500,3.0
1785,4156,-8.0
1786,4500,1.0
1787,4500,-4.0
1788,4500,0.0
1789,3094,13.0
1790,3739,7.0
1791,4500,-2.0
1792,4500,1.0
1793,4371,-2.0
1794,4500,-1.0
1795,3801,-4.0
1796,4011,-10.0
1797,3552,14.0
1798,3929,-9.0
1799,4210,6.0
1800,4311,-6.0
1801,3733,6.0
1802,3765,11.0
1803,3790,-10.0
1804,3505,4.0
1805,3075,15.0
1806,4500,-2.0
1807,3376,9.0
1808,3386,-14.0
1809,4326,-5.0
1810,4493,4.0
1811,4274,-4.0
1812,4500,-1.0
1813,4500,-4.0
1814,3974,-4.0
1815,3528,-8.0
1816,4500,1.0
1817,4500,-1.0
1818,4500,3.0
1819,4282,5.0
1820,4500,-3.0
1821,4500,10.0
1822,4500,3.0
1823,4500,-5.0
1824,3576,7.0
1825,4500,-4.0
1826,3167,8.0
1827,4384,7.0
1828,3603,-7.0
1829,4339,-3.0
1830,4500,-2.0
1831,4252,1.0
1832,3579,-9.0
1833,3477,-7.0
1834,4500,0.0
1835,3632,-7.0
1836,3874,2.0
1837,4226,4.0
1838,4500,-1.0
1839,4500,1.0
1840,4500,-1.0
1841,4248,2.0
1842,3871,5.0
1843,4134,4.0
1844,3484,-3.0
1845,4006,-6.0
1846,3670,-9.0
1847,3869,-3.0
1848,4182,6.0
1849,3444,-6.0
1850,3809,4.0
1851,3657,-4.0
1852,3647,7.0
1853,4098,5.0
1854,3888,4.0
1855,3148,-9.0
1856,3777,1.0
1857,3882,-4.0
1858,4500,0.0
1859,4425,-2.0
1860,3884,-2.0
1861,4269,3.0
1862,3856,9.0
1863,3504,-6.0
1864,3860,-9.0
1865,4435,4.0
1866,4160,-6.0
1867,3794,3.0
1868,4246,-4.0
1869,4500,0.0
1870,4500,0.0
1871,3063,-12.0
1872,3975,-2.0
1873,4500,0.0
1874,4233,-4.0
1875,4131,-3.0
1876,4500,1.0
1877,4320,1.0
1878,3697,4.0
1879,4327,1.0
1880,3970,-2.0
1881,3501,-7.0
1882,4500,-7.0
1883,4187,3.0
1884,4198,2.0
1885,3847,3.0
1886,4496,-1.0
1887,4019,6.0
1888,4500,-1.0
1889,4500,-1.0
1890,4255,5.0
1891,3692,7.0
1892,4170,6.0
1893,4297,7.0
1894,4500,-1.0
1895,3155,-15.0
1896,3991,-6.0
1897,4019,3.0
1898,4500,3.0
1899,4500,0.0
1900,3600,-5.0
1901,4500,4.0
1902,4031,7.0
1903,4500,-2.0
1904,4101,4.0
1905,3417,8.0
1906,4500,0.0
1907,4103,8.0
1908,3655,-4.0
1909,4494,3.0
1910,4075,8.0
1911,3684,6.0
1912,3959,-9.0
1913,4500,-4.0
1914,4100,4.0
1915,4092,4.0
1916,4500,0.0
1917,4400,-1.0
1918,3880,8.0
1919,4393,10.0
1920,4055,-6.0
1921,3376,9.0
1922,3052,7.0
1923,4187,-1.0
1924,4013,-7.0
1925,3464,-6.0
1926,4200,-4.0
1927,3561,-5.0
1928,4500,3.0
1929,4137,1.0
1930,3748,5.0
1931,4145,-4.0
1932,3878,9.0
1933,3987,5.0
1934,4198,2.0
1935,4355,3.0
1936,4139,1.0
1937,4368,-3.0
1938,4331,-6.0
1939,4169,4.0
1940,3204,-11.0
1941,4500,1.0
1942,4500,-1.0
1943,3766,-7.0
1944,4080,5.0
1945,3909,-5.0
1946,4338,-2.0
1947,3434,9.0
1948,3840,-10.0
1949,4025,-1.0
1950,4140,2.0
1951,3546,3.0
1952,4145,-2.0
1953,2842,11.0
1954,3640,8.0
1955,3764,8.0
1956,3180,12.0
1957,3618,7.0
1958,3926,7.0
1959,4288,-6.0
1960,3814,4.0
1961,2740,14.0
1962,3772,7.0
1963,4226,1.0
1964,3654,8.0
1965,3919,4.0
1966,3699,7.0
1967,3024,9.0
1968,3919,4.0
1969,3959,6.0
1970,3952,9.0
1971,3965,-1.0
1972,3646,5.0
1973,3149,-8.0
1974,4074,-1.0
1975,4500,-2.0
1976,3486,10.0
1977,3923,7.0
1978,3463,5.0
1979,4008,6.0
1980,3617,9.0
1981,3560,10.0
1982,3987,3.0
1983,3017,10.0
1984,4353,4.0
1985,3042,12.0
1986,3423,5.0
1987,4372,-1.0
1988,4500,-3.0
1989,3516,10.0
1990,3943,7.0
1991,4500,-3.0
1992,4093,-2.0
1993,3446,3.0
1994,4500,0.0
1995,4072,6.0
1996,4137,-4.0
1997,3965,4.0
1998,3467,4.0
1999,3858,9.0
2000,4500,0.0
2001,3171,8.0
2002,4341,1.0
2003,2782,14.0
2004,3456,2.0
2005,3076,10.0
2006,4369,4.0
2007,3219,7.0
2008,4299,4.0
2009,2990,12.0
2010,3239,9.0
2011,3800,5.0
2012,4300,-6.0
2013,3870,7.0
2014,3224,12.0
2015,4476,3.0
2016,4469,-6.0
2017,4462,4.0
2018,3941,5.0
2019,3703,-2.0
2020,4500,1.0
2021,3784,2.0
2022,4027,1.0
2023,3408,10.0
2024,3549,5.0
2025,3849,5.0
2026,3767,4.0
2027,4500,0.0
2028,3802,-1.0
2029,4095,7.0
2030,4431,1.0
2031,2681,-10.0
2032,4500,0.0
2033,4006,3.0
2034,4159,-4.0
2035,3649,7.0
2036,3570,4.0
2037,4378,5.0
2038,4500,1.0
2039,3477,8.0
2040,3243,9.0
2041,3501,11.0
2042,3844,8.0
2043,4194,1.0
2044,4152,6.0
2045,4185,8.0
2046,4500,-3.0
2047,3945,5.0
2048,3568,9.0
2049,4500,0.0
2050,3960,6.0
2051,3810,8.0
2052,4277,4.0
2053,2932,-7.0
2054,4097,5.0
2055,3840,-5.0
2056,3581,3.0
2057,4448,6.0
2058,4500,3.0
2059,4171,-8.0
2060,4158,7.0
2061,4500,-2.0
2062,3030,14.0
2063,3645,9.0
2064,3316,8.0
2065,3831,-9.0
2066,2512,16.0
2067,3326,9.0
2068,3578,5.0
2069,4251,8.0
2070,4162,8.0
2071,3539,7.0
2072,4247,6.0
2073,4500,0.0
2074,3988,2.0
2075,4290,4.0
2076,4342,-5.0
2077,3062,11.0
2078,3065,13.0
2079,4366,4.0
2080,3137,10.0
2081,4086,7.0
2082,3543,6.0
2083,3644,7.0
2084,4500,-3.0
2085,4500,-2.0
2086,3289,10.0
2087,3293,9.0
2088,3490,3.0
2089,3541,10.0
2090,3111,3.0
2091,4429,5.0
2092,4268,1.0
2093,2944,13.0
2094,3417,11.0
2095,4429,1.0
2096,4500,0.0
2097,3705,7.0
2098,3390,-4.0
2099,3483,6.0
2100,3211,11.0
2101,4099,6.0
2102,2898,11.0
2103,2908,13.0
2104,3923,7.0
2105,2799,13.0
2106,3227,11.0
2107,4500,4.0
2108,2915,9.0
2109,4162,1.0
2110,3641,9.0
2111,4125,-1.0
2112,3441,12.0
2113,4463,6.0
2114,3170,11.0
2115,3142,10.0
2116,2635,16.0
2117,3917,7.0
2118,3279,15.0
2119,4190,2.0
2120,4283,1.0
2121,3738,6.0
2122,4198,1.0
2123,3467,10.0
2124,3168,8.0
2125,3296,11.0
2126,3547,8.0
2127,4500,-3.0
2128,2864,16.0
2129,3446,10.0
2130,2975,13.0
2131,3726,3.0
2132,3427,10.0
2133,3611,14.0
2134,3602,11.0
2135,4006,8.0
2136,2901,15.0
2137,3845,7.0
2138,3352,11.0
2139,4500,1.0
2140,4500,2.0
2141,4099,6.0
2142,4500,1.0
2143,3363,10.0
2144,4137,-5.0
2145,2483,16.0
2146,3330,11.0
2147,3951,9.0
2148,2940,14.0
2149,4500,0.0
2150,2963,8.0
2151,4081,4.0
2152,3877,-1.0
2153,3368,8.0
2154,4171,5.0
2155,3221,12.0
2156,3243,7.0
2157,4115,-1.0
2158,3678,8.0
2159,3601,9.0
2160,3889,5.0
2161,3175,12.0
2162,3965,3.0
2163,4050,1.0
2164,4500,4.0
2165,3021,10.0
2166,4253,5.0
2167,3896,4.0
2168,4374,4.0
2169,3577,9.0
2170,3837,10.0
2171,3813,3.0
2172,4500,-3.0
2173,3456,-6.0
2174,4310,4.0
2175,3091,13.0
2176,3319,11.0
2177,3209,10.0
2178,3491,5.0
2179,3181,10.0
2180,3730,6.0
2181,3183,10.0
2182,3019,11.0
2183,2364,18.0
2184,3479,13.0
2185,3100,9.0
2186,4222,5.0
2187,2631,13.0
2188,3544,10.0
2189,2564,11.0
2190,3748,8.0
2191,3850,9.0
2192,4335,-2.0
2193,3248,11.0
2194,2994,10.0
2195,4500,3.0
2196,3740,3.0
2197,3270,8.0
2198,3203,6.0
2199,3924,7.0
2200,4500,-1.0
2201,3362,6.0
2202,3756,8.0
2203,4141,5.0
2204,3215,9.0
2205,3919,8.0
2206,4224,-2.0
2207,2521,15.0
2208,3407,8.0
2209,3241,10.0
2210,2625,16.0
2211,3292,8.0
2212,2740,13.0
2213,3111,8.0
2214,3651,7.0
2215,3843,10.0
2216,3814,6.0
2217,2823,10.0
2218,4194,2.0
2219,3535,4.0
2220,3442,3.0
2221,3309,6.0
2222,2765,14.0
2223,3950,5.0
2224,3881,7.0
2225,2418,16.0
2226,2873,11.0
2227,3935,1.0
2228,3325,10.0
2229,4064,8.0
2230,3876,7.0
2231,3074,13.0
2232,3004,15.0
2233,2619,13.0
2234,3361,10.0
2235,3627,7.0
2236,3992,-3.0
2237,3097,10.0
2238,4085,1.0
2239,4461,2.0
2240,3062,8.0
2241,2949,11.0
2242,2914,13.0
2243,3068,10.0
2244,4157,5.0
2245,4255,7.0
2246,2895,11.0
2247,3257,9.0
2248,2288,15.0
2249,3197,11.0
2250,3818,8.0
2251,4500,3.0
2252,2812,11.0
2253,2187,18.0
2254,2824,12.0
2255,3828,5.0
2256,2919,13.0
2257,2725,12.0
2258,3716,10.0
2259,2887,15.0
2260,2952,9.0
2261,3921,2.0
2262,3296,10.0
2263,4332,6.0
2264,2872,10.0
2265,3232,12.0
2266,2820,15.0
2267,3252,7.0
2268,3570,9.0
2269,2310,16.0
2270,2944,10.0
2271,3567,8.0
2272,3321,8.0
2273,3565,9.0
2274,2282,18.0
2275,3190,6.0
2276,3463,10.0
2277,3702,7.0
2278,3651,4.0
2279,3982,1.0
2280,3536,-3.0
2281,3147,7.0
2282,4184,1.0
2283,2661,16.0
2284,3371,13.0
2285,2921,13.0
2286,3100,9.0
2287,2634,12.0
2288,3093,11.0
2289,3846,5.0
2290,2941,9.0
2291,4500,3.0
2292,4500,-6.0
2293,3728,9.0
2294,3518,10.0
2295,3133,8.0
2296,3718,3.0
2297,4500,0.0
2298,3708,6.0
2299,3095,9.0
2300,4055,-1.0
2301,3850,3.0
2302,2364,12.0
2303,2998,9.0
2304,3784,7.0
2305,3449,8.0
2306,2962,11.0
2307,4109,5.0
2308,3114,10.0
2309,3294,12.0
2310,3679,7.0
2311,2689,11.0
2312,3015,10.0
2313,4042,6.0
2314,3610,7.0
2315,3800,5.0
2316,2955,12.0
2317,3462,3.0
2318,3032,11.0
2319,2140,17.0
2320,4289,7.0
2321,3277,10.0
2322,4066,6.0
2323,3482,9.0
2324,3103,9.0
2325,3579,5.0
2326,3986,11.0
2327,3319,10.0
2328,4500,4.0
2329,2928,11.0
2330,2909,13.0
2331,3723,5.0
2332,2286,16.0
2333,2977,10.0
2334,2858,10.0
2335,3487,4.0
2336,4210,5.0
2337,3669,11.0
2338,2892,13.0
2339,3556,8.0
2340,4500,0.0
2341,3719,11.0
2342,3631,4.0
2343,4500,1.0
2344,4054,9.0
2345,4114,3.0
2346,3171,12.0
2347,3713,7.0
2348,3388,11.0
2349,3051,14.0
2350,3397,10.0
2351,3586,9.0
2352,3609,6.0
2353,3474,8.0
2354,4199,6.0
2355,4500,0.0
2356,3999,4.0
2357,2460,14.0
2358,2877,16.0
2359,3336,8.0
2360,3437,7.0
2361,4092,5.0
2362,2823,11.0
2363,2199,18.0
2364,3637,-4.0
2365,3546,9.0
2366,3048,16.0
2367,3689,5.0
2368,2802,11.0
2369,3357,8.0
2370,3466,10.0
2371,4500,3.0
2372,3585,6.0
2373,3757,9.0
2374,3304,11.0
2375,4428,2.0
2376,2671,12.0
2377,3452,-5.0
2378,2834,12.0
2379,2708,13.0
2380,2906,11.0
2381,4500,2.0
2382,4479,3.0
2383,3900,3.0
2384,2422,13.0
2385,4500,0.0
2386,3020,11.0
2387,4239,-10.0
2388,4081,5.0
2389,2343,17.0
2390,4008,5.0
2391,3613,7.0
2392,2767,13.0
2393,3148,12.0
2394,4360,5.0
2395,3075,12.0
2396,4500,-1.0
2397,3019,12.0
2398,3156,10.0
2399,2985,13.0
2400,2602,14.0
2401,3276,-14.0
2402,4213,2.0
2403,2796,18.0
2404,2820,12.0
2405,2595,13.0
2406,3372,10.0
2407,3781,6.0
2408,4134,4.0
2409,3923,8.0
2410,3193,11.0
2411,3087,4.0
2412,4500,2.0
2413,3428,10.0
2414,2664,11.0
2415,4056,11.0
2416,2285,16.0
2417,4201,3.0
2418,2252,17.0
2419,3503,8.0
2420,3299,8.0
2421,3742,11.0
2422,2621,12.0
2423,2934,13.0
2424,2840,13.0
2425,2807,14.0
2426,2794,13.0
2427,3508,13.0
2428,4500,0.0
2429,3191,11.0
2430,4500,0.0
2431,4314,3.0
2432,2982,9.0
2433,2606,12.0
2434,3196,11.0
2435,3009,12.0
2436,3937,7.0
2437,3996,-1.0
2438,3497,5.0
2439,3465,5.0
2440,3823,6.0
2441,3728,8.0
2442,3214,9.0
2443,2980,7.0
2444,3513,7.0
2445,3529,4.0
2446,3646,7.0
2447,3193,9.0
2448,3543,3.0
2449,3215,11.0
2450,2666,14.0
2451,3133,14.0
2452,3311,7.0
2453,3245,7.0
2454,2473,14.0
2455,3853,9.0
2456,2363,17.0
2457,3112,4.0
2458,3028,11.0
2459,3165,10.0
2460,2783,10.0
2461,2946,14.0
2462,2649,14.0
2463,3863,6.0
2464,2686,12.0
2465,2117,17.0
2466,3829,4.0
2467,3458,8.0
2468,3248,9.0
2469,3239,7.0
2470,3530,8.0
2471,2375,13.0
2472,3188,11.0
2473,3685,7.0
2474,2543,14.0
2475,4076,4.0
2476,3777,9.0
2477,2866,8.0
2478,3683,-5.0
2479,3895,6.0
2480,3068,13.0
2481,2904,12.0
2482,2593,12.0
2483,3312,8.0
2484,3406,12.0
2485,2932,11.0
2486,3955,3.0
2487,3227,12.0
2488,2999,10.0
2489,3259,10.0
2490,2795,10.0
2491,3536,7.0
2492,2685,12.0
2493,4175,5.0
2494,3010,14.0
2495,4297,4.0
2496,2577,15.0
2497,3201,11.0
2498,2799,13.0
2499,2523,14.0
2500,4298,5.0
2501,3428,11.0
2502,3221,13.0
2503,2913,13.0
2504,2819,13.0
2505,3056,12.0
2506,3580,7.0
2507,3512,12.0
2508,2927,11.0
2509,3726,7.0
2510,3270,9.0
2511,2945,15.0
2512,2799,13.0
2513,3386,12.0
2514,3001,7.0
2515,3549,11.0
2516,3518,11.0
2517,4139,4.0
2518,3094,11.0
2519,3309,10.0
2520,2240,18.0
2521,3690,8.0
2522,4272,3.0
2523,2748,13.0
2524,3126,11.0
2525,2699,11.0
2526,3288,4.0
2527,2220,17.0
2528,3175,7.0
2529,2372,17.0
2530,3373,10.0
2531,3083,11.0
2532,2384,14.0
2533,2561,16.0
2534,2763,13.0
2535,2872,17.0
2536,3016,13.0
2537,2524,12.0
2538,2594,14.0
2539,2473,15.0
2540,3460,7.0
2541,3132,8.0
2542,2589,12.0
2543,3183,11.0
2544,3207,13.0
2545,3096,8.0
2546,2674,13.0
2547,3261,12.0
2548,2934,10.0
2549,2540,15.0
2550,2797,12.0
2551,2663,13.0
2552,3611,13.0
2553,2260,17.0
2554,2972,11.0
2555,3052,13.0
2556,3825,6.0
2557,2923,12.0
2558,2173,19.0
2559,2477,15.0
2560,3587,8.0
2561,3495,13.0
2562,3168,12.0
2563,2874,14.0
2564,2826,12.0
2565,4335,2.0
2566,2572,14.0
2567,3575,13.0
2568,3768,1.0
2569,3063,9.0
2570,3178,10.0
2571,2670,13.0
2572,2388,18.0
2573,3117,7.0
2574,2986,16.0
2575,2675,12.0
2576,3781,6.0
2577,2529,15.0
2578,2340,18.0
2579,3202,9.0
2580,2533,13.0
2581,3378,10.0
2582,3162,6.0
2583,4500,5.0
2584,3454,8.0
2585,2569,14.0
2586,2790,15.0
2587,3401,11.0
2588,3081,16.0
2589,3249,9.0
2590,2414,15.0
2591,2466,15.0
2592,3747,9.0
2593,3226,10.0
2594,4500,3.0
2595,3358,11.0
2596,3776,8.0
2597,2887,14.0
2598,3612,6.0
2599,2748,13.0
2600,3708,10.0
2601,2773,12.0
2602,2482,13.0
2603,2484,12.0
2604,2708,15.0
2605,3501,9.0
2606,2641,15.0
2607,2416,14.0
2608,3513,6.0
2609,2543,14.0
2610,3243,7.0
2611,2917,13.0
2612,3032,11.0
2613,3487,11.0
2614,3712,8.0
2615,3517,10.0
2616,3002,14.0
2617,3840,9.0
2618,2018,18.0
2619,3278,8.0
2620,2709,13.0
2621,3472,10.0
2622,2687,14.0
2623,2665,15.0
2624,2963,13.0
2625,2771,14.0
2626,3183,13.0
2627,2510,12.0
2628,1925,19.0
2629,2827,13.0
2630,3343,9.0
2631,3383,8.0
2632,2724,-13.0
2633,2716,13.0
2634,2989,13.0
2635,2613,14.0
2636,2591,14.0
2637,3247,10.0
2638,2623,13.0
2639,3004,6.0
2640,2462,15.0
2641,3116,11.0
2642,2655,13.0
2643,3176,11.0
2644,3683,7.0
2645,2656,10.0
2646,2315,17.0
2647,3321,11.0
2648,2878,11.0
2649,2061,14.0
2650,2204,15.0
2651,3571,10.0
2652,2234,18.0
2653,2907,11.0
2654,3288,10.0
2655,2925,13.0
2656,2852,11.0
2657,2259,16.0
2658,2365,13.0
2659,3230,7.0
2660,2547,16.0
2661,2520,13.0
2662,2991,10.0
2663,3043,11.0
2664,4040,5.0
2665,2529,13.0
2666,2809,11.0
2667,2283,16.0
2668,2804,15.0
2669,3297,11.0
2670,3738,6.0
2671,3600,10.0
2672,3120,12.0
2673,3755,6.0
2674,2406,15.0
2675,3087,10.0
2676,3251,12.0
2677,4069,7.0
2678,2187,14.0
2679,3248,11.0
2680,3494,6.0
2681,2613,15.0
2682,2804,15.0
2683,2727,12.0
2684,3226,11.0
2685,1842,19.0
2686,2594,15.0
2687,2861,15.0
2688,2831,9.0
2689,1863,19.0
2690,3230,10.0
2691,2640,14.0
2692,2345,17.0
2693,2884,13.0
2694,2796,10.0
2695,2710,12.0
2696,3458,10.0
2697,3296,10.0
2698,2693,11.0
2699,2552,13.0
2700,3233,10.0
2701,2525,15.0
2702,2552,15.0
2703,2642,14.0
2704,4500,2.0
2705,3122,12.0
2706,2938,9.0
2707,3288,10.0
2708,2578,13.0
2709,3362,11.0
2710,3202,9.0
2711,2239,17.0
2712,2880,11.0
2713,2784,11.0
2714,2678,14.0
2715,2635,14.0
2716,3238,9.0
2717,3199,9.0
2718,2533,15.0
2719,2830,10.0
2720,2734,14.0
2721,2794,14.0
2722,3301,10.0
2723,2174,17.0
2724,3332,10.0
2725,3249,8.0
2726,3444,5.0
2727,2615,13.0
2728,4500,0.0
2729,3239,11.0
2730,3093,11.0
2731,2315,18.0
2732,2570,16.0
2733,2404,15.0
2734,2281,15.0
2735,3188,7.0
2736,2356,17.0
2737,2618,16.0
2738,2813,12.0
2739,2346,12.0
2740,2908,10.0
2741,2936,12.0
2742,2027,19.0
2743,2823,13.0
2744,2541,14.0
2745,2281,16.0
2746,2736,16.0
2747,3165,9.0
2748,2932,14.0
2749,2423,16.0
2750,3349,8.0
2751,3142,13.0
2752,2773,10.0
2753,3488,9.0
2754,2902,13.0
2755,2622,11.0
2756,2653,17.0
2757,2526,16.0
2758,2931,12.0
2759,2463,19.0
2760,3129,6.0
2761,2848,8.0
2762,2811,12.0
2763,2666,11.0
2764,2731,11.0
2765,2243,16.0
2766,2788,16.0
2767,2631,13.0
2768,3762,9.0
2769,2628,13.0
2770,2665,11.0
2771,2215,15.0
2772,2331,14.0
2773,2480,17.0
2774,2803,16.0
2775,3503,6.0
2776,3686,9.0
2777,2738,14.0
2778,3366,9.0
2779,4101,3.0
2780,3358,11.0
2781,2251,16.0
2782,2074,16.0
2783,2753,12.0
2784,2713,16.0
2785,2658,10.0
2786,2447,15.0
2787,2452,17.0
2788,2989,8.0
2789,2982,11.0
2790,2962,15.0
2791,3174,5.0
2792,2220,14.0
2793,2273,19.0
2794,2832,12.0
2795,3352,11.0
2796,2937,13.0
2797,2973,14.0
2798,3284,9.0
2799,2833,12.0
2800,3621,8.0
2801,3259,10.0
2802,3972,8.0
2803,3023,10.0
2804,2937,11.0
2805,3252,7.0
2806,3006,13.0
2807,3459,11.0
2808,3321,6.0
2809,2627,15.0
2810,2376,15.0
2811,2492,10.0
2812,2939,12.0
2813,2527,17.0
2814,2340,15.0
2815,2338,15.0
2816,2657,13.0
2817,2692,11.0
2818,3170,11.0
2819,3125,10.0
2820,1876,19.0
2821,2656,13.0
2822,3524,8.0
2823,1908,19.0
2824,2875,11.0
2825,2337,14.0
2826,3726,5.0
2827,2864,11.0
2828,2941,12.0
2829,2373,13.0
2830,3122,12.0
2831,2813,12.0
2832,3168,9.0
2833,2833,11.0
2834,2572,13.0
2835,3133,7.0
2836,4062,3.0
2837,2308,13.0
2838,2445,14.0
2839,2783,11.0
2840,3023,14.0
2841,2997,14.0
2842,2869,13.0
2843,2753,11.0
2844,2417,16.0
2845,2746,13.0
2846,2233,18.0
2847,2071,17.0
2848,2283,15.0
2849,2421,17.0
2850,2814,18.0
2851,2834,15.0
2852,2699,12.0
2853,3032,13.0
2854,2297,16.0
2855,3055,7.0
2856,3890,6.0
2857,3673,9.0
2858,3229,8.0
2859,3278,10.0
2860,3083,8.0
2861,3004,8.0
2862,2850,11.0
2863,2882,14.0
2864,2536,14.0
2865,2807,14.0
2866,2978,12.0
2867,2646,14.0
2868,3107,12.0
2869,2442,12.0
2870,3498,10.0
2871,3104,13.0
2872,3777,5.0
2873,2139,17.0
2874,2432,18.0
2875,2574,10.0
2876,2609,12.0
2877,3906,6.0
2878,3175,9.0
2879,2732,12.0
2880,2571,12.0
2881,2301,16.0
2882,2400,18.0
2883,2555,15.0
2884,3573,10.0
2885,2590,15.0
2886,2447,14.0
2887,3200,7.0
2888,3371,8.0
2889,2409,15.0
2890,3005,13.0
2891,2562,15.0
2892,2687,13.0
2893,2933,14.0
2894,3147,6.0
2895,3039,13.0
2896,2306,16.0
2897,2686,14.0
2898,2271,15.0
2899,2169,15.0
2900,2682,14.0
2901,2828,12.0
2902,2673,11.0
2903,2621,11.0
2904,2101,20.0
2905,4310,1.0
2906,2691,13.0
2907,2435,17.0
2908,2272,13.0
2909,2811,13.0
2910,2588,14.0
2911,2299,14.0
2912,2674,8.0
2913,2731,12.0
2914,2638,12.0
2915,2245,19.0
2916,2851,11.0
2917,2788,13.0
2918,3131,5.0
2919,2915,9.0
2920,2915,14.0
2921,2742,12.0
2922,3460,9.0
2923,2411,16.0
2924,2647,15.0
2925,2395,16.0
2926,2696,13.0
2927,1969,17.0
2928,2879,12.0
2929,3242,8.0
2930,3168,11.0
2931,3769,9.0
2932,2988,11.0
2933,2876,14.0
2934,2911,10.0
2935,2256,16.0
2936,2036,18.0
2937,2460,16.0
2938,3256,12.0
2939,2353,16.0
2940,2687,12.0
2941,3472,9.0
2942,2173,16.0
2943,2990,13.0
2944,2039,15.0
2945,2515,12.0
2946,2519,14.0
2947,2561,13.0
2948,2221,14.0
2949,2681,14.0
2950,2153,16.0
2951,3512,7.0
2952,2484,15.0
2953,2906,9.0
2954,3658,6.0
2955,2115,16.0
2956,1769,19.0
2957,2715,10.0
2958,3006,16.0
2959,3151,7.0
2960,2016,17.0
2961,2530,14.0
2962,2420,18.0
2963,2395,17.0
2964,3155,12.0
2965,2282,15.0
2966,2944,13.0
2967,3763,9.0
2968,2606,18.0
2969,2377,16.0
2970,3232,6.0
2971,3290,7.0
2972,2554,12.0
2973,2497,15.0
2974,2762,11.0
2975,2750,11.0
2976,2307,15.0
2977,2795,12.0
2978,1890,19.0
2979,3635,4.0
2980,3598,8.0
2981,3159,13.0
2982,1976,16.0
2983,2930,10.0
2984,1997,17.0
2985,4160,5.0
2986,2453,17.0
2987,2935,11.0
2988,2546,14.0
2989,2975,13.0
2990,2937,12.0
2991,2648,14.0
2992,2840,12.0
2993,3186,10.0
2994,2630,13.0
2995,2991,8.0
2996,3440,6.0
2997,3412,9.0
2998,2896,13.0
2999,2610,15.0
3000,2988,10.0
3001,3630,10.0
3002,2096,16.0
3003,2524,13.0
3004,2591,15.0
3005,2803,12.0
3006,2664,16.0
3007,2347,17.0
3008,2414,15.0
3009,3096,10.0
3010,2409,16.0
3011,2437,13.0
3012,2644,12.0
3013,2319,15.0
3014,2756,10.0
3015,2545,13.0
3016,2881,11.0
3017,2625,13.0
3018,3413,7.0
3019,2312,16.0
3020,2114,20.0
3021,2523,10.0
3022,2528,16.0
3023,2973,15.0
3024,2390,17.0
3025,2445,15.0
3026,2825,14.0
3027,2923,11.0
3028,2551,13.0
3029,2359,13.0
3030,1937,18.0
3031,2701,15.0
3032,3226,9.0
3033,3176,11.0
3034,2381,12.0
3035,3149,9.0
3036,1973,20.0
3037,2743,14.0
3038,3634,8.0
3039,2571,11.0
3040,3088,10.0
3041,3264,12.0
3042,2981,11.0
3043,2440,14.0
3044,2099,19.0
3045,3271,10.0
3046,2974,14.0
3047,2445,13.0
3048,2817,13.0
3049,3138,13.0
3050,3328,10.0
3051,2951,11.0
3052,3447,10.0
3053,2658,16.0
3054,2159,15.0
3055,3178,9.0
3056,3547,5.0
3057,2369,14.0
3058,3042,7.0
3059,2252,15.0
3060,2234,18.0
3061,2095,18.0
3062,2887,13.0
3063,2297,15.0
3064,3018,10.0
3065,2532,14.0
3066,3395,10.0
3067,2369,17.0
3068,2701,15.0
3069,3548,6.0
3070,2554,15.0
3071,2755,9.0
3072,3394,10.0
3073,2006,16.0
3074,3140,11.0
3075,2762,11.0
3076,2719,14.0
3077,2903,13.0
3078,2669,11.0
3079,3189,-3.0
3080,3286,11.0
3081,2562,14.0
3082,2905,9.0
3083,2298,17.0
3084,1798,20.0
3085,2426,13.0
3086,3160,9.0
3087,3071,10.0
3088,3457,6.0
3089,2496,14.0
3090,2210,16.0
3091,2704,12.0
3092,2127,18.0
3093,2986,8.0
3094,3545,-1.0
3095,1852,17.0
3096,2506,16.0
3097,2384,13.0
3098,2716,14.0
3099,2066,18.0
3100,2347,13.0
3101,3024,10.0
3102,2583,13.0
3103,3287,8.0
3104,2396,16.0
3105,2167,17.0
3106,2246,13.0
3107,2866,13.0
3108,3426,11.0
3109,1852,17.0
3110,3928,6.0
3111,2269,15.0
3112,2651,13.0
3113,2647,13.0
3114,3153,12.0
3115,2186,14.0
3116,2394,20.0
3117,2869,15.0
3118,2537,16.0
3119,2594,13.0
3120,3040,9.0
3121,3647,6.0
3122,3051,11.0
3123,2594,12.0
3124,2103,16.0
3125,1965,18.0
3126,3031,7.0
3127,2743,13.0
3128,2649,12.0
3129,2419,14.0
3130,3684,9.0
3131,2165,17.0
3132,3081,7.0
3133,2075,15.0
3134,2181,16.0
3135,3268,8.0
3136,3286,10.0
3137,3408,14.0
3138,1813,19.0
3139,2164,17.0
3140,2078,17.0
3141,3071,13.0
3142,2571,14.0
3143,3681,5.0
3144,3082,12.0
3145,2469,13.0
3146,3596,4.0
3147,2958,11.0
3148,2852,10.0
3149,2477,17.0
3150,2813,15.0
3151,3081,9.0
3152,2247,14.0
3153,3480,9.0
3154,2455,15.0
3155,2281,14.0
3156,2828,15.0
3157,2353,16.0
3158,2704,12.0
3159,2572,15.0
3160,2099,16.0
3161,2987,13.0
3162,2423,14.0
3163,3237,9.0
3164,2159,18.0
3165,3142,10.0
3166,2755,14.0
3167,2589,14.0
3168,2154,15.0
3169,2652,13.0
3170,2571,14.0
3171,3149,11.0
3172,2563,17.0
3173,2946,9.0
3174,3007,11.0
3175,2311,18.0
3176,2510,13.0
3177,2800,12.0
3178,2769,9.0
3179,2409,15.0
3180,2253,15.0
3181,2240,17.0
3182,2833,12.0
3183,2937,6.0
3184,2844,14.0
3185,3072,10.0
3186,2552,13.0
3187,3451,12.0
3188,2497,15.0
3189,3224,11.0
3190,2943,16.0
3191,3391,11.0
3192,2899,10.0
3193,2314,15.0
3194,1960,18.0
3195,2415,16.0
3196,2149,17.0
3197,2023,18.0
3198,2662,12.0
3199,2385,16.0
3200,2398,17.0
3201,2433,14.0
3202,2517,13.0
3203,2627,14.0
3204,2731,13.0
3205,3486,12.0
3206,2811,13.0
3207,2586,14.0
3208,2644,15.0
3209,2130,16.0
3210,2540,15.0
3211,2301,14.0
3212,2099,17.0
3213,2480,13.0
3214,3173,10.0
3215,2839,13.0
3216,1828,19.0
3217,3064,7.0
3218,2467,15.0
3219,2429,13.0
3220,2455,13.0
3221,2348,18.0
3222,2578,12.0
3223,3112,13.0
3224,2972,10.0
3225,2470,15.0
3226,2226,17.0
3227,2344,15.0
3228,2387,12.0
3229,2615,13.0
3230,2285,17.0
3231,3167,11.0
3232,3173,10.0
3233,2766,13.0
3234,2099,19.0
3235,2857,12.0
3236,3007,11.0
3237,3010,15.0
3238,2198,17.0
3239,2703,14.0
3240,2840,11.0
3241,2529,15.0
3242,2779,12.0
3243,2246,13.0
3244,2562,14.0
3245,3208,13.0
3246,2830,12.0
3247,2028,17.0
3248,3119,10.0
3249,2843,14.0
3250,3644,6.0
3251,2332,14.0
3252,2889,14.0
3253,2584,13.0
3254,2291,16.0
3255,2765,14.0
3256,1851,18.0
3257,2220,16.0
3258,2164,16.0
3259,2590,15.0
3260,2193,19.0
3261,2835,9.0
3262,2567,15.0
3263,2163,14.0
3264,2737,9.0
3265,2968,8.0
3266,3778,7.0
3267,2631,14.0
3268,3432,8.0
3269,2878,11.0
3270,2187,15.0
3271,3533,5.0
3272,2928,7.0
3273,2281,17.0
3274,2823,15.0
3275,3186,7.0
3276,2577,15.0
3277,2535,15.0
3278,3026,12.0
3279,2830,9.0
3280,1856,19.0
3281,3129,10.0
3282,2443,15.0
3283,2563,14.0
3284,3687,4.0
3285,1838,20.0
3286,1886,17.0
3287,3074,14.0
3288,2970,14.0
3289,2689,15.0
3290,2265,16.0
3291,3156,15.0
3292,2646,12.0
3293,2254,14.0
3294,2200,16.0
3295,3022,9.0
3296,2128,17.0
3297,2960,10.0
3298,2520,15.0
3299,3007,13.0
3300,2856,12.0
3301,2701,12.0
3302,2122,18.0
3303,2598,14.0
3304,3089,11.0
3305,2518,17.0
3306,2946,12.0
3307,3594,5.0
3308,2919,12.0
3309,3034,13.0
3310,2749,15.0
3311,3063,11.0
3312,3786,11.0
3313,2343,14.0
3314,3087,11.0
3315,2923,11.0
3316,2742,13.0
3317,2763,12.0
3318,3521,6.0
3319,2756,14.0
3320,2264,16.0
3321,2809,14.0
3322,2843,8.0
3323,2139,15.0
3324,3270,8.0
3325,3075,9.0
3326,2668,11.0
3327,2673,11.0
3328,2011,18.0
3329,2905,13.0
3330,2140,17.0
3331,2851,8.0
3332,2539,13.0
3333,2917,9.0
3334,2236,19.0
3335,2320,15.0
3336,2683,12.0
3337,2878,12.0
3338,2212,17.0
3339,2450,16.0
3340,2371,15.0
3341,2735,13.0
3342,2210,16.0
3343,2920,13.0
3344,3294,9.0
3345,2082,18.0
3346,2255,16.0
3347,2643,12.0
3348,2575,15.0
3349,3087,11.0
3350,2781,14.0
3351,2425,14.0
3352,2053,19.0
3353,2241,14.0
3354,2434,14.0
3355,2115,18.0
3356,2601,12.0
3357,2533,14.0
3358,2372,13.0
3359,2897,10.0
3360,2970,9.0
3361,2144,17.0
3362,1801,20.0
3363,2018,15.0
3364,3142,12.0
3365,2855,10.0
3366,2979,8.0
3367,2801,14.0
3368,3302,7.0
3369,3051,11.0
3370,2664,14.0
3371,2103,15.0
3372,2490,15.0
3373,2339,15.0
3374,2941,12.0
3375,3430,9.0
3376,2921,14.0
3377,3288,11.0
3378,2132,17.0
3379,2410,16.0
3380,2852,10.0
3381,2879,12.0
3382,2679,11.0
3383,2673,15.0
3384,2638,13.0
3385,3231,11.0
3386,2608,14.0
3387,2572,15.0
3388,2169,18.0
3389,2829,14.0
3390,1925,19.0
3391,3072,5.0
3392,2601,13.0
3393,2287,18.0
3394,2815,15.0
3395,2922,11.0
3396,2846,12.0
3397,3091,11.0
3398,2355,17.0
3399,3151,13.0
3400,2554,12.0
3401,3476,9.0
3402,2078,17.0
3403,2343,16.0
3404,2477,16.0
3405,2791,10.0
3406,3562,5.0
3407,2263,14.0
3408,2215,17.0
3409,2689,14.0
3410,2215,13.0
3411,3221,8.0
3412,4423,2.0
3413,2701,14.0
3414,2834,10.0
3415,2308,17.0
3416,2558,12.0
3417,2706,14.0
3418,2814,14.0
3419,2272,17.0
3420,2088,15.0
3421,2117,19.0
3422,2665,10.0
3423,1783,19.0
3424,3217,13.0
3425,3355,11.0
3426,2124,20.0
3427,3323,10.0
3428,2713,14.0
3429,2265,19.0
3430,3155,9.0
3431,2469,13.0
3432,2440,17.0
3433,2787,14.0
3434,2073,16.0
3435,1971,17.0
3436,2231,17.0
3437,3094,11.0
3438,2721,13.0
3439,2357,17.0
3440,2626,10.0
3441,2108,16.0
3442,2612,15.0
3443,3594,10.0
3444,1838,19.0
3445,2462,14.0
3446,1995,20.0
3447,2688,14.0
3448,2184,19.0
3449,2118,17.0
3450,2502,11.0
3451,2092,18.0
3452,2586,14.0
3453,2646,15.0
3454,2331,14.0
3455,3106,14.0
3456,2689,15.0
3457,2906,13.0
3458,2508,15.0
3459,2820,16.0
3460,2147,16.0
3461,3557,11.0
3462,2878,11.0
3463,2509,14.0
3464,2439,18.0
3465,2385,15.0
3466,2623,13.0
3467,2708,12.0
3468,3019,14.0
3469,2250,18.0
3470,2008,20.0
3471,2458,16.0
3472,2743,12.0
3473,2212,16.0
3474,2434,16.0
3475,2933,13.0
3476,2309,17.0
3477,3036,11.0
3478,2605,15.0
3479,2078,16.0
3480,2789,12.0
3481,2250,15.0
3482,2053,18.0
3483,2249,15.0
3484,2420,13.0
3485,2674,16.0
3486,3346,9.0
3487,2585,14.0
3488,3742,7.0
3489,2870,16.0
3490,3153,11.0
3491,2757,13.0
3492,3322,13.0
3493,2855,13.0
3494,2607,13.0
3495,2577,17.0
3496,2374,17.0
3497,2556,13.0
3498,2733,13.0
3499,2933,12.0
3500,2437,14.0
3501,2337,17.0
3502,2437,17.0
3503,2626,16.0
3504,2573,12.0
3505,2500,16.0
3506,2294,13.0
3507,3059,13.0
3508,3550,7.0
3509,2259,18.0
3510,2241,15.0
3511,3187,8.0
3512,2282,17.0
3513,2916,7.0
3514,2488,15.0
3515,2505,15.0
3516,2676,12.0
3517,2469,15.0
3518,3033,11.0
3519,2955,15.0
3520,2770,13.0
3521,1961,16.0
3522,3712,3.0
3523,2458,14.0
3524,1976,17.0
3525,2243,15.0
3526,2122,18.0
3527,3318,3.0
3528,2535,16.0
3529,3143,11.0
3530,2114,18.0
3531,3316,6.0
3532,2509,15.0
3533,2513,14.0
3534,2452,15.0
3535,2117,17.0
3536,2299,17.0
3537,2947,8.0
3538,2419,15.0
3539,2941,12.0
3540,2036,18.0
3541,2769,12.0
3542,2632,12.0
3543,2211,17.0
3544,2476,13.0
3545,2941,13.0
3546,2747,13.0
3547,3857,4.0
3548,2801,11.0
3549,2090,17.0
3550,2317,15.0
3551,2905,12.0
3552,2358,19.0
3553,3294,6.0
3554,2595,15.0
3555,2853,17.0
3556,2846,12.0
3557,2490,16.0
3558,2791,9.0
3559,3036,11.0
3560,2255,16.0
3561,3824,5.0
3562,2085,16.0
3563,2706,11.0
3564,2074,16.0
3565,2116,17.0
3566,2751,9.0
3567,2718,13.0
3568,2209,14.0
3569,2837,11.0
3570,2730,13.0
3571,2796,13.0
3572,2418,15.0
3573,3250,11.0
3574,2801,12.0
3575,4123,4.0
3576,3280,9.0
3577,2241,17.0
3578,2850,9.0
3579,1936,21.0
3580,2810,10.0
3581,2731,12.0
3582,3077,11.0
3583,2879,14.0
3584,3816,9.0
3585,3364,7.0
3586,2411,16.0
3587,2974,15.0
3588,3844,5.0
3589,2263,16.0
3590,2492,15.0
3591,3046,12.0
3592,2993,10.0
3593,2438,14.0
3594,2596,12.0
3595,2211,19.0
3596,2805,13.0
3597,2495,14.0
3598,2386,17.0
3599,3148,13.0
3600,2646,13.0
3601,3007,9.0
3602,2968,12.0
3603,1773,21.0
3604,2078,18.0
3605,2931,11.0
3606,2132,15.0
3607,3238,14.0
3608,3500,7.0
3609,2833,11.0
3610,2573,16.0
3611,2833,13.0
3612,2236,16.0
3613,2198,17.0
3614,2441,17.0
3615,3252,11.0
3616,2072,15.0
3617,2608,15.0
3618,2568,15.0
3619,2094,14.0
3620,2100,19.0
3621,3380,11.0
3622,3399,9.0
3623,2193,17.0
3624,2511,13.0
3625,2453,16.0
3626,2564,15.0
3627,2031,17.0
3628,2797,11.0
3629,2286,13.0
3630,2407,14.0
3631,3071,12.0
3632,2842,14.0
3633,2043,19.0
3634,2877,12.0
3635,2209,18.0
3636,3217,10.0
3637,2619,13.0
3638,2097,18.0
3639,2341,17.0
3640,2882,14.0
3641,2501,11.0
3642,2004,19.0
3643,3535,8.0
3644,2959,11.0
3645,3438,10.0
3646,3193,7.0
3647,3107,8.0
3648,2867,14.0
3649,3015,15.0
3650,2399,14.0
3651,2516,11.0
3652,2119,17.0
3653,2267,18.0
3654,2600,15.0
3655,2350,16.0
3656,1978,19.0
3657,3039,10.0
3658,2655,14.0
3659,2036,16.0
3660,2944,9.0
3661,2807,12.0
3662,2048,17.0
3663,2360,15.0
3664,2020,18.0
3665,2545,15.0
3666,3526,7.0
3667,3073,9.0
3668,2635,13.0
3669,2342,16.0
3670,2109,17.0
3671,3938,8.0
3672,2159,17.0
3673,2854,11.0
3674,2815,10.0
3675,2417,16.0
3676,3019,12.0
3677,2235,18.0
3678,2236,20.0
3679,2446,14.0
3680,3245,10.0
3681,2675,15.0
3682,2501,14.0
3683,2252,15.0
3684,3187,10.0
3685,2783,10.0
3686,2817,13.0
3687,3764,6.0
3688,3035,9.0
3689,2431,16.0
3690,3074,6.0
3691,2567,14.0
3692,2676,12.0
3693,2553,14.0
3694,2758,9.0
3695,2510,16.0
3696,3044,12.0
3697,2499,16.0
3698,2884,15.0
3699,2464,15.0
3700,2495,11.0
3701,2541,14.0
3702,2556,9.0
3703,1941,17.0
3704,2394,16.0
3705,2927,9.0
3706,2108,17.0
3707,2853,7.0
3708,2725,15.0
3709,3791,5.0
3710,2458,16.0
3711,2975,11.0
3712,2566,15.0
3713,2458,14.0
3714,2815,11.0
3715,2846,12.0
3716,2420,17.0
3717,2688,17.0
3718,3135,10.0
3719,1706,20.0
3720,3211,9.0
3721,2076,18.0
3722,2429,15.0
3723,2219,17.0
3724,3191,10.0
3725,1995,19.0
3726,3441,8.0
3727,2916,14.0
3728,2796,13.0
3729,1883,19.0
3730,3341,12.0
3731,2905,15.0
3732,2575,12.0
3733,3068,11.0
3734,2146,18.0
3735,2637,13.0
3736,1961,17.0
3737,2040,21.0
3738,2740,13.0
3739,2500,16.0
3740,2888,11.0
3741,3042,14.0
3742,1979,16.0
3743,3074,10.0
3744,2213,16.0
3745,2412,15.0
3746,2755,12.0
3747,2534,14.0
3748,2324,17.0
3749,2801,11.0
3750,2389,16.0
3751,2526,12.0
3752,2433,13.0
3753,2744,13.0
3754,3059,12.0
3755,2118,18.0
3756,2813,12.0
3757,1884,16.0
3758,2965,12.0
3759,2829,17.0
3760,2428,14.0
3761,3436,10.0
3762,2495,14.0
3763,3127,8.0
3764,2710,15.0
3765,3498,13.0
3766,2788,12.0
3767,3000,14.0
3768,2078,18.0
3769,2826,14.0
3770,2387,14.0
3771,2278,15.0
3772,2263,18.0
3773,3245,12.0
3774,3232,12.0
3775,2908,15.0
3776,2613,13.0
3777,2404,13.0
3778,2956,9.0
3779,2534,12.0
3780,2649,12.0
3781,2267,15.0
3782,2711,12.0
3783,1873,20.0
3784,2819,14.0
3785,2808,16.0
3786,2453,16.0
3787,2938,15.0
3788,2055,18.0
3789,2283,17.0
3790,2156,18.0
3791,2626,13.0
3792,2029,19.0
3793,3051,11.0
3794,3177,8.0
3795,2712,17.0
3796,2496,15.0
3797,3021,13.0
3798,1894,19.0
3799,2216,19.0
3800,3738,10.0
