0,791,-21.0
1,870,-20.0
2,871,-21.0
3,873,-21.0
4,876,-21.0
5,932,-21.0
6,968,-19.0
7,971,-20.0
8,835,-20.0
9,835,-20.0
10,843,-21.0
11,849,-21.0
12,819,-21.0
13,990,-18.0
14,869,-20.0
15,973,-19.0
16,816,-21.0
17,783,-21.0
18,849,-21.0
19,844,-21.0
20,877,-21.0
21,846,-21.0
22,840,-21.0
23,816,-21.0
24,842,-21.0
25,754,-21.0
26,860,-21.0
27,937,-20.0
28,991,-21.0
29,923,-20.0
30,911,-20.0
31,988,-18.0
32,778,-21.0
33,850,-21.0
34,893,-20.0
35,834,-20.0
36,842,-21.0
37,845,-21.0
38,881,-21.0
39,1033,-19.0
40,814,-21.0
41,762,-21.0
42,901,-20.0
43,890,-21.0
44,931,-21.0
45,923,-20.0
46,1279,-18.0
47,845,-21.0
48,876,-21.0
49,1006,-19.0
50,928,-21.0
51,999,-20.0
52,824,-21.0
53,1065,-20.0
54,957,-20.0
55,955,-21.0
56,782,-21.0
57,848,-21.0
58,819,-21.0
59,929,-20.0
60,816,-21.0
61,819,-21.0
62,857,-20.0
63,820,-21.0
64,866,-20.0
65,778,-21.0
66,814,-21.0
67,845,-21.0
68,775,-21.0
69,818,-21.0
70,966,-21.0
71,835,-21.0
72,833,-20.0
73,910,-20.0
74,903,-21.0
75,816,-21.0
76,1078,-20.0
77,900,-20.0
78,1136,-18.0
79,845,-21.0
80,845,-21.0
81,784,-21.0
82,1009,-20.0
83,1052,-20.0
84,823,-21.0
85,878,-21.0
86,899,-21.0
87,1016,-20.0
88,1142,-20.0
89,757,-21.0
90,919,-20.0
91,847,-21.0
92,913,-21.0
93,819,-21.0
94,914,-20.0
95,903,-21.0
96,883,-21.0
97,870,-20.0
98,945,-21.0
99,812,-21.0
100,755,-21.0
101,968,-20.0
102,759,-21.0
103,1140,-19.0
104,892,-20.0
105,963,-20.0
106,835,-21.0
107,815,-21.0
108,887,-21.0
109,839,-20.0
110,996,-21.0
111,907,-21.0
112,789,-21.0
113,1014,-21.0
114,919,-20.0
115,928,-21.0
116,954,-21.0
117,956,-20.0
118,963,-19.0
119,987,-20.0
120,757,-21.0
121,1107,-19.0
122,920,-19.0
123,757,-21.0
124,820,-21.0
125,815,-21.0
126,821,-21.0
127,762,-21.0
128,845,-21.0
129,762,-21.0
130,763,-21.0
131,760,-21.0
132,758,-21.0
133,760,-21.0
134,757,-21.0
135,760,-21.0
136,755,-21.0
137,757,-21.0
138,788,-21.0
139,756,-21.0
140,756,-21.0
141,877,-21.0
142,758,-21.0
143,757,-21.0
144,762,-21.0
145,881,-20.0
146,754,-21.0
147,755,-21.0
148,839,-20.0
149,754,-21.0
150,803,-21.0
151,822,-21.0
152,895,-20.0
153,755,-21.0
154,879,-21.0
155,762,-21.0
156,869,-21.0
157,822,-21.0
158,921,-21.0
159,759,-21.0
160,980,-19.0
161,939,-21.0
162,936,-21.0
163,896,-20.0
164,957,-20.0
165,876,-21.0
166,1061,-20.0
167,984,-21.0
168,818,-21.0
169,761,-21.0
170,759,-21.0
171,896,-20.0
172,973,-20.0
173,759,-21.0
174,1257,-19.0
175,950,-19.0
176,817,-21.0
177,789,-21.0
178,833,-20.0
179,847,-21.0
180,906,-21.0
181,885,-20.0
182,986,-20.0
183,785,-21.0
184,1021,-20.0
185,1203,-17.0
186,760,-21.0
187,1017,-18.0
188,1010,-21.0
189,880,-21.0
190,806,-21.0
191,985,-19.0
192,960,-19.0
193,891,-21.0
194,833,-21.0
195,816,-21.0
196,820,-21.0
197,894,-21.0
198,1171,-19.0
199,823,-21.0
200,827,-20.0
201,883,-20.0
202,896,-21.0
203,808,-21.0
204,867,-21.0
205,1030,-20.0
206,787,-21.0
207,832,-20.0
208,803,-21.0
209,881,-21.0
210,875,-21.0
211,943,-19.0
212,957,-20.0
213,850,-21.0
214,1055,-21.0
215,811,-21.0
216,791,-21.0
217,863,-21.0
218,841,-20.0
219,980,-20.0
220,754,-21.0
221,1081,-19.0
222,934,-21.0
223,1098,-20.0
224,946,-19.0
225,938,-20.0
226,940,-20.0
227,849,-21.0
228,890,-21.0
229,822,-21.0
230,1048,-19.0
231,775,-21.0
232,829,-21.0
233,815,-21.0
234,974,-20.0
235,904,-21.0
236,946,-19.0
237,895,-21.0
238,1170,-19.0
239,835,-20.0
240,776,-21.0
241,1050,-21.0
242,838,-21.0
243,1188,-20.0
244,938,-20.0
245,812,-21.0
246,1018,-20.0
247,879,-21.0
248,823,-21.0
249,844,-21.0
250,1043,-18.0
251,776,-21.0
252,927,-20.0
253,1019,-20.0
254,1271,-16.0
255,786,-21.0
256,938,-21.0
257,893,-21.0
258,921,-20.0
259,852,-21.0
260,805,-21.0
261,831,-21.0
262,894,-20.0
263,782,-21.0
264,958,-20.0
265,886,-20.0
266,841,-20.0
267,1029,-21.0
268,853,-21.0
269,816,-21.0
270,1072,-19.0
271,839,-20.0
272,894,-20.0
273,895,-20.0
274,834,-21.0
275,849,-21.0
276,899,-21.0
277,912,-20.0
278,900,-20.0
279,929,-20.0
280,958,-20.0
281,900,-20.0
282,1141,-20.0
283,1397,-17.0
284,987,-21.0
285,884,-21.0
286,946,-20.0
287,880,-21.0
288,905,-21.0
289,820,-21.0
290,819,-21.0
291,953,-20.0
292,941,-21.0
293,999,-21.0
294,911,-20.0
295,921,-21.0
296,934,-19.0
297,814,-21.0
298,907,-21.0
299,1091,-18.0
300,901,-21.0
301,875,-21.0
302,757,-21.0
303,884,-20.0
304,956,-21.0
305,983,-20.0
306,803,-21.0
307,834,-20.0
308,1098,-19.0
309,911,-21.0
310,819,-21.0
311,956,-20.0
312,851,-20.0
313,987,-21.0
314,898,-21.0
315,893,-20.0
316,910,-21.0
317,866,-21.0
318,996,-21.0
319,938,-21.0
320,968,-21.0
321,945,-20.0
322,954,-20.0
323,958,-20.0
324,905,-21.0
325,877,-21.0
326,876,-21.0
327,841,-21.0
328,923,-20.0
329,823,-21.0
330,1039,-20.0
331,791,-21.0
332,1008,-19.0
333,1040,-19.0
334,786,-21.0
335,906,-20.0
336,959,-20.0
337,922,-20.0
338,848,-21.0
339,1102,-21.0
340,779,-21.0
341,982,-21.0
342,896,-20.0
343,832,-20.0
344,814,-21.0
345,887,-21.0
346,1102,-20.0
347,848,-21.0
348,933,-20.0
349,979,-19.0
350,923,-19.0
351,990,-19.0
352,941,-21.0
353,846,-21.0
354,1183,-19.0
355,1002,-20.0
356,955,-21.0
357,995,-19.0
358,1172,-18.0
359,877,-21.0
360,967,-20.0
361,844,-21.0
362,992,-19.0
363,956,-20.0
364,1493,-15.0
365,868,-21.0
366,1016,-21.0
367,850,-21.0
368,821,-21.0
369,1027,-20.0
370,910,-21.0
371,1070,-18.0
372,819,-21.0
373,759,-21.0
374,1050,-19.0
375,903,-21.0
376,816,-21.0
377,1103,-19.0
378,849,-21.0
379,903,-20.0
380,1265,-20.0
381,854,-20.0
382,896,-20.0
383,920,-20.0
384,903,-21.0
385,835,-20.0
386,929,-20.0
387,837,-20.0
388,881,-21.0
389,897,-21.0
390,818,-21.0
391,817,-21.0
392,828,-20.0
393,835,-21.0
394,782,-21.0
395,823,-21.0
396,922,-20.0
397,833,-20.0
398,829,-20.0
399,984,-20.0
400,1026,-21.0
401,840,-21.0
402,925,-20.0
403,1138,-20.0
404,893,-21.0
405,1089,-20.0
406,942,-21.0
407,971,-21.0
408,892,-21.0
409,927,-21.0
410,873,-21.0
411,1111,-18.0
412,1049,-21.0
413,882,-21.0
414,965,-21.0
415,841,-20.0
416,861,-20.0
417,897,-20.0
418,822,-21.0
419,776,-21.0
420,899,-20.0
421,898,-20.0
422,821,-21.0
423,835,-20.0
424,820,-21.0
425,823,-21.0
426,1095,-19.0
427,963,-19.0
428,1053,-19.0
429,850,-21.0
430,1139,-17.0
431,956,-20.0
432,993,-20.0
433,864,-20.0
434,816,-21.0
435,1074,-19.0
436,1046,-20.0
437,1059,-19.0
438,1042,-20.0
439,913,-20.0
440,909,-20.0
441,983,-20.0
442,952,-21.0
443,1046,-21.0
444,821,-21.0
445,823,-21.0
446,1031,-20.0
447,871,-21.0
448,855,-21.0
449,1079,-19.0
450,893,-20.0
451,977,-20.0
452,1154,-19.0
453,1162,-19.0
454,869,-20.0
455,848,-21.0
456,1016,-20.0
457,1117,-21.0
458,1136,-20.0
459,788,-21.0
460,1167,-19.0
461,870,-21.0
462,788,-21.0
463,928,-19.0
464,953,-20.0
465,851,-21.0
466,1089,-19.0
467,845,-21.0
468,1059,-20.0
469,924,-20.0
470,970,-20.0
471,902,-21.0
472,836,-20.0
473,1050,-20.0
474,880,-21.0
475,814,-21.0
476,856,-20.0
477,1120,-19.0
478,819,-21.0
479,1099,-19.0
480,860,-21.0
481,776,-21.0
482,970,-21.0
483,951,-20.0
484,1036,-20.0
485,906,-21.0
486,839,-20.0
487,911,-21.0
488,806,-21.0
489,937,-21.0
490,875,-21.0
491,878,-21.0
492,875,-21.0
493,1223,-18.0
494,850,-21.0
495,822,-21.0
496,841,-20.0
497,872,-21.0
498,880,-21.0
499,784,-21.0
500,1002,-20.0
501,835,-21.0
502,779,-21.0
503,852,-21.0
504,909,-20.0
505,900,-20.0
506,840,-20.0
507,949,-20.0
508,913,-21.0
509,784,-21.0
510,863,-21.0
511,1009,-20.0
512,821,-21.0
513,840,-20.0
514,911,-21.0
515,1089,-21.0
516,1071,-20.0
517,833,-20.0
518,847,-21.0
519,774,-21.0
520,948,-20.0
521,890,-20.0
522,773,-21.0
523,834,-20.0
524,850,-21.0
525,1012,-20.0
526,968,-21.0
527,833,-20.0
528,786,-21.0
529,1049,-20.0
530,1050,-20.0
531,909,-21.0
532,1069,-18.0
533,1083,-20.0
534,957,-20.0
535,853,-21.0
536,959,-20.0
537,973,-21.0
538,1052,-21.0
539,902,-21.0
540,815,-21.0
541,986,-21.0
542,917,-20.0
543,1010,-20.0
544,1017,-19.0
545,993,-21.0
546,905,-21.0
547,838,-21.0
548,938,-21.0
549,864,-20.0
550,882,-21.0
551,927,-20.0
552,814,-21.0
553,1052,-18.0
554,989,-21.0
555,860,-20.0
556,840,-21.0
557,782,-21.0
558,868,-20.0
559,1020,-21.0
560,963,-19.0
561,904,-21.0
562,940,-20.0
563,965,-21.0
564,981,-21.0
565,1054,-19.0
566,989,-20.0
567,873,-21.0
568,813,-21.0
569,876,-21.0
570,896,-20.0
571,908,-21.0
572,790,-21.0
573,935,-19.0
574,1142,-18.0
575,778,-21.0
576,929,-19.0
577,863,-20.0
578,787,-21.0
579,998,-19.0
580,808,-21.0
581,1148,-19.0
582,936,-20.0
583,930,-21.0
584,990,-19.0
585,896,-21.0
586,1049,-21.0
587,961,-21.0
588,996,-19.0
589,957,-20.0
590,790,-21.0
591,899,-21.0
592,774,-21.0
593,810,-21.0
594,994,-20.0
595,942,-20.0
596,839,-20.0
597,988,-20.0
598,814,-21.0
599,814,-21.0
600,833,-21.0
601,1006,-19.0
602,1031,-21.0
603,1013,-20.0
604,980,-20.0
605,817,-21.0
606,1069,-18.0
607,934,-19.0
608,900,-21.0
609,837,-21.0
610,787,-21.0
611,867,-21.0
612,901,-20.0
613,1004,-19.0
614,957,-21.0
615,835,-20.0
616,850,-21.0
617,1075,-20.0
618,978,-19.0
619,969,-20.0
620,1118,-20.0
621,848,-21.0
622,1061,-20.0
623,824,-21.0
624,1126,-20.0
625,935,-19.0
626,845,-21.0
627,906,-21.0
628,820,-21.0
629,961,-21.0
630,904,-21.0
631,842,-20.0
632,1018,-19.0
633,834,-20.0
634,821,-21.0
635,803,-21.0
636,868,-21.0
637,791,-21.0
638,1015,-20.0
639,1020,-21.0
640,782,-21.0
641,862,-21.0
642,912,-20.0
643,822,-21.0
644,897,-20.0
645,809,-21.0
646,864,-21.0
647,810,-21.0
648,761,-21.0
649,995,-21.0
650,918,-20.0
651,817,-21.0
652,958,-20.0
653,1254,-17.0
654,894,-21.0
655,776,-21.0
656,872,-20.0
657,962,-20.0
658,874,-21.0
659,1134,-20.0
660,1035,-19.0
661,1066,-19.0
662,941,-19.0
663,845,-21.0
664,1025,-20.0
665,908,-21.0
666,1056,-21.0
667,787,-21.0
668,1111,-18.0
669,974,-19.0
670,899,-20.0
671,904,-21.0
672,834,-21.0
673,1110,-20.0
674,835,-20.0
675,955,-20.0
676,968,-21.0
677,821,-21.0
678,777,-21.0
679,954,-20.0
680,940,-21.0
681,784,-21.0
682,883,-21.0
683,836,-20.0
684,935,-20.0
685,779,-21.0
686,863,-21.0
687,1113,-20.0
688,908,-21.0
689,940,-19.0
690,926,-20.0
691,972,-21.0
692,1041,-20.0
693,1009,-21.0
694,956,-20.0
695,898,-20.0
696,1021,-19.0
697,1079,-20.0
698,1001,-21.0
699,836,-20.0
700,884,-20.0
701,913,-21.0
702,762,-21.0
703,957,-20.0
704,1366,-19.0
705,866,-20.0
706,776,-21.0
707,933,-19.0
708,1028,-21.0
709,1060,-21.0
710,1091,-21.0
711,842,-21.0
712,934,-19.0
713,897,-20.0
714,850,-21.0
715,883,-21.0
716,815,-21.0
717,1091,-20.0
718,918,-20.0
719,837,-21.0
720,1000,-19.0
721,773,-21.0
722,902,-20.0
723,791,-21.0
724,961,-20.0
725,912,-20.0
726,874,-21.0
727,1112,-18.0
728,838,-21.0
729,1015,-19.0
730,1111,-18.0
731,896,-20.0
732,842,-21.0
733,1027,-21.0
734,1122,-20.0
735,848,-21.0
736,1217,-19.0
737,868,-20.0
738,1130,-18.0
739,837,-21.0
740,884,-20.0
741,966,-19.0
742,1102,-19.0
743,836,-20.0
744,983,-21.0
745,813,-21.0
746,901,-21.0
747,819,-21.0
748,1034,-20.0
749,1058,-20.0
750,916,-20.0
751,993,-19.0
752,840,-21.0
753,892,-20.0
754,966,-20.0
755,897,-20.0
756,1077,-19.0
757,1250,-19.0
758,912,-20.0
759,841,-20.0
760,1035,-20.0
761,879,-20.0
762,1031,-20.0
763,820,-21.0
764,990,-20.0
765,995,-21.0
766,998,-20.0
767,958,-20.0
768,1015,-21.0
769,850,-21.0
770,913,-20.0
771,943,-20.0
772,899,-21.0
773,850,-21.0
774,1017,-19.0
775,1051,-20.0
776,991,-21.0
777,937,-21.0
778,1175,-18.0
779,837,-20.0
780,810,-21.0
781,961,-21.0
782,824,-21.0
783,907,-21.0
784,907,-21.0
785,866,-21.0
786,864,-20.0
787,845,-21.0
788,777,-21.0
789,1348,-18.0
790,986,-21.0
791,956,-20.0
792,786,-21.0
793,930,-21.0
794,875,-21.0
795,834,-20.0
796,1046,-19.0
797,963,-19.0
798,820,-21.0
799,813,-21.0
800,920,-20.0
801,925,-21.0
802,825,-21.0
803,927,-20.0
804,878,-21.0
805,907,-21.0
806,920,-20.0
807,969,-20.0
808,940,-21.0
809,897,-20.0
810,1185,-19.0
811,1054,-20.0
812,775,-21.0
813,1046,-19.0
814,1038,-20.0
815,787,-21.0
816,862,-20.0
817,1050,-19.0
818,876,-21.0
819,934,-21.0
820,1005,-20.0
821,997,-21.0
822,912,-21.0
823,883,-21.0
824,966,-21.0
825,955,-21.0
826,961,-21.0
827,956,-20.0
828,910,-20.0
829,1211,-20.0
830,839,-20.0
831,968,-21.0
832,842,-20.0
833,847,-21.0
834,926,-21.0
835,889,-20.0
836,1012,-20.0
837,1249,-19.0
838,1071,-20.0
839,851,-21.0
840,867,-20.0
841,1165,-20.0
842,1141,-20.0
843,1137,-19.0
844,917,-20.0
845,815,-21.0
846,965,-21.0
847,909,-20.0
848,896,-20.0
849,818,-21.0
850,901,-21.0
851,979,-20.0
852,813,-21.0
853,1308,-20.0
854,1086,-20.0
855,900,-21.0
856,938,-21.0
857,862,-20.0
858,931,-21.0
859,867,-20.0
860,1136,-20.0
861,992,-21.0
862,896,-21.0
863,895,-20.0
864,1079,-18.0
865,900,-20.0
866,819,-21.0
867,921,-20.0
868,977,-20.0
869,979,-20.0
870,814,-21.0
871,874,-20.0
872,937,-19.0
873,950,-20.0
874,898,-21.0
875,1009,-20.0
876,882,-21.0
877,1049,-20.0
878,1039,-21.0
879,1390,-19.0
880,1075,-20.0
881,1004,-20.0
882,844,-21.0
883,930,-20.0
884,951,-20.0
885,1014,-19.0
886,864,-21.0
887,865,-20.0
888,833,-20.0
889,929,-20.0
890,1065,-21.0
891,869,-21.0
892,1254,-19.0
893,1099,-20.0
894,1042,-21.0
895,1040,-20.0
896,990,-20.0
897,913,-20.0
898,782,-21.0
899,967,-20.0
900,869,-21.0
901,849,-21.0
902,929,-19.0
903,986,-21.0
904,848,-21.0
905,927,-21.0
906,878,-21.0
907,855,-20.0
908,1017,-19.0
909,927,-21.0
910,818,-21.0
911,1029,-21.0
912,965,-21.0
913,1016,-20.0
914,956,-20.0
915,818,-21.0
916,958,-20.0
917,1054,-18.0
918,1103,-21.0
919,1076,-20.0
920,885,-21.0
921,869,-21.0
922,1038,-19.0
923,872,-21.0
924,916,-20.0
925,946,-21.0
926,991,-20.0
927,978,-20.0
928,1010,-21.0
929,818,-21.0
930,843,-21.0
931,1071,-20.0
932,848,-21.0
933,947,-20.0
934,1055,-20.0
935,777,-21.0
936,973,-20.0
937,843,-21.0
938,1172,-19.0
939,1257,-20.0
940,1182,-18.0
941,882,-21.0
942,845,-21.0
943,814,-21.0
944,789,-21.0
945,1002,-21.0
946,867,-20.0
947,911,-21.0
948,1105,-18.0
949,863,-20.0
950,822,-21.0
951,1222,-18.0
952,870,-21.0
953,1171,-18.0
954,920,-20.0
955,896,-21.0
956,997,-21.0
957,1012,-20.0
958,1192,-19.0
959,787,-21.0
960,899,-21.0
961,774,-21.0
962,913,-21.0
963,941,-21.0
964,847,-21.0
965,1072,-20.0
966,971,-19.0
967,987,-20.0
968,915,-20.0
969,1019,-19.0
970,920,-20.0
971,960,-20.0
972,1264,-19.0
973,929,-21.0
974,1047,-20.0
975,820,-21.0
976,943,-21.0
977,1089,-18.0
978,925,-20.0
979,911,-21.0
980,999,-21.0
981,897,-20.0
982,1213,-20.0
983,816,-21.0
984,830,-20.0
985,977,-21.0
986,960,-20.0
987,818,-21.0
988,946,-21.0
989,914,-21.0
990,849,-21.0
991,973,-19.0
992,834,-21.0
993,879,-21.0
994,1016,-20.0
995,1017,-21.0
996,965,-21.0
997,1019,-20.0
998,973,-20.0
999,920,-20.0
1000,835,-21.0
1001,1008,-19.0
1002,1317,-17.0
1003,932,-21.0
1004,838,-20.0
1005,836,-20.0
1006,1032,-19.0
1007,1423,-16.0
1008,1004,-21.0
1009,1110,-19.0
1010,1097,-19.0
1011,834,-20.0
1012,834,-20.0
1013,1018,-19.0
1014,998,-19.0
1015,870,-20.0
1016,992,-20.0
1017,849,-21.0
1018,839,-20.0
1019,918,-20.0
1020,984,-21.0
1021,816,-21.0
1022,1011,-21.0
1023,950,-21.0
1024,974,-20.0
1025,907,-21.0
1026,883,-20.0
1027,869,-21.0
1028,878,-21.0
1029,1090,-19.0
1030,975,-20.0
1031,1077,-20.0
1032,899,-21.0
1033,774,-21.0
1034,913,-20.0
1035,881,-21.0
1036,962,-20.0
1037,906,-21.0
1038,879,-21.0
1039,988,-19.0
1040,929,-19.0
1041,841,-20.0
1042,816,-21.0
1043,847,-21.0
1044,951,-21.0
1045,841,-21.0
1046,875,-21.0
1047,815,-21.0
1048,907,-21.0
1049,845,-21.0
1050,1064,-20.0
1051,1015,-20.0
1052,875,-20.0
1053,802,-21.0
1054,878,-21.0
1055,1003,-20.0
1056,864,-20.0
1057,928,-20.0
1058,1133,-20.0
1059,1014,-20.0
1060,1060,-21.0
1061,1042,-18.0
1062,834,-20.0
1063,1017,-20.0
1064,846,-21.0
1065,866,-20.0
1066,961,-20.0
1067,958,-21.0
1068,1014,-20.0
1069,899,-20.0
1070,1011,-19.0
1071,944,-20.0
1072,806,-21.0
1073,796,-21.0
1074,884,-21.0
1075,940,-20.0
1076,940,-20.0
1077,1027,-21.0
1078,873,-20.0
1079,930,-20.0
1080,802,-21.0
1081,902,-21.0
1082,791,-21.0
1083,898,-20.0
1084,896,-20.0
1085,946,-21.0
1086,1014,-21.0
1087,1235,-19.0
1088,978,-20.0
1089,1091,-20.0
1090,1084,-20.0
1091,807,-21.0
1092,1042,-21.0
1093,1042,-18.0
1094,925,-20.0
1095,821,-21.0
1096,1241,-19.0
1097,1246,-21.0
1098,961,-20.0
1099,1049,-20.0
1100,902,-20.0
1101,957,-19.0
1102,1153,-20.0
1103,966,-20.0
1104,989,-19.0
1105,987,-20.0
1106,1122,-17.0
1107,981,-21.0
1108,907,-21.0
1109,959,-19.0
1110,1114,-18.0
1111,944,-20.0
1112,841,-20.0
1113,951,-21.0
1114,908,-21.0
1115,918,-20.0
1116,1173,-21.0
1117,984,-21.0
1118,1167,-20.0
1119,1070,-21.0
1120,902,-21.0
1121,862,-21.0
1122,1016,-20.0
1123,890,-21.0
1124,940,-21.0
1125,819,-21.0
1126,882,-21.0
1127,954,-21.0
1128,1008,-19.0
1129,1123,-18.0
1130,1119,-19.0
1131,1010,-19.0
1132,900,-20.0
1133,990,-21.0
1134,1058,-20.0
1135,818,-21.0
1136,1236,-20.0
1137,1026,-18.0
1138,899,-20.0
1139,837,-21.0
1140,1027,-21.0
1141,820,-21.0
1142,841,-21.0
1143,1086,-19.0
1144,1147,-19.0
1145,1102,-19.0
1146,1024,-21.0
1147,822,-21.0
1148,1027,-19.0
1149,816,-21.0
1150,822,-21.0
1151,824,-21.0
1152,1068,-21.0
1153,1028,-19.0
1154,789,-21.0
1155,968,-20.0
1156,1060,-20.0
1157,1017,-20.0
1158,1249,-19.0
1159,902,-20.0
1160,822,-21.0
1161,788,-21.0
1162,838,-21.0
1163,778,-21.0
1164,814,-21.0
1165,1171,-19.0
1166,1098,-19.0
1167,1088,-21.0
1168,837,-20.0
1169,1292,-18.0
1170,1009,-20.0
1171,1080,-21.0
1172,1048,-20.0
1173,820,-21.0
1174,782,-21.0
1175,1053,-18.0
1176,1001,-20.0
1177,1077,-19.0
1178,830,-20.0
1179,865,-21.0
1180,1056,-19.0
1181,1037,-20.0
1182,946,-20.0
1183,907,-21.0
1184,877,-21.0
1185,986,-21.0
1186,882,-21.0
1187,966,-21.0
1188,1003,-20.0
1189,1174,-19.0
1190,982,-20.0
1191,940,-21.0
1192,996,-21.0
1193,921,-20.0
1194,1058,-20.0
1195,823,-21.0
1196,928,-20.0
1197,941,-20.0
1198,880,-21.0
1199,840,-21.0
1200,896,-20.0
1201,1062,-20.0
1202,1030,-19.0
1203,1000,-20.0
1204,914,-20.0
1205,1147,-20.0
1206,1055,-19.0
1207,1000,-20.0
1208,1019,-21.0
1209,895,-20.0
1210,1102,-18.0
1211,774,-21.0
1212,1034,-19.0
1213,998,-21.0
1214,831,-20.0
1215,1032,-21.0
1216,1013,-21.0
1217,817,-21.0
1218,867,-21.0
1219,1022,-20.0
1220,850,-21.0
1221,895,-20.0
1222,964,-21.0
1223,958,-20.0
1224,837,-20.0
1225,906,-21.0
1226,882,-21.0
1227,1108,-19.0
1228,1101,-19.0
1229,1195,-18.0
1230,1261,-18.0
1231,1145,-18.0
1232,943,-21.0
1233,926,-20.0
1234,996,-21.0
1235,1028,-20.0
1236,901,-20.0
1237,908,-21.0
1238,841,-21.0
1239,879,-21.0
1240,1007,-20.0
1241,947,-20.0
1242,845,-21.0
1243,940,-21.0
1244,932,-19.0
1245,1171,-18.0
1246,879,-20.0
1247,1155,-19.0
1248,969,-19.0
1249,911,-21.0
1250,821,-21.0
1251,956,-20.0
1252,980,-19.0
1253,803,-21.0
1254,956,-20.0
1255,1051,-19.0
1256,956,-21.0
1257,881,-21.0
1258,943,-20.0
1259,1065,-19.0
1260,956,-20.0
1261,932,-19.0
1262,917,-21.0
1263,837,-21.0
1264,1290,-17.0
1265,837,-21.0
1266,1064,-19.0
1267,960,-19.0
1268,895,-20.0
1269,909,-20.0
1270,908,-21.0
1271,1033,-21.0
1272,905,-21.0
1273,1086,-20.0
1274,995,-19.0
1275,1069,-19.0
1276,1184,-18.0
1277,819,-21.0
1278,1079,-19.0
1279,850,-21.0
1280,925,-20.0
1281,844,-21.0
1282,977,-20.0
1283,1007,-20.0
1284,937,-21.0
1285,1065,-20.0
1286,1077,-20.0
1287,1100,-19.0
1288,987,-20.0
1289,992,-20.0
1290,973,-19.0
1291,890,-21.0
1292,1002,-19.0
1293,1355,-18.0
1294,1089,-21.0
1295,1378,-20.0
1296,1054,-20.0
1297,1292,-19.0
1298,1142,-19.0
1299,824,-21.0
1300,1297,-18.0
1301,950,-20.0
1302,861,-21.0
1303,1028,-20.0
1304,1163,-20.0
1305,1059,-20.0
1306,1083,-19.0
1307,1084,-19.0
1308,993,-19.0
1309,853,-21.0
1310,861,-21.0
1311,843,-21.0
1312,790,-21.0
1313,815,-21.0
1314,1313,-18.0
1315,1018,-18.0
1316,979,-21.0
1317,1221,-18.0
1318,1127,-19.0
1319,909,-21.0
1320,1083,-18.0
1321,1093,-19.0
1322,1004,-19.0
1323,1094,-19.0
1324,990,-20.0
1325,781,-21.0
1326,1208,-19.0
1327,892,-20.0
1328,841,-21.0
1329,895,-20.0
1330,1084,-19.0
1331,913,-20.0
1332,1026,-19.0
1333,939,-19.0
1334,988,-21.0
1335,1228,-18.0
1336,889,-21.0
1337,1182,-19.0
1338,986,-18.0
1339,934,-21.0
1340,989,-21.0
1341,791,-21.0
1342,941,-20.0
1343,950,-20.0
1344,940,-21.0
1345,1084,-18.0
1346,866,-20.0
1347,952,-19.0
1348,817,-21.0
1349,834,-21.0
1350,830,-21.0
1351,995,-21.0
1352,1022,-21.0
1353,1124,-19.0
1354,1037,-20.0
1355,1127,-20.0
1356,1202,-18.0
1357,1005,-20.0
1358,993,-21.0
1359,885,-21.0
1360,879,-21.0
1361,1098,-19.0
1362,1043,-20.0
1363,908,-20.0
1364,874,-21.0
1365,1139,-19.0
1366,1060,-21.0
1367,850,-21.0
1368,1006,-21.0
1369,931,-19.0
1370,790,-21.0
1371,1202,-20.0
1372,954,-21.0
1373,971,-20.0
1374,977,-20.0
1375,915,-20.0
1376,1023,-20.0
1377,999,-21.0
1378,849,-21.0
1379,1002,-19.0
1380,927,-21.0
1381,960,-20.0
1382,1020,-21.0
1383,1004,-21.0
1384,1073,-20.0
1385,1033,-19.0
1386,1034,-20.0
1387,992,-20.0
1388,990,-20.0
1389,948,-20.0
1390,889,-20.0
1391,839,-20.0
1392,868,-21.0
1393,1268,-18.0
1394,805,-21.0
1395,978,-20.0
1396,984,-20.0
1397,1041,-18.0
1398,895,-20.0
1399,834,-21.0
1400,983,-20.0
1401,1010,-20.0
1402,986,-21.0
1403,1174,-18.0
1404,781,-21.0
1405,968,-20.0
1406,874,-21.0
1407,1030,-20.0
1408,1002,-20.0
1409,856,-20.0
1410,1065,-20.0
1411,923,-20.0
1412,1088,-21.0
1413,1361,-20.0
1414,857,-21.0
1415,1103,-19.0
1416,1075,-19.0
1417,957,-21.0
1418,1244,-18.0
1419,1036,-19.0
1420,988,-19.0
1421,1016,-20.0
1422,1162,-18.0
1423,983,-21.0
1424,1203,-19.0
1425,906,-20.0
1426,1087,-20.0
1427,877,-21.0
1428,1169,-19.0
1429,889,-20.0
1430,842,-21.0
1431,891,-20.0
1432,914,-20.0
1433,1080,-21.0
1434,1013,-20.0
1435,1303,-21.0
1436,1117,-19.0
1437,974,-20.0
1438,832,-20.0
1439,907,-20.0
1440,1243,-17.0
1441,1132,-18.0
1442,954,-21.0
1443,942,-20.0
1444,1308,-18.0
1445,1127,-21.0
1446,783,-21.0
1447,1338,-18.0
1448,1225,-20.0
1449,1011,-19.0
1450,959,-20.0
1451,865,-21.0
1452,1310,-18.0
1453,1162,-20.0
1454,879,-21.0
1455,1260,-19.0
1456,1119,-21.0
1457,1204,-19.0
1458,1031,-19.0
1459,1017,-20.0
1460,984,-21.0
1461,971,-20.0
1462,888,-20.0
1463,962,-21.0
1464,1046,-21.0
1465,876,-21.0
1466,1047,-19.0
1467,1180,-18.0
1468,874,-20.0
1469,959,-21.0
1470,1025,-19.0
1471,1040,-19.0
1472,819,-21.0
1473,1305,-20.0
1474,1157,-19.0
1475,1235,-18.0
1476,1255,-17.0
1477,1104,-18.0
1478,1242,-17.0
1479,1133,-20.0
1480,1298,-19.0
1481,1224,-18.0
1482,1073,-20.0
1483,857,-21.0
1484,1197,-20.0
1485,1126,-20.0
1486,941,-21.0
1487,1062,-20.0
1488,1074,-20.0
1489,1121,-21.0
1490,1059,-20.0
1491,1020,-20.0
1492,1140,-20.0
1493,924,-20.0
1494,1065,-20.0
1495,1172,-19.0
1496,1173,-19.0
1497,1021,-20.0
1498,1186,-21.0
1499,1169,-20.0
1500,986,-19.0
1501,962,-20.0
1502,1147,-21.0
1503,1082,-20.0
1504,1094,-20.0
1505,1047,-18.0
1506,1255,-18.0
1507,1026,-20.0
1508,1305,-20.0
1509,818,-21.0
1510,955,-20.0
1511,777,-21.0
1512,925,-20.0
1513,865,-20.0
1514,1006,-21.0
1515,969,-20.0
1516,945,-20.0
1517,1084,-20.0
1518,912,-20.0
1519,1036,-20.0
1520,885,-21.0
1521,846,-21.0
1522,1320,-19.0
1523,1229,-19.0
1524,878,-21.0
1525,1073,-20.0
1526,1135,-19.0
1527,960,-21.0
1528,1157,-20.0
1529,1123,-21.0
1530,973,-19.0
1531,1025,-20.0
1532,1071,-20.0
1533,1268,-19.0
1534,1067,-19.0
1535,869,-21.0
1536,1088,-21.0
1537,1051,-20.0
1538,1082,-20.0
1539,1216,-19.0
1540,1043,-21.0
1541,932,-19.0
1542,1092,-18.0
1543,1061,-20.0
1544,1004,-20.0
1545,809,-21.0
1546,871,-21.0
1547,996,-20.0
1548,1197,-19.0
1549,1439,-16.0
1550,778,-21.0
1551,1007,-21.0
1552,1112,-20.0
1553,1017,-20.0
1554,1093,-20.0
1555,931,-21.0
1556,946,-20.0
1557,809,-21.0
1558,1155,-19.0
1559,1089,-19.0
1560,984,-20.0
1561,1050,-20.0
1562,1125,-20.0
1563,1000,-21.0
1564,956,-21.0
1565,1153,-18.0
1566,973,-20.0
1567,1143,-19.0
1568,1338,-18.0
1569,1143,-19.0
1570,1026,-20.0
1571,1225,-18.0
1572,1026,-20.0
1573,1026,-21.0
1574,774,-21.0
1575,1373,-17.0
1576,929,-20.0
1577,1042,-19.0
1578,1243,-17.0
1579,842,-21.0
1580,1011,-20.0
1581,1002,-20.0
1582,1126,-18.0
1583,974,-20.0
1584,1317,-18.0
1585,1129,-19.0
1586,933,-21.0
1587,924,-20.0
1588,1172,-18.0
1589,982,-21.0
1590,1021,-21.0
1591,1058,-21.0
1592,1031,-20.0
1593,1075,-20.0
1594,1050,-21.0
1595,910,-20.0
1596,1199,-20.0
1597,1413,-18.0
1598,1392,-18.0
1599,848,-21.0
1600,1055,-21.0
1601,1179,-20.0
1602,1251,-19.0
1603,939,-21.0
1604,979,-21.0
1605,1082,-18.0
1606,1104,-20.0
1607,1323,-19.0
1608,989,-19.0
1609,1011,-21.0
1610,1290,-20.0
1611,1216,-18.0
1612,913,-21.0
1613,1237,-20.0
1614,1422,-18.0
1615,1237,-18.0
1616,1144,-18.0
1617,1052,-21.0
1618,1019,-19.0
1619,932,-20.0
1620,1109,-19.0
1621,1063,-20.0
1622,1199,-20.0
1623,1423,-18.0
1624,1053,-20.0
1625,929,-21.0
1626,1248,-18.0
1627,1389,-20.0
1628,1124,-19.0
1629,1030,-20.0
1630,989,-20.0
1631,1288,-19.0
1632,1148,-20.0
1633,1362,-18.0
1634,1160,-19.0
1635,1303,-20.0
1636,1167,-21.0
1637,995,-21.0
1638,1472,-17.0
1639,1050,-18.0
1640,1243,-20.0
1641,1044,-20.0
1642,1438,-20.0
1643,914,-20.0
1644,1188,-20.0
1645,1271,-21.0
1646,1454,-16.0
1647,1298,-18.0
1648,1077,-19.0
1649,1404,-17.0
1650,1089,-21.0
1651,926,-21.0
1652,1060,-19.0
1653,1045,-20.0
1654,1022,-21.0
1655,1099,-19.0
1656,989,-19.0
1657,1181,-17.0
1658,1080,-21.0
1659,1231,-21.0
1660,1220,-18.0
1661,1123,-19.0
1662,1094,-19.0
1663,1097,-20.0
1664,1232,-19.0
1665,1196,-19.0
1666,1138,-21.0
1667,1252,-20.0
1668,1146,-18.0
1669,970,-20.0
1670,1107,-21.0
1671,1195,-19.0
1672,1435,-20.0
1673,1111,-21.0
1674,1077,-21.0
1675,1327,-18.0
1676,955,-21.0
1677,1246,-19.0
1678,1352,-19.0
1679,991,-20.0
1680,1229,-19.0
1681,1375,-18.0
1682,1073,-21.0
1683,1182,-19.0
1684,1216,-19.0
1685,1340,-19.0
1686,1300,-21.0
1687,1111,-20.0
1688,1182,-20.0
1689,1100,-19.0
1690,1273,-20.0
1691,1390,-19.0
1692,942,-21.0
1693,1709,-15.0
1694,996,-21.0
1695,1107,-19.0
1696,880,-21.0
1697,1164,-18.0
1698,1385,-17.0
1699,1291,-19.0
1700,1278,-18.0
1701,1262,-21.0
1702,1119,-21.0
1703,1219,-19.0
1704,1064,-20.0
1705,1239,-18.0
1706,1423,-18.0
1707,1304,-19.0
1708,1783,-16.0
1709,1004,-20.0
1710,1415,-17.0
1711,1259,-20.0
1712,1368,-20.0
1713,1094,-20.0
1714,1386,-19.0
1715,1255,-19.0
1716,1162,-20.0
1717,1081,-20.0
1718,1267,-20.0
1719,1553,-20.0
1720,1336,-19.0
1721,1340,-18.0
1722,1401,-20.0
1723,1590,-17.0
1724,1511,-17.0
1725,1320,-20.0
1726,1507,-16.0
1727,1134,-21.0
1728,1158,-20.0
1729,1247,-21.0
1730,1503,-20.0
1731,1083,-20.0
1732,1278,-18.0
1733,1414,-17.0
1734,1358,-18.0
1735,1293,-19.0
1736,1228,-18.0
1737,1427,-17.0
1738,1321,-21.0
1739,1238,-20.0
1740,1165,-19.0
1741,1521,-19.0
1742,1308,-19.0
1743,1268,-20.0
1744,1380,-19.0
1745,1481,-21.0
1746,1662,-17.0
1747,1367,-20.0
1748,1274,-19.0
1749,993,-21.0
1750,1598,-17.0
1751,1375,-20.0
1752,1234,-20.0
1753,1278,-20.0
1754,1175,-20.0
1755,1443,-19.0
1756,1279,-20.0
1757,1253,-19.0
1758,1527,-19.0
1759,1581,-18.0
1760,1237,-21.0
1761,1276,-20.0
1762,1373,-20.0
1763,1462,-17.0
1764,1399,-20.0
1765,1423,-21.0
1766,1378,-19.0
1767,1253,-19.0
1768,1473,-19.0
1769,1164,-20.0
1770,1445,-19.0
1771,913,-21.0
1772,1270,-20.0
1773,1338,-18.0
1774,1308,-20.0
1775,1565,-18.0
1776,1453,-18.0
1777,1917,-16.0
1778,1444,-18.0
1779,1273,-20.0
1780,1347,-19.0
1781,1414,-19.0
1782,1453,-20.0
1783,1507,-17.0
1784,1676,-20.0
1785,1791,-18.0
1786,1726,-19.0
1787,1344,-20.0
1788,1237,-19.0
1789,1791,-19.0
1790,1307,-20.0
1791,1592,-19.0
1792,1481,-19.0
1793,1444,-19.0
1794,1708,-15.0
1795,1663,-18.0
1796,1566,-20.0
1797,1195,-20.0
1798,1315,-18.0
1799,1579,-18.0
1800,1370,-20.0
1801,1444,-18.0
1802,1440,-18.0
1803,1311,-19.0
1804,1468,-19.0
1805,1477,-20.0
1806,1653,-21.0
1807,1657,-18.0
1808,1315,-19.0
1809,1568,-20.0
1810,1401,-20.0
1811,1648,-18.0
1812,1265,-20.0
1813,1723,-16.0
1814,1529,-20.0
1815,1858,-20.0
1816,1418,-20.0
1817,1447,-18.0
1818,1568,-18.0
1819,1239,-21.0
1820,1339,-18.0
1821,1265,-19.0
1822,1283,-20.0
1823,1263,-21.0
1824,1416,-20.0
1825,1425,-20.0
1826,1350,-20.0
1827,1492,-16.0
1828,1219,-21.0
1829,1503,-15.0
1830,2031,-15.0
1831,1586,-16.0
1832,1856,-16.0
1833,1307,-17.0
1834,1452,-18.0
1835,1310,-19.0
1836,1536,-18.0
1837,1573,-18.0
1838,1597,-18.0
1839,1453,-18.0
1840,1534,-20.0
1841,1516,-20.0
1842,1523,-19.0
1843,1749,-15.0
1844,1658,-20.0
1845,1506,-20.0
1846,1384,-19.0
1847,1355,-18.0
1848,1784,-18.0
1849,1626,-18.0
1850,1475,-20.0
1851,1695,-19.0
1852,1312,-19.0
1853,1528,-17.0
1854,1767,-18.0
1855,1480,-20.0
1856,1588,-16.0
1857,1466,-16.0
1858,1695,-17.0
1859,1689,-19.0
1860,1532,-19.0
1861,1515,-18.0
1862,1498,-17.0
1863,1308,-19.0
1864,1688,-17.0
1865,1519,-20.0
1866,1604,-18.0
1867,1595,-20.0
1868,1576,-19.0
1869,1773,-16.0
1870,1907,-18.0
1871,1656,-19.0
1872,1358,-20.0
1873,1535,-16.0
1874,1820,-14.0
1875,1738,-17.0
1876,1449,-21.0
1877,1534,-18.0
1878,1236,-20.0
1879,1661,-18.0
1880,1581,-20.0
1881,1446,-20.0
1882,1709,-18.0
1883,1988,-15.0
1884,1819,-19.0
1885,2031,-17.0
1886,1704,-18.0
1887,1539,-18.0
1888,1445,-20.0
1889,1111,-19.0
1890,1726,-17.0
1891,1830,-17.0
1892,1469,-20.0
1893,1442,-19.0
1894,1458,-20.0
1895,1551,-18.0
1896,1418,-18.0
1897,1688,-17.0
1898,1558,-18.0
1899,1563,-18.0
1900,1227,-21.0
1901,1129,-20.0
1902,1728,-17.0
1903,1798,-15.0
1904,1466,-18.0
1905,1700,-18.0
1906,1150,-20.0
1907,1554,-18.0
1908,1844,-18.0
1909,1409,-19.0
1910,1876,-14.0
1911,1412,-18.0
1912,1913,-16.0
1913,1376,-16.0
1914,1458,-20.0
1915,1643,-16.0
1916,1488,-18.0
1917,1450,-21.0
1918,1417,-19.0
1919,1857,-19.0
1920,1274,-19.0
1921,1840,-17.0
1922,1602,-18.0
1923,1860,-16.0
1924,1966,-16.0
1925,1851,-15.0
1926,1716,-19.0
1927,1531,-19.0
1928,1483,-21.0
1929,1657,-19.0
1930,2012,-16.0
1931,1560,-19.0
1932,1774,-19.0
1933,1641,-19.0
1934,1888,-19.0
1935,1451,-20.0
1936,1457,-21.0
1937,1900,-18.0
1938,1694,-20.0
1939,1632,-18.0
1940,1663,-19.0
1941,1912,-18.0
1942,1868,-17.0
1943,1522,-18.0
1944,1537,-21.0
1945,1875,-16.0
1946,1497,-21.0
1947,1481,-19.0
1948,1696,-19.0
1949,1622,-17.0
1950,1499,-19.0
1951,1437,-20.0
1952,1338,-19.0
1953,1750,-17.0
1954,1118,-21.0
1955,1546,-20.0
1956,1412,-18.0
1957,1703,-15.0
1958,1776,-15.0
1959,1272,-21.0
1960,1653,-17.0
1961,1589,-16.0
1962,1536,-18.0
1963,1829,-16.0
1964,1335,-19.0
1965,1911,-18.0
1966,1545,-19.0
1967,1814,-19.0
1968,1777,-19.0
1969,1904,-17.0
1970,1708,-16.0
1971,1946,-19.0
1972,1212,-21.0
1973,1280,-20.0
1974,1466,-19.0
1975,1298,-19.0
1976,1726,-18.0
1977,1894,-19.0
1978,1529,-19.0
1979,1617,-16.0
1980,1547,-18.0
1981,1376,-20.0
1982,1957,-16.0
1983,1601,-18.0
1984,1747,-17.0
1985,1933,-19.0
1986,1566,-20.0
1987,1694,-19.0
1988,1827,-16.0
1989,2084,-14.0
1990,2233,-16.0
1991,1400,-20.0
1992,1501,-19.0
1993,2134,-17.0
1994,1539,-17.0
1995,2187,-13.0
1996,1359,-19.0
1997,1855,-18.0
1998,1540,-19.0
1999,1925,-19.0
2000,1911,-16.0
2001,1364,-19.0
2002,1538,-18.0
2003,1690,-17.0
2004,1494,-18.0
2005,1600,-18.0
2006,1699,-18.0
2007,1517,-20.0
2008,1747,-17.0
2009,1891,-16.0
2010,2177,-16.0
2011,1708,-19.0
2012,1869,-16.0
2013,1654,-19.0
2014,1542,-19.0
2015,1674,-21.0
2016,1943,-19.0
2017,1729,-19.0
2018,1577,-20.0
2019,1767,-20.0
2020,1598,-19.0
2021,1827,-19.0
2022,1710,-17.0
2023,2021,-18.0
2024,1667,-19.0
2025,2002,-16.0
2026,1981,-17.0
2027,1699,-16.0
2028,1635,-19.0
2029,1825,-16.0
2030,1762,-18.0
2031,1407,-20.0
2032,1654,-20.0
2033,1748,-19.0
2034,2059,-13.0
2035,1741,-18.0
2036,1743,-18.0
2037,1804,-18.0
2038,2029,-15.0
2039,1567,-20.0
2040,1896,-13.0
2041,1522,-21.0
2042,2014,-19.0
2043,1656,-20.0
2044,2176,-15.0
2045,2032,-19.0
2046,1564,-20.0
2047,1750,-19.0
2048,1577,-19.0
2049,1782,-18.0
2050,1579,-19.0
2051,1827,-19.0
2052,1891,-17.0
2053,2050,-18.0
2054,1856,-17.0
2055,1619,-17.0
2056,1715,-18.0
2057,1529,-16.0
2058,1433,-20.0
2059,2207,-14.0
2060,1485,-20.0
2061,1441,-20.0
2062,1833,-16.0
2063,1626,-19.0
2064,1649,-19.0
2065,2020,-15.0
2066,1933,-17.0
2067,1904,-18.0
2068,1461,-20.0
2069,1851,-16.0
2070,1303,-20.0
2071,1498,-18.0
2072,1981,-18.0
2073,1493,-17.0
2074,1968,-18.0
2075,1887,-18.0
2076,1472,-18.0
2077,2267,-14.0
2078,1400,-18.0
2079,1886,-15.0
2080,1657,-17.0
2081,1679,-16.0
2082,1884,-13.0
2083,1626,-17.0
2084,1649,-17.0
2085,1947,-14.0
2086,1821,-18.0
2087,1455,-17.0
2088,1446,-19.0
2089,1783,-18.0
2090,1771,-18.0
2091,2115,-15.0
2092,1458,-20.0
2093,1631,-18.0
2094,1598,-18.0
2095,1836,-18.0
2096,1837,-20.0
2097,1704,-17.0
2098,1482,-19.0
2099,2097,-17.0
2100,1846,-18.0
2101,1873,-17.0
2102,2069,-18.0
2103,1749,-17.0
2104,2014,-16.0
2105,1494,-20.0
2106,1755,-19.0
2107,1955,-17.0
2108,1425,-21.0
2109,2092,-17.0
2110,1508,-21.0
2111,1858,-17.0
2112,1653,-19.0
2113,1785,-17.0
2114,1581,-19.0
2115,2042,-20.0
2116,2190,-17.0
2117,1765,-19.0
2118,2021,-19.0
2119,1787,-19.0
2120,1969,-18.0
2121,1738,-20.0
2122,1849,-17.0
2123,1528,-20.0
2124,1759,-17.0
2125,1836,-19.0
2126,1835,-17.0
2127,1838,-17.0
2128,1684,-19.0
2129,1576,-20.0
2130,1691,-17.0
2131,2019,-18.0
2132,1908,-16.0
2133,2142,-17.0
2134,1503,-18.0
2135,1845,-19.0
2136,1777,-19.0
2137,1574,-20.0
2138,1919,-18.0
2139,1586,-18.0
2140,1468,-21.0
2141,1842,-19.0
2142,1554,-19.0
2143,1704,-19.0
2144,2085,-19.0
2145,1709,-20.0
2146,1793,-18.0
2147,1959,-19.0
2148,1876,-20.0
2149,1585,-19.0
2150,2105,-17.0
2151,1768,-19.0
2152,2061,-15.0
2153,1950,-19.0
2154,1718,-20.0
2155,1758,-19.0
2156,2044,-17.0
2157,1822,-21.0
2158,2040,-17.0
2159,1770,-19.0
2160,2027,-17.0
2161,1926,-18.0
2162,1858,-18.0
2163,1695,-18.0
2164,1633,-19.0
2165,1813,-19.0
2166,1810,-18.0
2167,2012,-19.0
2168,1866,-18.0
2169,1778,-19.0
2170,2160,-19.0
2171,1884,-17.0
2172,1992,-16.0
2173,1765,-19.0
2174,2119,-19.0
2175,1930,-17.0
2176,2093,-17.0
2177,1566,-18.0
2178,2082,-15.0
2179,2098,-15.0
2180,2131,-18.0
2181,1930,-16.0
2182,1953,-17.0
2183,1341,-20.0
2184,1833,-19.0
2185,1821,-19.0
2186,1969,-18.0
2187,1872,-20.0
2188,1631,-19.0
2189,2000,-20.0
2190,1802,-19.0
2191,2147,-17.0
2192,2280,-14.0
2193,1652,-18.0
2194,1583,-20.0
2195,2067,-18.0
2196,1966,-17.0
2197,1813,-18.0
2198,1846,-18.0
2199,1955,-20.0
2200,1835,-17.0
2201,2090,-17.0
2202,2152,-16.0
2203,1910,-18.0
2204,2137,-18.0
2205,1622,-20.0
2206,1804,-20.0
2207,2205,-15.0
2208,2165,-14.0
2209,1842,-18.0
2210,1741,-19.0
2211,2131,-12.0
2212,1743,-17.0
2213,1848,-19.0
2214,1925,-19.0
2215,2162,-16.0
2216,2237,-15.0
2217,1849,-16.0
2218,1915,-20.0
2219,1685,-20.0
2220,1926,-19.0
2221,1724,-21.0
2222,1733,-19.0
2223,1980,-18.0
2224,1748,-20.0
2225,1976,-18.0
2226,1799,-18.0
2227,2088,-17.0
2228,2042,-16.0
2229,2092,-17.0
2230,2409,-17.0
2231,1929,-20.0
2232,1929,-20.0
2233,2233,-18.0
2234,1956,-17.0
2235,2382,-17.0
2236,1781,-19.0
2237,2190,-17.0
2238,1875,-17.0
2239,2442,-14.0
2240,1885,-19.0
2241,2481,-15.0
2242,2018,-16.0
2243,1971,-19.0
2244,2319,-18.0
2245,2380,-17.0
2246,2047,-19.0
2247,1999,-20.0
2248,2354,-17.0
2249,1967,-20.0
2250,2063,-19.0
2251,2219,-18.0
2252,2256,-15.0
2253,2081,-19.0
2254,2101,-19.0
2255,2256,-17.0
2256,2266,-15.0
2257,1995,-18.0
2258,2225,-18.0
2259,2011,-17.0
2260,1931,-19.0
2261,2100,-19.0
2262,2281,-18.0
2263,2138,-19.0
2264,1846,-18.0
2265,2034,-15.0
2266,2251,-17.0
2267,2381,-17.0
2268,1815,-18.0
2269,2250,-18.0
2270,1983,-19.0
2271,1976,-17.0
2272,2413,-16.0
2273,1875,-18.0
2274,1858,-18.0
2275,2366,-17.0
2276,2570,-16.0
2277,1794,-20.0
2278,1930,-20.0
2279,1990,-19.0
2280,2246,-16.0
2281,2588,-14.0
2282,2219,-18.0
2283,2392,-15.0
2284,1900,-21.0
2285,2067,-17.0
2286,2076,-15.0
2287,2005,-17.0
2288,2221,-16.0
2289,2166,-15.0
2290,2176,-14.0
2291,1768,-17.0
2292,2403,-14.0
2293,2134,-16.0
2294,1711,-20.0
2295,1939,-20.0
2296,2095,-18.0
2297,2528,-13.0
2298,1776,-19.0
2299,2129,-17.0
2300,1747,-19.0
2301,1988,-17.0
2302,2445,-15.0
2303,1788,-17.0
2304,2132,-18.0
2305,2053,-19.0
2306,2074,-19.0
2307,1938,-20.0
2308,2485,-15.0
2309,1685,-19.0
2310,1791,-20.0
2311,1984,-20.0
2312,2381,-15.0
2313,2131,-17.0
2314,2318,-16.0
2315,1870,-17.0
2316,1669,-18.0
2317,2223,-15.0
2318,2278,-17.0
2319,2426,-14.0
2320,1891,-19.0
2321,1773,-18.0
2322,1637,-18.0
2323,2102,-18.0
2324,1634,-21.0
2325,2315,-19.0
2326,1745,-19.0
2327,2101,-17.0
2328,1756,-20.0
2329,1787,-20.0
2330,2079,-16.0
2331,1804,-17.0
2332,1997,-18.0
2333,1939,-20.0
2334,2036,-14.0
2335,1639,-20.0
2336,1675,-18.0
2337,2733,-16.0
2338,2061,-19.0
2339,1955,-19.0
2340,1947,-19.0
2341,2284,-17.0
2342,1943,-20.0
2343,2418,-16.0
2344,2712,-13.0
2345,2168,-17.0
2346,2084,-19.0
2347,2044,-18.0
2348,1929,-18.0
2349,2246,-20.0
2350,2304,-18.0
2351,1904,-17.0
2352,2278,-16.0
2353,2309,-19.0
2354,2166,-19.0
2355,1655,-20.0
2356,2386,-16.0
2357,2163,-19.0
2358,2178,-17.0
2359,2090,-19.0
2360,1966,-18.0
2361,2504,-14.0
2362,2707,-18.0
2363,2160,-16.0
2364,2653,-15.0
2365,2172,-17.0
2366,1974,-18.0
2367,2392,-12.0
2368,2275,-16.0
2369,2219,-14.0
2370,1807,-20.0
2371,2578,-14.0
2372,2300,-16.0
2373,2059,-18.0
2374,1962,-17.0
2375,1890,-19.0
2376,2230,-17.0
2377,2413,-12.0
2378,1988,-19.0
2379,2109,-17.0
2380,2296,-14.0
2381,2275,-15.0
2382,1938,-18.0
2383,2618,-10.0
2384,2414,-16.0
2385,1832,-16.0
2386,2445,-12.0
2387,2275,-16.0
2388,2282,-17.0
2389,2128,-16.0
2390,2107,-16.0
2391,2042,-15.0
2392,1914,-19.0
2393,2127,-16.0
2394,2339,-14.0
2395,2432,-16.0
2396,2293,-14.0
2397,2652,-12.0
2398,2074,-15.0
2399,1723,-20.0
2400,1959,-18.0
2401,2106,-17.0
2402,1954,-18.0
2403,2369,-17.0
2404,1924,-20.0
2405,2272,-16.0
2406,2382,-17.0
2407,2378,-16.0
2408,2440,-15.0
2409,2472,-14.0
2410,1977,-17.0
2411,1967,-21.0
2412,2146,-19.0
2413,1945,-19.0
2414,1638,-19.0
2415,2325,-15.0
2416,2116,-15.0
2417,2457,-15.0
2418,2109,-16.0
2419,2487,-16.0
2420,2806,-14.0
2421,1848,-20.0
2422,2422,-13.0
2423,1909,-20.0
2424,2228,-20.0
2425,2055,-19.0
2426,2014,-18.0
2427,2213,-19.0
2428,1805,-19.0
2429,1926,-17.0
2430,1964,-20.0
2431,2469,-13.0
2432,1969,-18.0
2433,2158,-19.0
2434,2269,-16.0
2435,2101,-19.0
2436,1989,-19.0
2437,2462,-16.0
2438,2345,-18.0
2439,2495,-16.0
2440,1897,-18.0
2441,2570,-18.0
2442,1907,-19.0
2443,2174,-19.0
2444,2240,-14.0
2445,1812,-17.0
2446,1937,-19.0
2447,1954,-15.0
2448,2440,-14.0
2449,2186,-17.0
2450,2366,-13.0
2451,1627,-19.0
2452,2396,-17.0
2453,2030,-21.0
2454,2308,-19.0
2455,1719,-19.0
2456,1994,-19.0
2457,2112,-20.0
2458,2163,-18.0
2459,2464,-14.0
2460,2340,-17.0
2461,2599,-15.0
2462,1886,-19.0
2463,1880,-18.0
2464,1930,-16.0
2465,2083,-17.0
2466,2698,-16.0
2467,2348,-16.0
2468,2723,-14.0
2469,2085,-20.0
2470,2504,-14.0
2471,2394,-14.0
2472,2074,-17.0
2473,2279,-13.0
2474,2356,-16.0
2475,2425,-14.0
2476,1933,-16.0
2477,2045,-20.0
2478,2056,-19.0
2479,2125,-18.0
2480,2256,-16.0
2481,2059,-18.0
2482,2101,-19.0
2483,1929,-20.0
2484,1987,-17.0
2485,2047,-16.0
2486,1835,-21.0
2487,2187,-16.0
2488,2334,-17.0
2489,2283,-15.0
2490,2464,-14.0
2491,2132,-18.0
2492,2223,-17.0
2493,1893,-16.0
2494,2400,-17.0
2495,2468,-11.0
2496,1867,-20.0
2497,2433,-14.0
2498,2534,-17.0
2499,2278,-20.0
2500,2262,-17.0
2501,2061,-20.0
2502,1846,-18.0
2503,2074,-18.0
2504,2271,-18.0
2505,1944,-20.0
2506,1858,-19.0
2507,1925,-16.0
2508,2289,-18.0
2509,2488,-15.0
2510,2525,-14.0
2511,2371,-14.0
2512,2407,-17.0
2513,1828,-19.0
2514,2529,-14.0
2515,2343,-14.0
2516,2316,-17.0
2517,1906,-19.0
2518,2586,-13.0
2519,2282,-18.0
2520,2747,-12.0
2521,2160,-18.0
2522,2446,-18.0
2523,2383,-17.0
2524,2094,-19.0
2525,2667,-15.0
2526,1671,-20.0
2527,2171,-18.0
2528,2854,-14.0
2529,2285,-19.0
2530,2480,-13.0
2531,2359,-14.0
2532,2563,-18.0
2533,2901,-12.0
2534,2237,-18.0
2535,2653,-14.0
2536,1643,-20.0
2537,2163,-18.0
2538,2166,-16.0
2539,2403,-15.0
2540,1909,-20.0
2541,2366,-16.0
2542,1704,-20.0
2543,2258,-17.0
2544,2129,-19.0
2545,1922,-19.0
2546,2234,-16.0
2547,2570,-15.0
2548,1933,-19.0
2549,1998,-17.0
2550,1705,-17.0
2551,1933,-17.0
2552,2276,-19.0
2553,1877,-17.0
2554,2518,-14.0
2555,1928,-17.0
2556,2098,-17.0
2557,2047,-18.0
2558,2688,-17.0
2559,2350,-20.0
2560,2185,-17.0
2561,1937,-18.0
2562,1975,-18.0
2563,2177,-18.0
2564,2728,-16.0
2565,2343,-19.0
2566,2166,-20.0
2567,2191,-20.0
2568,2272,-18.0
2569,2132,-16.0
2570,2672,-13.0
2571,2556,-16.0
2572,2824,-14.0
2573,2520,-15.0
2574,2366,-17.0
2575,2538,-17.0
2576,2379,-16.0
2577,2591,-13.0
2578,1923,-20.0
2579,2202,-15.0
2580,2205,-19.0
2581,2337,-18.0
2582,2163,-20.0
2583,2400,-18.0
2584,2230,-19.0
2585,2175,-20.0
2586,2652,-17.0
2587,2006,-17.0
2588,2129,-18.0
2589,2456,-21.0
2590,2423,-16.0
2591,3146,-13.0
2592,2490,-16.0
2593,2715,-17.0
2594,2665,-16.0
2595,2776,-16.0
2596,1930,-19.0
2597,2076,-21.0
2598,2087,-20.0
2599,2598,-17.0
2600,2072,-18.0
2601,2160,-20.0
2602,2335,-20.0
2603,2328,-16.0
2604,1974,-19.0
2605,2549,-14.0
2606,2791,-14.0
2607,2211,-20.0
2608,2476,-16.0
2609,2342,-20.0
2610,2193,-20.0
2611,2229,-19.0
2612,2646,-17.0
2613,2486,-14.0
2614,2120,-21.0
2615,2165,-18.0
2616,1872,-20.0
2617,2234,-21.0
2618,2326,-17.0
2619,2584,-19.0
2620,2530,-15.0
2621,2870,-12.0
2622,2807,-17.0
2623,2173,-20.0
2624,2237,-17.0
2625,1982,-19.0
2626,2377,-17.0
2627,2445,-18.0
2628,2287,-16.0
2629,2560,-14.0
2630,2403,-17.0
2631,2640,-16.0
2632,2186,-20.0
2633,2871,-14.0
2634,2884,-14.0
2635,2042,-18.0
2636,2180,-19.0
2637,2871,-10.0
2638,2079,-19.0
2639,2186,-19.0
2640,2346,-15.0
2641,2370,-17.0
2642,2802,-13.0
2643,2582,-16.0
2644,2599,-12.0
2645,3165,-8.0
2646,2860,-15.0
2647,2358,-17.0
2648,2451,-17.0
2649,1936,-17.0
2650,2383,-16.0
2651,2519,-15.0
2652,2607,-14.0
2653,2269,-17.0
2654,2535,-15.0
2655,2292,-17.0
2656,2418,-16.0
2657,2525,-15.0
2658,2025,-20.0
2659,2134,-15.0
2660,2114,-17.0
2661,2626,-18.0
2662,2429,-21.0
2663,2458,-17.0
2664,2443,-16.0
2665,2424,-15.0
2666,2114,-20.0
2667,2495,-16.0
2668,2683,-16.0
2669,2582,-17.0
2670,2608,-18.0
2671,3149,-12.0
2672,2392,-15.0
2673,2831,-19.0
2674,3155,-12.0
2675,2633,-17.0
2676,2251,-16.0
2677,2311,-19.0
2678,2181,-17.0
2679,3081,-13.0
2680,2761,-16.0
2681,2619,-11.0
2682,2084,-17.0
2683,2115,-20.0
2684,2443,-17.0
2685,2453,-15.0
2686,2223,-15.0
2687,2306,-15.0
2688,2345,-14.0
2689,2150,-16.0
2690,2129,-16.0
2691,2652,-18.0
2692,2284,-14.0
2693,2315,-18.0
2694,2307,-17.0
2695,2325,-16.0
2696,2604,-17.0
2697,2929,-12.0
2698,2227,-15.0
2699,2617,-14.0
2700,2227,-16.0
2701,2767,-14.0
2702,2196,-18.0
2703,2407,-14.0
2704,2296,-18.0
2705,2387,-16.0
2706,2732,-10.0
2707,2041,-16.0
2708,1910,-15.0
2709,2443,-12.0
2710,1810,-20.0
2711,3037,-15.0
2712,2893,-11.0
2713,2531,-14.0
2714,1966,-21.0
2715,2447,-14.0
2716,2306,-14.0
2717,2530,-16.0
2718,2400,-16.0
2719,2175,-15.0
2720,2652,-15.0
2721,2209,-15.0
2722,2585,-14.0
2723,2051,-18.0
2724,2308,-17.0
2725,2326,-17.0
2726,2476,-18.0
2727,2289,-18.0
2728,2635,-13.0
2729,2368,-15.0
2730,2395,-18.0
2731,2646,-15.0
2732,2652,-17.0
2733,2091,-18.0
2734,2154,-17.0
2735,2697,-13.0
2736,2374,-16.0
2737,2956,-13.0
2738,2570,-14.0
2739,2507,-18.0
2740,2716,-17.0
2741,2623,-14.0
2742,2370,-19.0
2743,2718,-16.0
2744,2532,-15.0
2745,2939,-14.0
2746,2606,-15.0
2747,3181,-11.0
2748,2417,-19.0
2749,2316,-15.0
2750,2273,-16.0
2751,2477,-14.0
2752,2825,-15.0
2753,2667,-16.0
2754,3269,-9.0
2755,2367,-12.0
2756,2233,-18.0
2757,2576,-12.0
2758,2215,-18.0
2759,2331,-16.0
2760,2058,-18.0
2761,1895,-18.0
2762,2289,-19.0
2763,2535,-16.0
2764,2340,-16.0
2765,2510,-14.0
2766,2544,-15.0
2767,2940,-14.0
2768,2503,-18.0
2769,2532,-16.0
2770,2289,-19.0
2771,2927,-13.0
2772,2910,-14.0
2773,2813,-11.0
2774,2496,-16.0
2775,2508,-19.0
2776,2669,-13.0
2777,2691,-14.0
2778,2837,-15.0
2779,2421,-18.0
2780,2396,-15.0
2781,2336,-17.0
2782,2448,-17.0
2783,2662,-16.0
2784,2722,-13.0
2785,2867,-12.0
2786,2630,-17.0
2787,3473,-8.0
2788,2659,-16.0
2789,2820,-10.0
2790,2308,-17.0
2791,2187,-18.0
2792,2868,-11.0
2793,2557,-19.0
2794,2385,-13.0
2795,2899,-14.0
2796,2701,-17.0
2797,2373,-19.0
2798,2336,-16.0
2799,3145,-12.0
2800,2742,-15.0
2801,2395,-18.0
2802,3163,-11.0
2803,3378,-10.0
2804,2813,-16.0
2805,2716,-17.0
2806,3543,-15.0
2807,2983,-16.0
2808,2719,-17.0
2809,2989,-14.0
2810,3213,-14.0
2811,2115,-17.0
2812,2422,-17.0
2813,2766,-19.0
2814,2874,-11.0
2815,2658,-16.0
2816,2697,-14.0
2817,3042,-10.0
2818,2822,-13.0
2819,2547,-16.0
2820,2918,-15.0
2821,1873,-18.0
2822,3246,-8.0
2823,2771,-15.0
2824,3055,-14.0
2825,3044,-10.0
2826,2503,-17.0
2827,2045,-20.0
2828,2447,-17.0
2829,2821,-13.0
2830,2700,-15.0
2831,3145,-16.0
2832,2712,-15.0
2833,2932,-13.0
2834,2881,-15.0
2835,2446,-17.0
2836,2479,-19.0
2837,2467,-18.0
2838,2561,-17.0
2839,2680,-12.0
2840,2519,-13.0
2841,3151,-14.0
2842,2693,-16.0
2843,2727,-16.0
2844,2714,-18.0
2845,2932,-17.0
2846,2006,-20.0
2847,3031,-12.0
2848,2734,-18.0
2849,3193,-15.0
2850,3394,-14.0
2851,3243,-12.0
2852,3145,-10.0
2853,3387,-10.0
2854,3089,-11.0
2855,2968,-15.0
2856,3110,-15.0
2857,3069,-14.0
2858,3209,-14.0
2859,3131,-17.0
2860,2850,-12.0
2861,2933,-14.0
2862,2786,-17.0
2863,2841,-13.0
2864,3587,-10.0
2865,3349,-15.0
2866,3330,-13.0
2867,2998,-12.0
2868,3202,-11.0
2869,3187,-11.0
2870,2920,-14.0
2871,3280,-12.0
2872,3804,-9.0
2873,3308,-11.0
2874,3143,-13.0
2875,2873,-15.0
2876,3077,-12.0
2877,3002,-12.0
2878,3685,-9.0
2879,2826,-14.0
2880,2649,-18.0
2881,2253,-16.0
2882,3221,-10.0
2883,3649,-9.0
2884,2691,-17.0
2885,3229,-12.0
2886,3268,-9.0
2887,4044,-9.0
2888,2751,-15.0
2889,3452,-12.0
2890,2762,-16.0
2891,3081,-13.0
2892,2785,-13.0
2893,2513,-18.0
2894,3285,-10.0
2895,2963,-14.0
2896,2862,-16.0
2897,3008,-15.0
2898,3738,-8.0
2899,3293,-8.0
2900,3699,-6.0
2901,3106,-12.0
2902,2769,-13.0
2903,2782,-14.0
2904,3296,-12.0
2905,2432,-17.0
2906,3077,-12.0
2907,3674,-12.0
2908,2557,-13.0
2909,2733,-14.0
2910,4379,-5.0
2911,3618,-11.0
2912,4126,-6.0
2913,4059,-3.0
2914,3326,-14.0
2915,3360,-11.0
2916,4454,-5.0
2917,2973,-13.0
2918,3280,-10.0
2919,3428,-10.0
2920,3517,-9.0
2921,3385,-14.0
2922,2905,-13.0
2923,4437,-5.0
2924,2828,-15.0
2925,3564,-9.0
2926,3458,-9.0
2927,3580,-10.0
2928,3488,-9.0
2929,3262,-14.0
2930,3652,-10.0
2931,3386,-10.0
2932,2790,-13.0
2933,2905,-15.0
2934,3656,-10.0
2935,3151,-13.0
2936,3409,-12.0
2937,3617,-11.0
2938,3623,-8.0
2939,3352,-13.0
2940,3792,-6.0
2941,4482,-8.0
2942,3444,-12.0
2943,3817,-7.0
2944,2924,-13.0
2945,3509,-13.0
2946,2680,-14.0
2947,3077,-12.0
2948,3027,-15.0
2949,3369,-7.0
2950,2738,-12.0
2951,3153,-13.0
2952,2909,-15.0
2953,3268,-8.0
2954,3694,-7.0
2955,2715,-14.0
2956,3170,-14.0
2957,2507,-13.0
2958,3316,-9.0
2959,3866,-9.0
2960,2645,-14.0
2961,3159,-9.0
2962,2551,-13.0
2963,3108,-12.0
2964,3536,-8.0
2965,2378,-15.0
2966,3912,-6.0
2967,2938,-9.0
2968,3525,-11.0
2969,2876,-11.0
2970,4027,-12.0
2971,2902,-14.0
2972,3770,-7.0
2973,3743,-7.0
2974,4429,-1.0
2975,3165,-13.0
2976,4014,-8.0
2977,2927,-15.0
2978,2838,-12.0
2979,2663,-13.0
2980,3450,-9.0
2981,3549,-11.0
2982,4301,-4.0
2983,2433,-16.0
2984,3357,-9.0
2985,3192,-11.0
2986,3010,-8.0
2987,3541,-8.0
2988,3756,-5.0
2989,3146,-13.0
2990,3474,-4.0
2991,2531,-13.0
2992,2845,-13.0
2993,2604,-14.0
2994,2858,-12.0
2995,3045,-10.0
2996,2402,-13.0
2997,3901,-4.0
2998,3767,-5.0
2999,3719,-7.0
3000,3698,-10.0
3001,3726,-8.0
3002,3637,-9.0
3003,4219,-8.0
3004,4075,-8.0
3005,3250,-13.0
3006,4292,-3.0
3007,3405,-9.0
3008,3468,-10.0
3009,2956,-11.0
3010,3253,-11.0
3011,3104,-8.0
3012,3710,-3.0
3013,2890,-9.0
3014,3083,-10.0
3015,3502,-10.0
3016,3102,-10.0
3017,3937,-8.0
3018,2829,-14.0
3019,3131,-8.0
3020,3016,-14.0
3021,2951,-12.0
3022,2833,-10.0
3023,3457,-6.0
3024,2976,-13.0
3025,2801,-13.0
3026,3578,-8.0
3027,3066,-11.0
3028,3485,-10.0
3029,3183,-12.0
3030,2521,-14.0
3031,3130,-10.0
3032,2930,-18.0
3033,3008,-9.0
3034,3020,-8.0
3035,3329,-8.0
3036,4057,-7.0
3037,4041,-5.0
3038,4098,-10.0
3039,4345,-8.0
3040,3349,-13.0
3041,3923,-6.0
3042,4500,-3.0
3043,3869,-5.0
3044,3564,-11.0
3045,4500,-1.0
3046,3933,-9.0
3047,3641,-7.0
3048,3316,-9.0
3049,3189,-15.0
3050,4213,-8.0
3051,4168,-8.0
3052,4500,1.0
3053,4236,-4.0
3054,3365,-10.0
3055,3812,-13.0
3056,3615,-12.0
3057,3685,-8.0
3058,3387,-13.0
3059,3820,-8.0
3060,4500,-2.0
3061,3252,-16.0
3062,3711,-11.0
3063,3980,-4.0
3064,3220,-13.0
3065,3446,-10.0
3066,3237,-16.0
3067,4076,-5.0
3068,3988,-9.0
3069,4319,-10.0
3070,3398,-8.0
3071,4250,-7.0
3072,3529,-9.0
3073,3742,8.0
3074,4014,-7.0
3075,4406,-6.0
3076,3952,-8.0
3077,4209,-2.0
3078,4356,-3.0
3079,3937,-12.0
3080,3345,-13.0
3081,3538,-10.0
3082,4189,-6.0
3083,4303,3.0
3084,3533,-12.0
3085,4500,-8.0
3086,3921,-7.0
3087,3474,-10.0
3088,4034,-5.0
3089,4094,-5.0
3090,4500,0.0
3091,4177,-6.0
3092,4493,-4.0
3093,3740,-8.0
3094,3478,-11.0
3095,3758,-8.0
3096,4427,-8.0
3097,4337,-3.0
3098,4167,-7.0
3099,3366,-5.0
3100,4027,-3.0
3101,3596,-8.0
3102,3604,-5.0
3103,3752,-7.0
3104,3781,-8.0
3105,3473,-10.0
3106,3976,-9.0
3107,4054,-4.0
3108,4410,-9.0
3109,4085,-6.0
3110,4500,-1.0
3111,3957,-6.0
3112,4500,-2.0
3113,3986,4.0
3114,3625,-10.0
3115,4279,-8.0
3116,4500,-1.0
3117,4449,-1.0
3118,4130,-3.0
3119,3483,-11.0
3120,3780,-11.0
3121,4331,5.0
3122,4500,1.0
3123,4500,-5.0
3124,4500,3.0
3125,4500,-1.0
3126,4500,0.0
3127,3943,-6.0
3128,3958,-9.0
3129,3639,-10.0
3130,4211,-4.0
3131,3973,-7.0
3132,4500,-5.0
3133,3968,-9.0
3134,4411,-4.0
3135,4083,-1.0
3136,4500,-2.0
3137,3696,-7.0
3138,4251,-8.0
3139,4071,3.0
3140,4225,-5.0
3141,4356,2.0
3142,4500,1.0
3143,3482,-7.0
3144,4394,5.0
3145,3896,8.0
3146,3912,-8.0
3147,3970,-3.0
3148,2807,-12.0
3149,4191,-4.0
3150,3833,-7.0
3151,3926,-8.0
3152,4500,-1.0
3153,3764,-8.0
3154,4460,-7.0
3155,4500,0.0
3156,4500,0.0
3157,4200,-9.0
3158,4271,-8.0
3159,4176,7.0
3160,4449,-3.0
3161,4068,-2.0
3162,4500,-1.0
3163,4382,-5.0
3164,4203,-4.0
3165,4281,-1.0
3166,4177,-1.0
3167,4353,-7.0
3168,3969,-9.0
3169,4006,-6.0
3170,3589,-9.0
3171,4098,-6.0
3172,3748,-8.0
3173,4500,-3.0
3174,3722,-5.0
3175,3727,-3.0
3176,4403,-10.0
3177,3844,3.0
3178,3618,-10.0
3179,3762,-8.0
3180,3970,5.0
3181,4447,-6.0
3182,4058,-4.0
3183,2924,-15.0
3184,4222,-4.0
3185,4500,-4.0
3186,3379,-9.0
3187,4500,-4.0
3188,4500,-3.0
3189,4104,-5.0
3190,3620,-6.0
3191,3956,5.0
3192,4350,3.0
3193,3949,-10.0
3194,4250,4.0
3195,4472,-6.0
3196,4118,-6.0
3197,3585,-12.0
3198,4369,-5.0
3199,3558,-14.0
3200,4500,-1.0
3201,4500,-4.0
3202,4340,-3.0
3203,3973,6.0
3204,3738,-12.0
3205,4438,5.0
3206,4500,-3.0
3207,4500,-2.0
3208,2826,-15.0
3209,4500,-2.0
3210,4309,-5.0
3211,4500,3.0
3212,4263,-7.0
3213,3471,-9.0
3214,3872,-5.0
3215,4500,-7.0
3216,3607,-12.0
3217,3705,9.0
3218,4440,3.0
3219,3501,-8.0
3220,3653,-7.0
3221,3268,12.0
3222,3502,-11.0
3223,4254,-4.0
3224,3405,-12.0
3225,4500,-1.0
3226,4411,-4.0
3227,4402,-2.0
3228,4500,3.0
3229,3149,-13.0
3230,4155,-3.0
3231,4500,0.0
3232,4343,-4.0
3233,4348,-2.0
3234,4243,5.0
3235,4165,-9.0
3236,4500,0.0
3237,4370,-4.0
3238,3188,-10.0
3239,4500,-2.0
3240,4500,1.0
3241,4068,-7.0
3242,4252,-6.0
3243,3828,-8.0
3244,3498,-10.0
3245,4500,0.0
3246,3853,-6.0
3247,3612,-9.0
3248,3921,1.0
3249,4500,-4.0
3250,4489,-7.0
3251,4013,8.0
3252,4372,4.0
3253,4500,-3.0
3254,4008,-3.0
3255,3584,-4.0
3256,4485,-1.0
3257,3932,-7.0
3258,3731,-7.0
3259,3818,5.0
3260,4409,2.0
3261,4394,-5.0
3262,4035,-2.0
3263,3902,-8.0
3264,3437,-9.0
3265,4473,-3.0
3266,3114,-11.0
3267,4181,-4.0
3268,4217,-2.0
3269,4500,3.0
3270,3601,-6.0
3271,3922,3.0
3272,3621,-11.0
3273,4301,-1.0
3274,4500,-4.0
3275,4460,-5.0
3276,4500,-2.0
3277,4500,-2.0
3278,4500,0.0
3279,4210,2.0
3280,4500,0.0
3281,3672,-5.0
3282,4016,-4.0
3283,4231,-5.0
3284,4472,3.0
3285,4280,6.0
3286,4500,-3.0
3287,4151,-3.0
3288,4173,-5.0
3289,4452,-4.0
3290,4500,-4.0
3291,4038,-7.0
3292,4153,3.0
3293,3928,-2.0
3294,3968,-6.0
3295,4500,1.0
3296,4500,1.0
3297,4500,-3.0
3298,4377,-5.0
3299,4453,2.0
3300,4500,-2.0
3301,4500,2.0
3302,4060,7.0
3303,4500,3.0
3304,4022,-6.0
3305,4500,4.0
3306,4500,-5.0
3307,3907,-7.0
3308,4087,-8.0
3309,4152,-7.0
3310,4500,-4.0
3311,4102,7.0
3312,4216,1.0
3313,4500,1.0
3314,3740,-7.0
3315,4227,-4.0
3316,4500,0.0
3317,4001,-4.0
3318,4249,3.0
3319,4211,5.0
3320,4255,-2.0
3321,4232,4.0
3322,4448,5.0
3323,4500,1.0
3324,4500,3.0
3325,4500,-4.0
3326,4443,4.0
3327,4229,5.0
3328,4212,3.0
3329,3895,-4.0
3330,3845,-8.0
3331,4245,-2.0
3332,4500,0.0
3333,4352,6.0
3334,4295,-6.0
3335,4500,1.0
3336,3730,-5.0
3337,4396,3.0
3338,4080,8.0
3339,4500,0.0
3340,4009,4.0
3341,4227,4.0
3342,4021,2.0
3343,4100,-2.0
3344,3757,-6.0
3345,3480,-4.0
3346,4246,-1.0
3347,3946,4.0
3348,4077,5.0
3349,4113,4.0
3350,3892,-4.0
3351,3797,5.0
3352,4500,-1.0
3353,4205,-3.0
3354,4500,0.0
3355,4500,-3.0
3356,4500,0.0
3357,4484,-7.0
3358,3805,-4.0
3359,3735,8.0
3360,4261,-6.0
3361,3968,6.0
3362,4194,5.0
3363,4500,4.0
3364,4331,3.0
3365,4214,6.0
3366,4500,0.0
3367,4285,5.0
3368,4403,3.0
3369,4323,-3.0
3370,4500,6.0
3371,3738,-1.0
3372,3603,4.0
3373,3480,-4.0
3374,3972,-2.0
3375,3543,10.0
3376,3968,6.0
3377,3923,-2.0
3378,3924,2.0
3379,2901,-8.0
3380,4096,-3.0
3381,4053,-5.0
3382,4484,-3.0
3383,4500,-3.0
3384,3557,7.0
3385,4500,3.0
3386,4500,-1.0
3387,4384,-8.0
3388,3559,-6.0
3389,4082,6.0
3390,3914,-3.0
3391,4311,1.0
3392,4500,2.0
3393,3365,-7.0
3394,4240,-3.0
3395,4500,-1.0
3396,4500,2.0
3397,4249,5.0
3398,4155,-10.0
3399,4500,-4.0
3400,4258,-3.0
3401,4500,4.0
3402,4203,-6.0
3403,4372,-5.0
3404,3726,10.0
3405,4500,3.0
3406,4500,0.0
3407,3398,9.0
3408,3719,3.0
3409,4500,-2.0
3410,3532,10.0
3411,4045,-3.0
3412,4500,4.0
3413,4500,0.0
3414,3588,-6.0
3415,4116,7.0
3416,3632,8.0
3417,4500,-1.0
3418,4206,-2.0
3419,4118,3.0
3420,4458,-4.0
3421,4500,0.0
3422,3915,1.0
3423,4028,7.0
3424,3835,4.0
3425,4386,4.0
3426,4500,2.0
3427,4500,4.0
3428,4500,3.0
3429,4500,1.0
3430,3566,10.0
3431,3954,-1.0
3432,4500,-1.0
3433,4239,-4.0
3434,4351,-5.0
3435,4500,-4.0
3436,4100,2.0
3437,4500,6.0
3438,4098,-1.0
3439,4472,-2.0
3440,4500,-3.0
3441,4192,4.0
3442,3842,6.0
3443,4500,3.0
3444,4317,5.0
3445,3561,6.0
3446,4317,-3.0
3447,4146,-2.0
3448,4495,-2.0
3449,4384,3.0
3450,4156,4.0
3451,4500,1.0
3452,3817,8.0
3453,4148,-2.0
3454,3783,2.0
3455,3778,8.0
3456,4266,3.0
3457,4500,5.0
3458,4335,-3.0
3459,4500,-1.0
3460,4500,4.0
3461,4500,-2.0
3462,3968,9.0
3463,4500,-1.0
3464,4386,3.0
3465,4500,0.0
3466,4380,-3.0
3467,4492,2.0
3468,4421,8.0
3469,4466,-4.0
3470,4500,1.0
3471,3940,5.0
3472,4330,2.0
3473,3970,4.0
3474,4500,0.0
3475,4164,-1.0
3476,3818,7.0
3477,4500,0.0
3478,4500,0.0
3479,4500,0.0
3480,3544,8.0
3481,4500,5.0
3482,3792,3.0
3483,4364,-4.0
3484,3683,8.0
3485,4500,-4.0
3486,4336,-4.0
3487,4500,2.0
3488,4500,-5.0
3489,4500,0.0
3490,4382,7.0
3491,3925,8.0
3492,3858,7.0
3493,4500,3.0
3494,4500,0.0
3495,4500,-1.0
3496,4354,6.0
3497,3691,10.0
3498,4500,-2.0
3499,4111,9.0
3500,3874,7.0
3501,3956,-4.0
3502,4500,-1.0
3503,3717,8.0
3504,4128,7.0
3505,4315,-4.0
3506,4483,2.0
3507,4220,1.0
3508,4109,4.0
3509,4500,2.0
3510,4500,2.0
3511,4500,5.0
3512,4500,1.0
3513,4341,-4.0
3514,4202,5.0
3515,4232,9.0
3516,3568,4.0
3517,3969,5.0
3518,4026,2.0
3519,4177,5.0
3520,4088,6.0
3521,4454,7.0
3522,4479,3.0
3523,4500,2.0
3524,4494,5.0
3525,4500,-1.0
3526,4500,-1.0
3527,4500,-1.0
3528,4491,1.0
3529,4500,-5.0
3530,4300,2.0
3531,4015,4.0
3532,4500,0.0
3533,4500,0.0
3534,4500,0.0
3535,4495,-5.0
3536,4500,1.0
3537,4500,0.0
3538,4150,5.0
3539,3604,12.0
3540,4500,4.0
3541,4500,-1.0
3542,4500,4.0
3543,4500,4.0
3544,4500,5.0
3545,4196,8.0
3546,4177,-9.0
3547,4230,-5.0
3548,4500,2.0
3549,4028,7.0
3550,4500,1.0
3551,4500,4.0
3552,3945,10.0
3553,4500,-6.0
3554,4500,2.0
3555,4500,0.0
3556,4227,3.0
3557,4500,1.0
3558,4500,-6.0
3559,4500,3.0
3560,4118,9.0
3561,4500,5.0
3562,3923,10.0
3563,4500,-4.0
3564,4359,6.0
3565,4500,3.0
3566,4500,0.0
3567,4208,5.0
3568,4424,8.0
3569,4500,0.0
3570,4097,5.0
3571,3902,11.0
3572,4051,10.0
3573,4367,3.0
3574,4500,-1.0
3575,4500,7.0
3576,4126,9.0
3577,4126,8.0
3578,4125,4.0
3579,3948,8.0
3580,4097,8.0
3581,4500,2.0
3582,4442,7.0
3583,4500,4.0
3584,4500,4.0
3585,4500,3.0
3586,4022,-4.0
3587,4115,9.0
3588,3930,8.0
3589,4500,4.0
3590,4500,2.0
3591,4500,-5.0
3592,4500,-2.0
3593,4232,10.0
3594,3927,-4.0
3595,4500,0.0
3596,4500,-2.0
3597,3921,9.0
3598,4500,2.0
3599,4471,7.0
3600,4232,3.0
3601,4500,0.0
3602,4429,7.0
3603,4500,0.0
3604,4188,5.0
3605,4500,0.0
3606,3661,11.0
3607,4500,-1.0
3608,3319,10.0
3609,4500,7.0
3610,4139,4.0
3611,4035,4.0
3612,4320,4.0
3613,4500,-4.0
3614,4500,0.0
3615,4364,8.0
3616,4500,0.0
3617,4500,3.0
3618,4500,-1.0
3619,4500,0.0
3620,4422,4.0
3621,4500,7.0
3622,4111,5.0
3623,4500,6.0
3624,4375,7.0
3625,4500,2.0
3626,4500,6.0
3627,4227,6.0
3628,3847,5.0
3629,4500,-6.0
3630,4500,3.0
3631,4500,3.0
3632,4500,2.0
3633,4500,-1.0
3634,3731,12.0
3635,4500,2.0
3636,4401,7.0
3637,4500,4.0
3638,4329,3.0
3639,4500,1.0
3640,4500,0.0
3641,4500,4.0
3642,4500,4.0
3643,3913,8.0
3644,3863,7.0
3645,4500,-1.0
3646,4500,-3.0
3647,4500,1.0
3648,4242,3.0
3649,4191,2.0
3650,4500,-1.0
3651,4482,5.0
3652,4500,6.0
3653,4500,3.0
3654,4464,11.0
3655,4500,-1.0
3656,4317,4.0
3657,4500,-1.0
3658,4500,7.0
3659,4267,6.0
3660,4435,7.0
3661,4500,6.0
3662,4064,9.0
3663,4500,4.0
3664,4500,2.0
3665,4417,3.0
3666,4500,-2.0
3667,4500,5.0
3668,4500,-1.0
3669,4500,1.0
3670,3915,7.0
3671,4500,5.0
3672,3469,12.0
3673,4500,1.0
3674,4481,4.0
3675,4415,5.0
3676,4419,6.0
3677,4500,3.0
3678,4098,10.0
3679,4073,6.0
3680,3482,10.0
3681,4500,-1.0
3682,4109,5.0
3683,4345,12.0
3684,4500,3.0
3685,4202,5.0
3686,4500,2.0
3687,4500,7.0
3688,3557,9.0
3689,4215,7.0
3690,4003,6.0
3691,4500,5.0
3692,3841,13.0
3693,4421,8.0
3694,4500,-2.0
3695,4500,10.0
3696,4500,3.0
3697,4500,5.0
3698,4500,3.0
3699,4500,4.0
3700,3984,7.0
3701,4500,7.0
3702,4495,4.0
3703,4472,2.0
3704,4020,3.0
3705,4500,0.0
3706,4151,8.0
3707,3963,8.0
3708,3640,8.0
3709,3620,10.0
3710,3920,4.0
3711,4215,7.0
3712,4500,6.0
3713,4500,-3.0
3714,4500,2.0
3715,4305,6.0
3716,3382,13.0
3717,4500,-4.0
3718,4203,6.0
3719,4454,4.0
3720,4500,3.0
3721,4500,3.0
3722,4500,6.0
3723,4215,6.0
3724,4500,5.0
3725,4152,7.0
3726,4500,0.0
3727,4500,8.0
3728,4500,1.0
3729,4500,3.0
3730,4084,7.0
3731,4500,4.0
3732,4063,10.0
3733,3338,12.0
3734,4500,3.0
3735,4500,4.0
3736,4050,5.0
3737,4359,-5.0
3738,4184,6.0
3739,3569,6.0
3740,4500,7.0
3741,4500,0.0
3742,4262,10.0
3743,4500,1.0
3744,4500,5.0
3745,3993,5.0
3746,4500,3.0
3747,3458,11.0
3748,4500,1.0
3749,3980,10.0
3750,4414,4.0
3751,3842,11.0
3752,4283,10.0
3753,4310,8.0
3754,4500,1.0
3755,4356,6.0
3756,4499,7.0
3757,4076,9.0
3758,4412,8.0
3759,4500,7.0
3760,4477,9.0
3761,4500,4.0
3762,4500,4.0
3763,4500,-2.0
3764,4500,5.0
3765,4500,1.0
3766,4500,2.0
3767,4078,4.0
3768,3622,11.0
3769,4500,3.0
3770,4065,7.0
3771,4048,9.0
3772,3818,7.0
3773,4030,7.0
3774,4500,2.0
3775,4500,7.0
3776,3821,8.0
3777,4111,7.0
3778,4388,8.0
3779,4500,2.0
3780,4500,2.0
3781,4284,11.0
3782,4500,2.0
3783,4100,8.0
3784,4500,5.0
3785,4500,-2.0
3786,4500,5.0
3787,4500,6.0
3788,4500,2.0
3789,4234,7.0
3790,4500,0.0
3791,4418,7.0
3792,4500,0.0
3793,4500,6.0
3794,4106,5.0
3795,4500,10.0
3796,4500,5.0
3797,4500,2.0
3798,4299,7.0
3799,4444,9.0
3800,4500,2.0
3801,4500,6.0
3802,3657,10.0
3803,4455,12.0
3804,4500,-3.0
3805,4500,-1.0
3806,4079,5.0
3807,4500,-1.0
3808,4100,11.0
3809,3516,12.0
3810,4500,2.0
3811,4500,1.0
3812,4500,6.0
3813,3910,8.0
3814,4500,1.0
3815,4500,9.0
3816,3978,9.0
3817,3998,9.0
3818,4500,7.0
3819,4500,2.0
3820,4500,2.0
3821,4500,9.0
3822,3744,10.0
3823,4500,1.0
3824,4500,5.0
3825,4500,2.0
3826,4412,7.0
3827,4500,6.0
3828,4500,0.0
3829,4500,3.0
3830,4500,8.0
3831,4500,2.0
3832,4500,3.0
3833,4500,6.0
3834,3953,6.0
3835,4500,6.0
3836,4500,2.0
3837,4500,2.0
3838,3658,13.0
3839,4500,-2.0
3840,4500,10.0
3841,4500,3.0
3842,4316,8.0
3843,4500,9.0
3844,3980,10.0
3845,4500,2.0
3846,4233,6.0
3847,4500,1.0
3848,4500,6.0
3849,3688,10.0
3850,4500,5.0
3851,4500,-1.0
3852,4500,3.0
3853,4500,-3.0
3854,4293,9.0
3855,4441,6.0
3856,3798,13.0
3857,3988,8.0
3858,4268,4.0
3859,3836,10.0
3860,4500,5.0
3861,4500,6.0
3862,4500,-2.0
3863,4248,6.0
3864,4500,2.0
3865,4500,0.0
3866,4500,7.0
3867,4500,-5.0
3868,4500,7.0
3869,4387,7.0
3870,4500,8.0
3871,4500,5.0
3872,4500,0.0
3873,4500,6.0
3874,4500,-1.0
3875,4500,5.0
3876,4279,7.0
3877,4500,6.0
3878,4469,12.0
3879,4500,5.0
3880,4500,8.0
3881,3815,12.0
3882,3632,9.0
3883,4500,7.0
3884,4500,5.0
3885,4500,-5.0
3886,4500,0.0
3887,4500,8.0
3888,4500,-2.0
3889,4500,6.0
3890,4500,4.0
3891,4500,2.0
3892,4264,7.0
3893,4377,7.0
3894,3937,10.0
3895,4500,6.0
3896,3749,12.0
3897,4390,3.0
3898,4346,9.0
3899,4500,3.0
3900,4015,7.0
3901,4500,8.0
3902,4260,10.0
3903,4500,9.0
3904,4500,1.0
3905,3653,10.0
3906,4500,3.0
3907,4500,2.0
3908,4426,2.0
3909,4500,4.0
3910,4453,6.0
3911,4013,10.0
3912,4500,6.0
3913,4223,7.0
3914,4245,6.0
3915,4500,7.0
3916,4493,8.0
3917,4500,6.0
3918,4305,10.0
3919,4500,7.0
3920,4500,-4.0
3921,4294,7.0
3922,4500,9.0
3923,4500,2.0
3924,4500,0.0
3925,3934,12.0
3926,4500,3.0
3927,4500,-4.0
3928,4500,3.0
3929,4500,4.0
3930,4500,4.0
3931,4500,1.0
3932,4489,4.0
3933,4063,9.0
3934,4500,5.0
3935,4400,10.0
3936,3925,7.0
3937,4424,6.0
3938,4500,2.0
3939,3998,9.0
3940,4378,8.0
3941,4500,9.0
3942,4500,4.0
3943,4500,3.0
3944,4500,0.0
3945,4381,10.0
3946,4500,5.0
3947,4500,1.0
3948,4500,2.0
3949,4222,8.0
3950,4500,2.0
3951,4500,2.0
3952,4500,6.0
3953,3935,8.0
3954,4500,11.0
3955,4250,9.0
3956,4500,0.0
3957,4500,12.0
3958,4500,6.0
3959,4470,5.0
3960,3964,10.0
3961,4500,6.0
3962,4500,8.0
3963,3960,9.0
3964,4484,8.0
3965,4500,6.0
3966,4500,7.0
3967,4273,12.0
3968,4500,4.0
3969,4500,-2.0
3970,4459,-2.0
3971,4500,-1.0
3972,3668,-8.0
3973,4500,2.0
3974,4500,2.0
3975,4373,4.0
3976,4009,12.0
3977,4500,2.0
3978,3763,10.0
3979,4500,7.0
3980,4212,3.0
3981,3967,8.0
3982,4500,5.0
3983,4500,13.0
3984,4238,11.0
3985,4500,3.0
3986,4098,9.0
3987,4301,5.0
3988,4500,6.0
3989,4500,4.0
3990,4500,6.0
3991,4135,11.0
3992,4500,10.0
3993,4163,9.0
3994,3654,15.0
3995,4500,8.0
3996,3689,10.0
3997,4500,-1.0
3998,4500,3.0
3999,4021,10.0
4000,3774,10.0
4001,4500,3.0
4002,4330,9.0
4003,4493,9.0
4004,4500,0.0
4005,4500,6.0
4006,4278,8.0
4007,4500,9.0
4008,4419,11.0
4009,4012,8.0
4010,4500,8.0
4011,4446,8.0
4012,4500,3.0
4013,4500,0.0
4014,4500,8.0
4015,4500,6.0
4016,4500,6.0
4017,4500,4.0
4018,4500,5.0
4019,4500,-3.0
4020,4500,5.0
4021,4500,5.0
4022,4500,3.0
4023,4500,10.0
4024,4500,5.0
4025,4500,4.0
4026,4079,14.0
4027,3923,10.0
4028,4162,12.0
4029,4383,5.0
4030,4500,5.0
4031,4500,6.0
4032,4500,7.0
4033,4500,8.0
4034,4179,11.0
4035,4454,13.0
4036,3596,16.0
4037,4370,6.0
4038,4500,7.0
4039,4054,13.0
4040,4500,7.0
4041,4500,5.0
4042,4034,13.0
4043,4500,3.0
4044,4500,7.0
4045,4125,10.0
4046,4500,7.0
4047,4371,11.0
4048,4500,8.0
4049,4500,9.0
4050,4500,8.0
4051,4500,5.0
4052,4500,6.0
4053,3859,10.0
4054,4500,6.0
4055,4435,7.0
4056,4500,12.0
4057,3514,12.0
4058,3644,10.0
4059,4228,8.0
4060,4500,7.0
4061,4500,3.0
4062,4500,6.0
4063,4262,9.0
4064,4500,5.0
4065,4500,6.0
4066,4500,4.0
4067,4500,5.0
4068,4500,5.0
4069,4500,7.0
4070,4500,8.0
4071,3939,12.0
4072,4500,7.0
4073,4500,9.0
4074,4090,4.0
4075,4500,2.0
4076,4249,9.0
4077,4500,8.0
4078,4500,6.0
4079,4500,4.0
4080,4500,4.0
4081,4500,6.0
4082,4500,13.0
4083,4500,7.0
4084,4392,12.0
4085,4199,9.0
4086,3443,17.0
4087,3846,11.0
4088,4500,0.0
4089,3633,11.0
4090,4500,5.0
4091,3904,14.0
4092,4500,5.0
4093,4500,8.0
4094,4072,9.0
4095,4500,2.0
4096,3906,12.0
4097,4500,-1.0
4098,3872,14.0
4099,4500,8.0
4100,4500,9.0
4101,3899,12.0
4102,4500,7.0
4103,3540,13.0
4104,3889,12.0
4105,4500,3.0
4106,3743,9.0
4107,4368,10.0
4108,4137,9.0
4109,4500,9.0
4110,3953,12.0
4111,4500,9.0
4112,4500,3.0
4113,4093,9.0
4114,4500,2.0
4115,4500,3.0
4116,4421,7.0
4117,4500,4.0
4118,3936,11.0
4119,4500,4.0
4120,4159,8.0
4121,3934,11.0
4122,4189,7.0
4123,4500,1.0
4124,3221,14.0
4125,4500,7.0
4126,4012,8.0
4127,4500,1.0
4128,4500,3.0
4129,3484,14.0
4130,4094,12.0
4131,4500,2.0
4132,4500,6.0
4133,4500,1.0
4134,4500,7.0
4135,4500,6.0
4136,4500,6.0
4137,4500,7.0
4138,4500,5.0
4139,4500,4.0
4140,4500,4.0
4141,4500,4.0
4142,4500,4.0
4143,4500,4.0
4144,4500,3.0
4145,3659,13.0
4146,4401,7.0
4147,4500,6.0
4148,3795,8.0
4149,4500,1.0
4150,4500,2.0
4151,4500,6.0
4152,4500,6.0
4153,4335,4.0
4154,4500,4.0
4155,4500,6.0
4156,4500,7.0
4157,3956,10.0
4158,4500,6.0
4159,4500,6.0
4160,4266,12.0
4161,4500,6.0
4162,4500,6.0
4163,4491,9.0
4164,4400,7.0
4165,4500,5.0
4166,4500,6.0
4167,4500,8.0
4168,4500,7.0
4169,4392,7.0
4170,4500,9.0
4171,4117,9.0
4172,4324,6.0
4173,4326,12.0
4174,4237,12.0
4175,4500,8.0
4176,3864,13.0
4177,4345,12.0
4178,4500,6.0
4179,4500,7.0
4180,4471,6.0
4181,4500,5.0
4182,4098,9.0
4183,4324,9.0
4184,4354,6.0
4185,3623,16.0
4186,4125,9.0
4187,4500,7.0
4188,4500,0.0
4189,4277,11.0
4190,4490,9.0
4191,4232,9.0
4192,4500,6.0
4193,4125,9.0
4194,4500,8.0
4195,4500,7.0
4196,3810,8.0
4197,4500,4.0
4198,4500,6.0
4199,4099,4.0
4200,4500,1.0
4201,4500,5.0
4202,4500,8.0
4203,4500,9.0
4204,4500,9.0
4205,4500,4.0
4206,3902,11.0
4207,4214,10.0
4208,4500,0.0
4209,4500,3.0
4210,4428,12.0
4211,4500,2.0
4212,3754,13.0
4213,4500,4.0
4214,4500,3.0
4215,4304,6.0
4216,4500,7.0
4217,4500,4.0
4218,3671,14.0
4219,4339,10.0
4220,4371,13.0
4221,3735,9.0
4222,4500,3.0
4223,4500,0.0
4224,4285,10.0
4225,4221,9.0
4226,4500,5.0
4227,4500,1.0
4228,4500,2.0
4229,4500,7.0
4230,4500,4.0
4231,3653,12.0
4232,4500,2.0
4233,3906,10.0
4234,4500,3.0
4235,4500,6.0
4236,4500,9.0
4237,4477,4.0
4238,4500,6.0
4239,4500,4.0
4240,4500,1.0
4241,4500,9.0
4242,4500,9.0
4243,4500,9.0
4244,4280,10.0
4245,4477,7.0
4246,4459,6.0
4247,4419,11.0
4248,4282,11.0
4249,4500,3.0
4250,4500,7.0
4251,4500,8.0
4252,4500,2.0
4253,4500,6.0
4254,4500,10.0
4255,4500,5.0
4256,4500,12.0
4257,4392,5.0
4258,4500,8.0
4259,4500,8.0
4260,3325,13.0
4261,3481,11.0
4262,4500,7.0
4263,4500,8.0
4264,4500,-3.0
4265,4500,7.0
4266,4500,7.0
4267,4500,1.0
4268,4500,5.0
4269,4161,9.0
4270,4500,4.0
4271,4500,5.0
4272,4500,6.0
4273,2988,16.0
4274,3976,12.0
4275,4179,9.0
4276,4500,7.0
4277,4354,14.0
4278,4500,9.0
4279,4500,6.0
4280,4500,8.0
4281,4309,7.0
4282,4499,7.0
4283,4227,10.0
4284,4500,4.0
4285,4500,7.0
4286,4500,1.0
4287,4500,3.0
4288,4500,1.0
4289,4500,7.0
4290,4295,5.0
4291,4500,6.0
4292,4500,8.0
4293,4064,9.0
4294,3841,11.0
4295,4392,6.0
4296,4488,6.0
4297,4500,4.0
4298,4500,9.0
4299,4500,4.0
4300,4500,9.0
4301,3888,9.0
4302,4500,5.0
4303,4500,11.0
4304,3700,13.0
4305,4200,9.0
4306,4500,9.0
4307,4500,11.0
4308,4500,8.0
4309,4500,8.0
4310,4500,12.0
4311,4500,9.0
4312,4178,14.0
4313,4363,8.0
4314,4500,8.0
4315,4500,5.0
