0,779,-21.0
1,809,-21.0
2,818,-21.0
3,945,-21.0
4,957,-21.0
5,1034,-20.0
6,1075,-20.0
7,1122,-20.0
8,789,-21.0
9,882,-21.0
10,971,-20.0
11,936,-21.0
12,944,-20.0
13,903,-20.0
14,949,-21.0
15,1014,-19.0
16,763,-21.0
17,821,-21.0
18,786,-21.0
19,807,-21.0
20,774,-21.0
21,817,-21.0
22,1176,-19.0
23,939,-21.0
24,1185,-20.0
25,812,-21.0
26,878,-21.0
27,914,-20.0
28,758,-21.0
29,1086,-20.0
30,931,-20.0
31,816,-21.0
32,920,-20.0
33,974,-21.0
34,870,-21.0
35,895,-21.0
36,812,-21.0
37,782,-21.0
38,1012,-20.0
39,786,-21.0
40,840,-21.0
41,989,-20.0
42,784,-21.0
43,977,-20.0
44,985,-21.0
45,1015,-20.0
46,1108,-19.0
47,1084,-18.0
48,869,-20.0
49,964,-21.0
50,782,-21.0
51,1064,-20.0
52,851,-21.0
53,877,-21.0
54,863,-20.0
55,914,-21.0
56,819,-21.0
57,904,-21.0
58,841,-21.0
59,1013,-19.0
60,908,-21.0
61,1108,-20.0
62,801,-21.0
63,791,-21.0
64,947,-20.0
65,921,-20.0
66,761,-21.0
67,1002,-20.0
68,927,-20.0
69,980,-21.0
70,1009,-19.0
71,883,-21.0
72,961,-21.0
73,996,-19.0
74,1009,-20.0
75,941,-19.0
76,961,-21.0
77,816,-21.0
78,981,-20.0
79,877,-21.0
80,995,-21.0
81,1093,-18.0
82,822,-21.0
83,972,-19.0
84,1016,-21.0
85,875,-21.0
86,1009,-21.0
87,897,-20.0
88,815,-21.0
89,780,-21.0
90,938,-21.0
91,820,-21.0
92,852,-21.0
93,937,-20.0
94,943,-20.0
95,949,-20.0
96,837,-20.0
97,950,-19.0
98,964,-19.0
99,851,-21.0
100,892,-20.0
101,999,-19.0
102,821,-21.0
103,1057,-18.0
104,818,-21.0
105,891,-20.0
106,944,-20.0
107,930,-20.0
108,926,-21.0
109,1050,-18.0
110,862,-20.0
111,880,-21.0
112,851,-21.0
113,977,-19.0
114,820,-21.0
115,957,-20.0
116,881,-21.0
117,842,-21.0
118,822,-21.0
119,1018,-21.0
120,947,-21.0
121,952,-20.0
122,1045,-18.0
123,1013,-19.0
124,852,-21.0
125,793,-21.0
126,931,-21.0
127,880,-21.0
128,1044,-20.0
129,945,-20.0
130,997,-19.0
131,960,-21.0
132,845,-21.0
133,816,-21.0
134,873,-21.0
135,941,-20.0
136,991,-20.0
137,884,-20.0
138,925,-20.0
139,788,-21.0
140,937,-21.0
141,916,-20.0
142,942,-21.0
143,830,-20.0
144,1063,-20.0
145,1115,-20.0
146,825,-21.0
147,925,-19.0
148,1006,-20.0
149,762,-21.0
150,848,-21.0
151,818,-21.0
152,967,-21.0
153,877,-21.0
154,817,-21.0
155,861,-21.0
156,877,-21.0
157,913,-21.0
158,1007,-20.0
159,1032,-20.0
160,791,-21.0
161,1031,-20.0
162,784,-21.0
163,868,-21.0
164,777,-21.0
165,1109,-19.0
166,907,-21.0
167,790,-21.0
168,849,-21.0
169,808,-21.0
170,789,-21.0
171,897,-21.0
172,978,-20.0
173,845,-21.0
174,758,-21.0
175,1056,-18.0
176,820,-21.0
177,926,-20.0
178,843,-21.0
179,916,-21.0
180,880,-21.0
181,1124,-20.0
182,958,-20.0
183,927,-20.0
184,948,-20.0
185,922,-21.0
186,835,-20.0
187,1106,-19.0
188,872,-21.0
189,922,-20.0
190,916,-20.0
191,793,-21.0
192,974,-21.0
193,928,-20.0
194,1124,-19.0
195,1049,-19.0
196,1072,-20.0
197,980,-20.0
198,1003,-20.0
199,851,-21.0
200,755,-21.0
201,777,-21.0
202,922,-21.0
203,967,-19.0
204,899,-20.0
205,848,-21.0
206,1110,-18.0
207,817,-21.0
208,923,-20.0
209,927,-20.0
210,946,-20.0
211,927,-20.0
212,977,-19.0
213,875,-21.0
214,927,-20.0
215,936,-21.0
216,890,-21.0
217,964,-21.0
218,930,-20.0
219,1093,-19.0
220,774,-21.0
221,912,-20.0
222,763,-21.0
223,787,-21.0
224,788,-21.0
225,784,-21.0
226,942,-19.0
227,1021,-20.0
228,900,-21.0
229,822,-21.0
230,921,-20.0
231,984,-21.0
232,937,-21.0
233,783,-21.0
234,900,-20.0
235,838,-20.0
236,864,-21.0
237,868,-21.0
238,1052,-21.0
239,875,-21.0
240,937,-21.0
241,929,-20.0
242,1078,-19.0
243,988,-21.0
244,872,-21.0
245,1076,-19.0
246,1025,-20.0
247,1071,-19.0
248,760,-21.0
249,834,-21.0
250,1347,-16.0
251,824,-21.0
252,956,-21.0
253,977,-20.0
254,1003,-21.0
255,850,-21.0
256,929,-20.0
257,902,-21.0
258,899,-20.0
259,952,-20.0
260,940,-20.0
261,840,-21.0
262,822,-21.0
263,818,-21.0
264,901,-20.0
265,962,-20.0
266,1003,-20.0
267,763,-21.0
268,903,-20.0
269,1114,-21.0
270,844,-21.0
271,818,-21.0
272,880,-20.0
273,892,-21.0
274,856,-20.0
275,856,-20.0
276,972,-20.0
277,940,-20.0
278,945,-19.0
279,1078,-20.0
280,879,-21.0
281,865,-21.0
282,874,-21.0
283,1024,-20.0
284,873,-21.0
285,850,-21.0
286,806,-21.0
287,986,-20.0
288,888,-20.0
289,1025,-21.0
290,819,-21.0
291,866,-21.0
292,1103,-18.0
293,1010,-19.0
294,896,-20.0
295,786,-21.0
296,850,-21.0
297,1131,-18.0
298,986,-21.0
299,763,-21.0
300,957,-20.0
301,809,-21.0
302,1092,-20.0
303,774,-21.0
304,1115,-19.0
305,842,-20.0
306,1200,-19.0
307,879,-21.0
308,880,-21.0
309,958,-20.0
310,846,-21.0
311,908,-21.0
312,846,-21.0
313,915,-20.0
314,877,-21.0
315,975,-19.0
316,1240,-18.0
317,1075,-19.0
318,933,-20.0
319,1110,-19.0
320,962,-21.0
321,834,-20.0
322,819,-21.0
323,848,-21.0
324,921,-20.0
325,849,-21.0
326,1014,-21.0
327,1035,-20.0
328,779,-21.0
329,849,-21.0
330,1002,-21.0
331,761,-21.0
332,835,-21.0
333,952,-21.0
334,940,-20.0
335,784,-21.0
336,812,-21.0
337,874,-21.0
338,928,-20.0
339,1091,-18.0
340,931,-20.0
341,881,-20.0
342,845,-21.0
343,981,-20.0
344,850,-21.0
345,821,-21.0
346,1110,-19.0
347,955,-20.0
348,871,-21.0
349,962,-20.0
350,822,-21.0
351,906,-21.0
352,987,-20.0
353,953,-20.0
354,960,-20.0
355,1018,-21.0
356,995,-19.0
357,1058,-19.0
358,1227,-19.0
359,928,-20.0
360,973,-20.0
361,897,-20.0
362,1092,-21.0
363,1037,-19.0
364,1062,-19.0
365,851,-21.0
366,975,-19.0
367,784,-21.0
368,880,-21.0
369,1116,-19.0
370,924,-20.0
371,845,-21.0
372,923,-20.0
373,776,-21.0
374,880,-21.0
375,876,-21.0
376,823,-21.0
377,1017,-20.0
378,812,-21.0
379,1203,-18.0
380,995,-20.0
381,823,-21.0
382,822,-21.0
383,919,-20.0
384,792,-21.0
385,927,-20.0
386,1134,-20.0
387,1033,-20.0
388,877,-21.0
389,906,-20.0
390,1010,-21.0
391,990,-19.0
392,885,-21.0
393,876,-21.0
394,909,-21.0
395,899,-20.0
396,782,-21.0
397,885,-21.0
398,928,-20.0
399,1183,-19.0
400,1034,-20.0
401,1005,-19.0
402,1016,-19.0
403,778,-21.0
404,782,-21.0
405,932,-20.0
406,904,-21.0
407,912,-20.0
408,869,-21.0
409,919,-20.0
410,816,-21.0
411,973,-20.0
412,878,-21.0
413,912,-20.0
414,762,-21.0
415,1074,-20.0
416,1103,-19.0
417,905,-21.0
418,1166,-20.0
419,931,-19.0
420,870,-21.0
421,846,-21.0
422,992,-19.0
423,1183,-19.0
424,816,-21.0
425,816,-21.0
426,912,-20.0
427,939,-21.0
428,960,-20.0
429,1001,-19.0
430,866,-20.0
431,918,-20.0
432,1116,-19.0
433,1113,-20.0
434,957,-20.0
435,835,-21.0
436,814,-21.0
437,864,-21.0
438,1109,-19.0
439,915,-20.0
440,782,-21.0
441,758,-21.0
442,782,-21.0
443,878,-21.0
444,886,-20.0
445,899,-20.0
446,835,-21.0
447,909,-21.0
448,823,-21.0
449,876,-21.0
450,984,-21.0
451,962,-20.0
452,1068,-20.0
453,1072,-21.0
454,817,-21.0
455,785,-21.0
456,821,-21.0
457,1291,-18.0
458,1028,-20.0
459,814,-21.0
460,773,-21.0
461,783,-21.0
462,952,-20.0
463,842,-21.0
464,852,-21.0
465,822,-21.0
466,754,-21.0
467,846,-21.0
468,987,-20.0
469,968,-21.0
470,933,-19.0
471,961,-21.0
472,788,-21.0
473,1033,-20.0
474,1094,-19.0
475,943,-21.0
476,904,-21.0
477,818,-21.0
478,905,-21.0
479,903,-21.0
480,882,-21.0
481,950,-20.0
482,845,-21.0
483,1079,-20.0
484,810,-21.0
485,994,-21.0
486,994,-21.0
487,894,-20.0
488,786,-21.0
489,836,-20.0
490,846,-21.0
491,1092,-20.0
492,992,-21.0
493,909,-21.0
494,906,-21.0
495,983,-20.0
496,869,-20.0
497,1019,-20.0
498,1031,-19.0
499,1018,-21.0
500,1100,-20.0
501,874,-21.0
502,814,-21.0
503,756,-21.0
504,969,-21.0
505,814,-21.0
506,1079,-18.0
507,956,-20.0
508,1068,-19.0
509,902,-21.0
510,763,-21.0
511,754,-21.0
512,844,-21.0
513,779,-21.0
514,1047,-20.0
515,1109,-18.0
516,897,-20.0
517,1055,-19.0
518,789,-21.0
519,1007,-21.0
520,1252,-18.0
521,991,-20.0
522,944,-20.0
523,830,-20.0
524,908,-21.0
525,978,-20.0
526,1036,-19.0
527,1040,-20.0
528,1093,-18.0
529,785,-21.0
530,1054,-19.0
531,775,-21.0
532,895,-20.0
533,787,-21.0
534,882,-20.0
535,807,-21.0
536,838,-20.0
537,941,-21.0
538,759,-21.0
539,907,-21.0
540,755,-21.0
541,1106,-18.0
542,881,-21.0
543,1189,-18.0
544,1049,-20.0
545,907,-21.0
546,755,-21.0
547,872,-21.0
548,835,-21.0
549,957,-21.0
550,949,-20.0
551,1147,-20.0
552,834,-21.0
553,941,-19.0
554,1026,-19.0
555,958,-20.0
556,817,-21.0
557,938,-21.0
558,926,-21.0
559,1049,-19.0
560,909,-21.0
561,848,-21.0
562,1114,-18.0
563,1016,-20.0
564,990,-20.0
565,1081,-18.0
566,963,-20.0
567,974,-19.0
568,786,-21.0
569,849,-21.0
570,785,-21.0
571,925,-20.0
572,1190,-18.0
573,883,-21.0
574,1028,-20.0
575,907,-20.0
576,986,-20.0
577,879,-21.0
578,905,-21.0
579,894,-20.0
580,1000,-20.0
581,1170,-18.0
582,957,-20.0
583,821,-21.0
584,814,-21.0
585,945,-21.0
586,1129,-19.0
587,761,-21.0
588,1095,-20.0
589,773,-21.0
590,850,-21.0
591,878,-21.0
592,884,-21.0
593,814,-21.0
594,853,-21.0
595,908,-21.0
596,892,-21.0
597,892,-20.0
598,782,-21.0
599,837,-20.0
600,900,-20.0
601,977,-19.0
602,900,-20.0
603,814,-21.0
604,905,-21.0
605,980,-20.0
606,788,-21.0
607,945,-20.0
608,882,-21.0
609,846,-21.0
610,1117,-19.0
611,819,-21.0
612,867,-20.0
613,1170,-19.0
614,860,-20.0
615,967,-21.0
616,910,-19.0
617,881,-21.0
618,950,-19.0
619,992,-19.0
620,1002,-21.0
621,930,-20.0
622,809,-21.0
623,992,-19.0
624,1077,-20.0
625,816,-21.0
626,1021,-21.0
627,812,-21.0
628,1209,-19.0
629,843,-21.0
630,847,-21.0
631,867,-21.0
632,1076,-19.0
633,1002,-21.0
634,843,-21.0
635,971,-19.0
636,791,-21.0
637,1006,-20.0
638,755,-21.0
639,977,-20.0
640,862,-21.0
641,854,-20.0
642,1016,-20.0
643,904,-21.0
644,822,-21.0
645,1138,-19.0
646,842,-21.0
647,888,-20.0
648,844,-21.0
649,875,-21.0
650,882,-21.0
651,821,-21.0
652,899,-20.0
653,1035,-20.0
654,815,-21.0
655,856,-20.0
656,915,-20.0
657,908,-21.0
658,1079,-20.0
659,1004,-20.0
660,1068,-19.0
661,1224,-20.0
662,971,-20.0
663,939,-21.0
664,1007,-20.0
665,783,-21.0
666,1076,-20.0
667,814,-21.0
668,907,-19.0
669,862,-20.0
670,873,-21.0
671,844,-21.0
672,871,-21.0
673,847,-21.0
674,822,-21.0
675,896,-20.0
676,881,-20.0
677,945,-21.0
678,835,-21.0
679,1027,-21.0
680,843,-21.0
681,872,-21.0
682,1032,-19.0
683,865,-20.0
684,821,-21.0
685,971,-19.0
686,823,-21.0
687,903,-21.0
688,763,-21.0
689,830,-21.0
690,920,-20.0
691,1009,-20.0
692,939,-20.0
693,934,-21.0
694,951,-20.0
695,814,-21.0
696,956,-21.0
697,946,-20.0
698,998,-20.0
699,788,-21.0
700,878,-21.0
701,862,-20.0
702,977,-20.0
703,1016,-19.0
704,847,-21.0
705,1182,-19.0
706,839,-21.0
707,832,-21.0
708,897,-20.0
709,921,-20.0
710,789,-21.0
711,874,-21.0
712,939,-20.0
713,789,-21.0
714,982,-20.0
715,929,-20.0
716,1017,-21.0
717,820,-21.0
718,819,-21.0
719,1094,-20.0
720,755,-21.0
721,822,-21.0
722,1059,-20.0
723,870,-21.0
724,836,-20.0
725,993,-20.0
726,756,-21.0
727,839,-20.0
728,856,-21.0
729,841,-21.0
730,879,-21.0
731,955,-20.0
732,985,-20.0
733,782,-21.0
734,774,-21.0
735,839,-21.0
736,928,-20.0
737,916,-20.0
738,816,-21.0
739,927,-21.0
740,1036,-19.0
741,777,-21.0
742,1040,-20.0
743,784,-21.0
744,914,-20.0
745,763,-21.0
746,867,-20.0
747,867,-20.0
748,893,-20.0
749,929,-19.0
750,986,-20.0
751,957,-20.0
752,1028,-20.0
753,846,-21.0
754,883,-21.0
755,1085,-20.0
756,878,-21.0
757,894,-20.0
758,818,-21.0
759,787,-21.0
760,1044,-20.0
761,1104,-19.0
762,995,-20.0
763,879,-21.0
764,991,-19.0
765,920,-21.0
766,999,-21.0
767,846,-21.0
768,788,-21.0
769,1001,-19.0
770,965,-21.0
771,907,-19.0
772,1034,-20.0
773,1001,-20.0
774,822,-21.0
775,1078,-20.0
776,816,-21.0
777,954,-21.0
778,816,-21.0
779,920,-20.0
780,882,-20.0
781,817,-21.0
782,882,-21.0
783,931,-19.0
784,911,-20.0
785,844,-21.0
786,975,-21.0
787,937,-21.0
788,783,-21.0
789,915,-20.0
790,948,-20.0
791,960,-21.0
792,845,-21.0
793,844,-21.0
794,922,-20.0
795,942,-21.0
796,967,-20.0
797,967,-21.0
798,877,-21.0
799,1014,-18.0
800,1191,-19.0
801,1000,-21.0
802,821,-21.0
803,919,-21.0
804,835,-20.0
805,927,-20.0
806,955,-20.0
807,842,-20.0
808,916,-20.0
809,960,-19.0
810,966,-20.0
811,1088,-19.0
812,1051,-18.0
813,857,-20.0
814,832,-21.0
815,944,-20.0
816,951,-21.0
817,1079,-19.0
818,787,-21.0
819,895,-20.0
820,912,-20.0
821,958,-21.0
822,1014,-19.0
823,782,-21.0
824,833,-20.0
825,782,-21.0
826,816,-21.0
827,1054,-19.0
828,897,-20.0
829,833,-21.0
830,943,-21.0
831,1114,-18.0
832,878,-20.0
833,850,-21.0
834,1000,-20.0
835,821,-21.0
836,839,-21.0
837,849,-21.0
838,1165,-19.0
839,814,-21.0
840,973,-19.0
841,759,-21.0
842,955,-20.0
843,875,-21.0
844,1004,-21.0
845,941,-21.0
846,915,-20.0
847,976,-21.0
848,870,-21.0
849,841,-21.0
850,817,-21.0
851,980,-19.0
852,972,-20.0
853,907,-21.0
854,1052,-19.0
855,894,-20.0
856,908,-20.0
857,945,-20.0
858,863,-21.0
859,1242,-18.0
860,989,-20.0
861,954,-21.0
862,905,-21.0
863,953,-20.0
864,832,-21.0
865,833,-21.0
866,1012,-21.0
867,822,-21.0
868,869,-20.0
869,807,-21.0
870,1183,-20.0
871,968,-20.0
872,822,-21.0
873,761,-21.0
874,869,-21.0
875,945,-21.0
876,878,-21.0
877,966,-21.0
878,878,-21.0
879,885,-21.0
880,1138,-19.0
881,909,-21.0
882,821,-21.0
883,917,-20.0
884,786,-21.0
885,849,-21.0
886,872,-20.0
887,861,-20.0
888,921,-20.0
889,1135,-21.0
890,819,-21.0
891,943,-20.0
892,931,-19.0
893,818,-21.0
894,819,-21.0
895,912,-21.0
896,756,-21.0
897,932,-20.0
898,779,-21.0
899,870,-20.0
900,823,-21.0
901,976,-19.0
902,810,-21.0
903,962,-19.0
904,1003,-20.0
905,896,-20.0
906,1096,-17.0
907,1135,-17.0
908,1033,-19.0
909,841,-21.0
910,1175,-19.0
911,957,-20.0
912,1037,-20.0
913,849,-21.0
914,1006,-19.0
915,1057,-19.0
916,989,-20.0
917,871,-21.0
918,881,-20.0
919,786,-21.0
920,896,-20.0
921,1001,-20.0
922,934,-21.0
923,866,-21.0
924,929,-19.0
925,972,-19.0
926,1076,-18.0
927,1037,-20.0
928,1045,-20.0
929,911,-21.0
930,985,-20.0
931,1141,-19.0
932,959,-20.0
933,778,-21.0
934,1174,-19.0
935,1135,-20.0
936,782,-21.0
937,818,-21.0
938,1045,-19.0
939,758,-21.0
940,939,-20.0
941,846,-21.0
942,1027,-21.0
943,1033,-20.0
944,966,-21.0
945,816,-21.0
946,818,-21.0
947,938,-21.0
948,874,-21.0
949,991,-21.0
950,757,-21.0
951,822,-21.0
952,817,-21.0
953,1066,-20.0
954,907,-21.0
955,842,-21.0
956,948,-20.0
957,813,-21.0
958,1156,-19.0
959,964,-21.0
960,782,-21.0
961,1048,-21.0
962,1022,-19.0
963,918,-20.0
964,901,-20.0
965,971,-21.0
966,843,-21.0
967,941,-20.0
968,1079,-21.0
969,1201,-19.0
970,895,-21.0
971,1062,-20.0
972,960,-20.0
973,925,-19.0
974,784,-21.0
975,843,-21.0
976,1114,-20.0
977,782,-21.0
978,919,-21.0
979,788,-21.0
980,880,-21.0
981,1017,-19.0
982,893,-21.0
983,986,-20.0
984,908,-21.0
985,832,-20.0
986,906,-21.0
987,828,-21.0
988,888,-20.0
989,867,-20.0
990,959,-21.0
991,1004,-20.0
992,929,-19.0
993,962,-20.0
994,817,-21.0
995,791,-21.0
996,1060,-18.0
997,865,-20.0
998,831,-21.0
999,819,-21.0
1000,926,-21.0
1001,1006,-20.0
1002,924,-21.0
1003,970,-20.0
1004,963,-20.0
1005,1073,-20.0
1006,999,-20.0
1007,1101,-18.0
1008,853,-21.0
1009,757,-21.0
1010,984,-20.0
1011,852,-20.0
1012,852,-21.0
1013,821,-21.0
1014,925,-21.0
1015,1047,-20.0
1016,917,-20.0
1017,1252,-18.0
1018,923,-21.0
1019,805,-21.0
1020,817,-21.0
1021,919,-20.0
1022,843,-21.0
1023,866,-20.0
1024,1027,-19.0
1025,786,-21.0
1026,941,-21.0
1027,879,-21.0
1028,870,-20.0
1029,916,-20.0
1030,1018,-20.0
1031,1195,-18.0
1032,1046,-20.0
1033,831,-21.0
1034,852,-21.0
1035,863,-20.0
1036,904,-21.0
1037,877,-20.0
1038,917,-20.0
1039,802,-21.0
1040,909,-21.0
1041,896,-20.0
1042,865,-20.0
1043,821,-21.0
1044,836,-20.0
1045,903,-20.0
1046,1046,-20.0
1047,791,-21.0
1048,1015,-21.0
1049,891,-21.0
1050,833,-21.0
1051,783,-21.0
1052,786,-21.0
1053,809,-21.0
1054,842,-21.0
1055,819,-21.0
1056,835,-21.0
1057,815,-21.0
1058,912,-21.0
1059,1116,-20.0
1060,1046,-21.0
1061,1023,-20.0
1062,1100,-20.0
1063,818,-21.0
1064,925,-20.0
1065,847,-21.0
1066,963,-21.0
1067,1056,-19.0
1068,782,-21.0
1069,867,-20.0
1070,999,-21.0
1071,898,-20.0
1072,1005,-20.0
1073,784,-21.0
1074,782,-21.0
1075,899,-20.0
1076,951,-19.0
1077,850,-20.0
1078,1152,-18.0
1079,987,-19.0
1080,957,-21.0
1081,1001,-19.0
1082,879,-21.0
1083,1043,-20.0
1084,958,-20.0
1085,880,-20.0
1086,929,-20.0
1087,902,-20.0
1088,948,-21.0
1089,908,-21.0
1090,1013,-20.0
1091,1018,-19.0
1092,788,-21.0
1093,909,-20.0
1094,914,-20.0
1095,835,-20.0
1096,901,-20.0
1097,1013,-21.0
1098,929,-21.0
1099,953,-21.0
1100,1257,-18.0
1101,866,-20.0
1102,1125,-19.0
1103,754,-21.0
1104,935,-19.0
1105,1099,-19.0
1106,882,-21.0
1107,1050,-20.0
1108,939,-21.0
1109,1019,-20.0
1110,949,-21.0
1111,941,-20.0
1112,844,-21.0
1113,926,-20.0
1114,872,-21.0
1115,1171,-17.0
1116,913,-21.0
1117,971,-21.0
1118,874,-20.0
1119,878,-21.0
1120,923,-21.0
1121,1061,-19.0
1122,919,-19.0
1123,898,-21.0
1124,981,-20.0
1125,907,-21.0
1126,947,-19.0
1127,960,-20.0
1128,1030,-20.0
1129,946,-19.0
1130,754,-21.0
1131,995,-21.0
1132,1149,-19.0
1133,1013,-20.0
1134,888,-20.0
1135,1098,-18.0
1136,830,-21.0
1137,846,-21.0
1138,961,-21.0
1139,1116,-20.0
1140,876,-21.0
1141,957,-20.0
1142,1134,-20.0
1143,1094,-19.0
1144,787,-21.0
1145,759,-21.0
1146,914,-19.0
1147,852,-21.0
1148,1110,-19.0
1149,1047,-20.0
1150,868,-20.0
1151,925,-20.0
1152,787,-21.0
1153,1015,-20.0
1154,1212,-19.0
1155,825,-21.0
1156,934,-21.0
1157,943,-21.0
1158,930,-20.0
1159,1207,-16.0
1160,881,-21.0
1161,1051,-20.0
1162,938,-21.0
1163,851,-21.0
1164,1035,-19.0
1165,869,-21.0
1166,1093,-18.0
1167,1099,-20.0
1168,897,-20.0
1169,1000,-19.0
1170,849,-21.0
1171,821,-21.0
1172,815,-21.0
1173,874,-21.0
1174,907,-21.0
1175,963,-21.0
1176,1135,-20.0
1177,927,-20.0
1178,1131,-20.0
1179,878,-21.0
1180,845,-21.0
1181,953,-20.0
1182,945,-20.0
1183,851,-21.0
1184,912,-21.0
1185,819,-21.0
1186,1136,-20.0
1187,819,-21.0
1188,956,-20.0
1189,994,-20.0
1190,891,-20.0
1191,871,-20.0
1192,1000,-19.0
1193,980,-20.0
1194,809,-21.0
1195,953,-20.0
1196,1034,-21.0
1197,791,-21.0
1198,899,-20.0
1199,847,-21.0
1200,1100,-19.0
1201,844,-21.0
1202,783,-21.0
1203,983,-20.0
1204,988,-20.0
1205,788,-21.0
1206,834,-20.0
1207,835,-20.0
1208,781,-21.0
1209,959,-20.0
1210,955,-20.0
1211,908,-21.0
1212,939,-20.0
1213,838,-20.0
1214,944,-19.0
1215,819,-21.0
1216,996,-19.0
1217,1047,-20.0
1218,1049,-21.0
1219,836,-20.0
1220,912,-20.0
1221,1025,-21.0
1222,809,-21.0
1223,812,-21.0
1224,1048,-20.0
1225,929,-19.0
1226,867,-20.0
1227,946,-20.0
1228,1014,-21.0
1229,842,-21.0
1230,754,-21.0
1231,837,-20.0
1232,817,-21.0
1233,866,-20.0
1234,1045,-19.0
1235,861,-20.0
1236,980,-20.0
1237,940,-21.0
1238,894,-20.0
1239,847,-21.0
1240,871,-20.0
1241,954,-21.0
1242,1202,-18.0
1243,932,-20.0
1244,758,-21.0
1245,1175,-21.0
1246,1004,-20.0
1247,814,-21.0
1248,1101,-18.0
1249,1090,-19.0
1250,1192,-18.0
1251,828,-20.0
1252,953,-20.0
1253,991,-20.0
1254,942,-19.0
1255,777,-21.0
1256,968,-20.0
1257,860,-20.0
1258,936,-21.0
1259,822,-21.0
1260,816,-21.0
1261,900,-21.0
1262,910,-20.0
1263,880,-21.0
1264,1219,-19.0
1265,845,-21.0
1266,968,-20.0
1267,1185,-21.0
1268,836,-21.0
1269,869,-20.0
1270,990,-19.0
1271,882,-20.0
1272,779,-21.0
1273,956,-20.0
1274,927,-20.0
1275,918,-20.0
1276,956,-20.0
1277,941,-20.0
1278,1035,-20.0
1279,940,-21.0
1280,902,-20.0
1281,819,-21.0
1282,1140,-18.0
1283,1090,-21.0
1284,982,-20.0
1285,909,-21.0
1286,910,-21.0
1287,1004,-19.0
1288,893,-20.0
1289,853,-21.0
1290,1063,-20.0
1291,823,-21.0
1292,912,-21.0
1293,1011,-20.0
1294,773,-21.0
1295,1115,-18.0
1296,878,-21.0
1297,1119,-20.0
1298,1028,-20.0
1299,836,-20.0
1300,840,-21.0
1301,983,-20.0
1302,874,-20.0
1303,1080,-20.0
1304,1061,-20.0
1305,787,-21.0
1306,1076,-19.0
1307,860,-20.0
1308,824,-21.0
1309,896,-21.0
1310,958,-20.0
1311,942,-20.0
1312,1014,-20.0
1313,846,-21.0
1314,1012,-21.0
1315,1016,-20.0
1316,839,-20.0
1317,1003,-20.0
1318,877,-21.0
1319,818,-21.0
1320,871,-21.0
1321,1060,-20.0
1322,942,-20.0
1323,936,-21.0
1324,1012,-20.0
1325,908,-21.0
1326,1043,-20.0
1327,903,-21.0
1328,850,-21.0
1329,903,-20.0
1330,1004,-20.0
1331,865,-21.0
1332,821,-21.0
1333,945,-20.0
1334,1062,-19.0
1335,1033,-21.0
1336,1068,-20.0
1337,958,-20.0
1338,914,-19.0
1339,925,-20.0
1340,814,-21.0
1341,852,-21.0
1342,1015,-21.0
1343,940,-20.0
1344,1064,-19.0
1345,883,-21.0
1346,845,-21.0
1347,848,-21.0
1348,864,-20.0
1349,879,-21.0
1350,926,-21.0
1351,890,-20.0
1352,1097,-19.0
1353,930,-21.0
1354,1083,-18.0
1355,904,-21.0
1356,1050,-19.0
1357,759,-21.0
1358,932,-21.0
1359,756,-21.0
1360,1137,-18.0
1361,932,-21.0
1362,845,-21.0
1363,1059,-21.0
1364,971,-21.0
1365,784,-21.0
1366,883,-20.0
1367,925,-20.0
1368,910,-20.0
1369,877,-21.0
1370,1207,-19.0
1371,788,-21.0
1372,907,-21.0
1373,938,-21.0
1374,883,-21.0
1375,1159,-19.0
1376,844,-21.0
1377,896,-21.0
1378,931,-21.0
1379,967,-21.0
1380,870,-21.0
1381,1000,-21.0
1382,961,-20.0
1383,1039,-19.0
1384,1054,-20.0
1385,897,-21.0
1386,1020,-20.0
1387,974,-20.0
1388,1065,-20.0
1389,866,-21.0
1390,864,-20.0
1391,867,-21.0
1392,946,-20.0
1393,878,-21.0
1394,911,-21.0
1395,898,-20.0
1396,931,-20.0
1397,904,-21.0
1398,961,-20.0
1399,874,-21.0
1400,970,-20.0
1401,939,-21.0
1402,907,-20.0
1403,930,-21.0
1404,1108,-17.0
1405,938,-21.0
1406,933,-19.0
1407,926,-20.0
1408,976,-19.0
1409,1030,-20.0
1410,952,-21.0
1411,901,-20.0
1412,998,-19.0
1413,883,-20.0
1414,973,-20.0
1415,922,-20.0
1416,1110,-20.0
1417,955,-20.0
1418,848,-20.0
1419,961,-20.0
1420,823,-21.0
1421,938,-21.0
1422,1045,-21.0
1423,818,-21.0
1424,921,-21.0
1425,848,-21.0
1426,902,-20.0
1427,878,-21.0
1428,1048,-21.0
1429,953,-20.0
1430,790,-21.0
1431,1038,-19.0
1432,1325,-16.0
1433,1102,-21.0
1434,939,-20.0
1435,924,-20.0
1436,981,-20.0
1437,915,-20.0
1438,910,-20.0
1439,1077,-20.0
1440,842,-21.0
1441,986,-21.0
1442,858,-20.0
1443,843,-21.0
1444,984,-21.0
1445,947,-20.0
1446,972,-19.0
1447,1159,-18.0
1448,963,-21.0
1449,974,-19.0
1450,808,-21.0
1451,911,-21.0
1452,1075,-19.0
1453,875,-20.0
1454,895,-21.0
1455,957,-20.0
1456,873,-21.0
1457,1085,-19.0
1458,934,-21.0
1459,822,-21.0
1460,1258,-19.0
1461,1067,-20.0
1462,788,-21.0
1463,912,-21.0
1464,1094,-19.0
1465,879,-21.0
1466,1126,-20.0
1467,881,-21.0
1468,910,-21.0
1469,821,-21.0
1470,806,-21.0
1471,942,-20.0
1472,835,-20.0
1473,868,-20.0
1474,934,-21.0
1475,880,-21.0
1476,925,-21.0
1477,1017,-20.0
1478,1121,-18.0
1479,982,-20.0
1480,1136,-18.0
1481,961,-21.0
1482,822,-21.0
1483,942,-21.0
1484,966,-21.0
1485,955,-20.0
1486,966,-21.0
1487,1008,-19.0
1488,986,-21.0
1489,851,-21.0
1490,957,-20.0
1491,962,-20.0
1492,938,-19.0
1493,1157,-18.0
1494,985,-19.0
1495,1094,-20.0
1496,959,-20.0
1497,943,-21.0
1498,1076,-20.0
1499,1086,-19.0
1500,958,-20.0
1501,786,-21.0
1502,1144,-20.0
1503,822,-21.0
1504,946,-21.0
1505,938,-20.0
1506,907,-21.0
1507,1035,-20.0
1508,1026,-21.0
1509,841,-21.0
1510,959,-20.0
1511,982,-20.0
1512,862,-20.0
1513,924,-21.0
1514,783,-21.0
1515,890,-20.0
1516,843,-21.0
1517,973,-20.0
1518,981,-20.0
1519,914,-20.0
1520,1000,-20.0
1521,949,-21.0
1522,996,-19.0
1523,782,-21.0
1524,896,-21.0
1525,877,-21.0
1526,845,-21.0
1527,961,-20.0
1528,1032,-20.0
1529,925,-21.0
1530,969,-21.0
1531,966,-21.0
1532,1062,-21.0
1533,987,-20.0
1534,1087,-19.0
1535,840,-21.0
1536,1047,-21.0
1537,847,-21.0
1538,846,-20.0
1539,893,-21.0
1540,820,-21.0
1541,902,-21.0
1542,1024,-18.0
1543,1274,-17.0
1544,911,-21.0
1545,970,-19.0
1546,936,-21.0
1547,973,-20.0
1548,1056,-19.0
1549,923,-21.0
1550,909,-21.0
1551,1084,-19.0
1552,958,-20.0
1553,1167,-20.0
1554,1101,-19.0
1555,1150,-18.0
1556,1178,-17.0
1557,875,-21.0
1558,900,-20.0
1559,999,-19.0
1560,1044,-19.0
1561,1040,-20.0
1562,817,-21.0
1563,1169,-20.0
1564,943,-20.0
1565,961,-20.0
1566,911,-21.0
1567,861,-20.0
1568,1159,-19.0
1569,863,-21.0
1570,931,-19.0
1571,816,-21.0
1572,961,-20.0
1573,879,-21.0
1574,985,-20.0
1575,866,-20.0
1576,900,-20.0
1577,1070,-20.0
1578,1113,-19.0
1579,1012,-19.0
1580,976,-21.0
1581,817,-21.0
1582,1012,-20.0
1583,1004,-20.0
1584,863,-20.0
1585,816,-21.0
1586,974,-20.0
1587,1003,-19.0
1588,879,-20.0
1589,995,-20.0
1590,982,-20.0
1591,839,-21.0
1592,885,-20.0
1593,817,-21.0
1594,955,-20.0
1595,1113,-19.0
1596,897,-21.0
1597,920,-20.0
1598,1062,-19.0
1599,956,-21.0
1600,1386,-18.0
1601,791,-21.0
1602,974,-20.0
1603,789,-21.0
1604,994,-19.0
1605,940,-21.0
1606,806,-21.0
1607,962,-20.0
1608,1049,-19.0
1609,990,-20.0
1610,991,-20.0
1611,1069,-19.0
1612,1103,-21.0
1613,897,-20.0
1614,810,-21.0
1615,1039,-21.0
1616,937,-21.0
1617,1176,-21.0
1618,992,-21.0
1619,986,-20.0
1620,1077,-19.0
1621,930,-21.0
1622,975,-20.0
1623,832,-21.0
1624,897,-21.0
1625,1160,-19.0
1626,984,-20.0
1627,1107,-19.0
1628,975,-19.0
1629,1028,-21.0
1630,1132,-20.0
1631,1190,-18.0
1632,935,-21.0
1633,1090,-19.0
1634,1170,-20.0
1635,1045,-20.0
1636,938,-21.0
1637,947,-20.0
1638,938,-21.0
1639,1007,-20.0
1640,913,-21.0
1641,1058,-20.0
1642,1035,-19.0
1643,844,-21.0
1644,906,-21.0
1645,1046,-20.0
1646,979,-19.0
1647,956,-20.0
1648,1126,-19.0
1649,910,-21.0
1650,760,-21.0
1651,943,-21.0
1652,999,-21.0
1653,868,-20.0
1654,1099,-20.0
1655,866,-21.0
1656,925,-20.0
1657,844,-21.0
1658,932,-21.0
1659,1267,-20.0
1660,831,-21.0
1661,1006,-19.0
1662,836,-21.0
1663,969,-21.0
1664,932,-21.0
1665,1008,-20.0
1666,1001,-19.0
1667,950,-20.0
1668,1060,-21.0
1669,1006,-20.0
1670,864,-21.0
1671,910,-21.0
1672,832,-21.0
1673,1086,-20.0
1674,761,-21.0
1675,1030,-20.0
1676,1313,-18.0
1677,826,-21.0
1678,986,-21.0
1679,907,-21.0
1680,847,-21.0
1681,986,-20.0
1682,1219,-20.0
1683,1028,-20.0
1684,1154,-19.0
1685,1061,-18.0
1686,849,-21.0
1687,1123,-19.0
1688,1004,-20.0
1689,815,-21.0
1690,1307,-18.0
1691,1030,-20.0
1692,872,-21.0
1693,1096,-20.0
1694,1112,-20.0
1695,1031,-20.0
1696,986,-20.0
1697,940,-21.0
1698,1225,-20.0
1699,990,-20.0
1700,1199,-19.0
1701,960,-20.0
1702,845,-21.0
1703,938,-20.0
1704,927,-20.0
1705,1123,-20.0
1706,973,-20.0
1707,942,-21.0
1708,900,-21.0
1709,1096,-19.0
1710,895,-20.0
1711,1169,-20.0
1712,1074,-19.0
1713,916,-20.0
1714,991,-20.0
1715,762,-21.0
1716,1028,-21.0
1717,1111,-21.0
1718,903,-20.0
1719,1266,-20.0
1720,1055,-20.0
1721,938,-21.0
1722,869,-21.0
1723,937,-20.0
1724,802,-21.0
1725,837,-21.0
1726,933,-20.0
1727,1155,-18.0
1728,1131,-20.0
1729,978,-21.0
1730,1138,-19.0
1731,1149,-18.0
1732,969,-20.0
1733,835,-20.0
1734,869,-21.0
1735,965,-19.0
1736,1364,-18.0
1737,904,-20.0
1738,870,-20.0
1739,1163,-19.0
1740,936,-21.0
1741,969,-20.0
1742,1039,-19.0
1743,818,-21.0
1744,1075,-21.0
1745,1050,-21.0
1746,983,-20.0
1747,1070,-19.0
1748,1002,-19.0
1749,1345,-17.0
1750,1021,-19.0
1751,1020,-20.0
1752,1125,-21.0
1753,893,-20.0
1754,1212,-18.0
1755,833,-20.0
1756,1029,-20.0
1757,1150,-21.0
1758,1040,-20.0
1759,915,-21.0
1760,1010,-20.0
1761,890,-20.0
1762,1149,-17.0
1763,1109,-20.0
1764,1014,-21.0
1765,1115,-19.0
1766,964,-21.0
1767,1004,-20.0
1768,1150,-19.0
1769,911,-21.0
1770,1050,-21.0
1771,1036,-20.0
1772,847,-21.0
1773,879,-21.0
1774,1079,-20.0
1775,927,-20.0
1776,818,-21.0
1777,829,-21.0
1778,939,-20.0
1779,1186,-20.0
1780,929,-20.0
1781,1120,-19.0
1782,1205,-19.0
1783,943,-21.0
1784,1050,-20.0
1785,932,-21.0
1786,936,-20.0
1787,1060,-19.0
1788,1375,-15.0
1789,1083,-19.0
1790,1280,-17.0
1791,992,-21.0
1792,1018,-21.0
1793,1065,-20.0
1794,954,-21.0
1795,928,-21.0
1796,1136,-20.0
1797,1063,-19.0
1798,974,-20.0
1799,1230,-19.0
1800,1205,-18.0
1801,1413,-16.0
1802,1344,-16.0
1803,844,-21.0
1804,917,-20.0
1805,1391,-17.0
1806,1071,-20.0
1807,805,-21.0
1808,1081,-19.0
1809,1016,-21.0
1810,1150,-18.0
1811,1323,-16.0
1812,1036,-21.0
1813,940,-21.0
1814,1182,-19.0
1815,1150,-20.0
1816,910,-21.0
1817,1046,-20.0
1818,1127,-18.0
1819,872,-21.0
1820,1139,-21.0
1821,1021,-21.0
1822,834,-21.0
1823,1170,-20.0
1824,1233,-17.0
1825,1022,-21.0
1826,1099,-20.0
1827,1076,-20.0
1828,1138,-18.0
1829,1528,-17.0
1830,1003,-21.0
1831,1032,-21.0
1832,1215,-18.0
1833,863,-21.0
1834,1075,-20.0
1835,1059,-19.0
1836,791,-21.0
1837,924,-21.0
1838,1117,-20.0
1839,1082,-19.0
1840,1042,-20.0
1841,814,-21.0
1842,807,-21.0
1843,1050,-21.0
1844,1161,-20.0
1845,853,-21.0
1846,1026,-20.0
1847,1358,-16.0
1848,1013,-21.0
1849,911,-20.0
1850,822,-21.0
1851,1153,-18.0
1852,1034,-20.0
1853,989,-21.0
1854,1058,-20.0
1855,1047,-19.0
1856,1261,-19.0
1857,1083,-20.0
1858,1118,-20.0
1859,907,-21.0
1860,877,-20.0
1861,947,-21.0
1862,1028,-21.0
1863,1207,-19.0
1864,1061,-21.0
1865,1175,-20.0
1866,996,-21.0
1867,1146,-18.0
1868,964,-20.0
1869,1069,-19.0
1870,911,-21.0
1871,1116,-19.0
1872,894,-21.0
1873,1003,-19.0
1874,1216,-20.0
1875,1145,-20.0
1876,1122,-20.0
1877,1192,-19.0
1878,1275,-19.0
1879,1175,-19.0
1880,832,-21.0
1881,1016,-21.0
1882,1096,-20.0
1883,1029,-20.0
1884,1020,-19.0
1885,957,-20.0
1886,1089,-19.0
1887,1248,-18.0
1888,1247,-18.0
1889,1033,-20.0
1890,920,-20.0
1891,1072,-21.0
1892,944,-20.0
1893,1009,-20.0
1894,1185,-20.0
1895,1025,-20.0
1896,837,-21.0
1897,1366,-18.0
1898,1033,-20.0
1899,1140,-19.0
1900,1519,-15.0
1901,1130,-19.0
1902,1157,-18.0
1903,913,-21.0
1904,1123,-20.0
1905,1181,-19.0
1906,969,-20.0
1907,1009,-20.0
1908,1143,-19.0
1909,1001,-20.0
1910,1210,-19.0
1911,1011,-20.0
1912,1271,-21.0
1913,1311,-19.0
1914,950,-21.0
1915,1168,-18.0
1916,955,-20.0
1917,968,-21.0
1918,1164,-20.0
1919,1060,-18.0
1920,926,-21.0
1921,1071,-20.0
1922,959,-20.0
1923,1126,-20.0
1924,1146,-20.0
1925,1123,-20.0
1926,1031,-19.0
1927,1015,-20.0
1928,1211,-20.0
1929,1274,-20.0
1930,1028,-20.0
1931,963,-20.0
1932,1370,-16.0
1933,933,-20.0
1934,1464,-15.0
1935,956,-21.0
1936,1238,-20.0
1937,1082,-20.0
1938,1074,-20.0
1939,1036,-21.0
1940,978,-21.0
1941,927,-20.0
1942,1069,-20.0
1943,1097,-20.0
1944,947,-20.0
1945,910,-21.0
1946,1023,-21.0
1947,985,-20.0
1948,1199,-20.0
1949,1123,-20.0
1950,821,-21.0
1951,1115,-19.0
1952,1089,-19.0
1953,1303,-18.0
1954,1067,-20.0
1955,1179,-19.0
1956,1141,-19.0
1957,1061,-20.0
1958,1297,-18.0
1959,1004,-20.0
1960,1244,-18.0
1961,1306,-19.0
1962,1343,-19.0
1963,963,-21.0
1964,1157,-20.0
1965,1048,-20.0
1966,1113,-20.0
1967,1499,-17.0
1968,1314,-18.0
1969,1230,-20.0
1970,1031,-21.0
1971,944,-20.0
1972,1240,-19.0
1973,1151,-19.0
1974,1332,-18.0
1975,848,-21.0
1976,1033,-19.0
1977,930,-21.0
1978,1039,-19.0
1979,1173,-20.0
1980,1439,-18.0
1981,1103,-19.0
1982,970,-21.0
1983,977,-20.0
1984,1218,-20.0
1985,912,-20.0
1986,1312,-18.0
1987,1136,-18.0
1988,999,-20.0
1989,1385,-17.0
1990,880,-20.0
1991,1150,-18.0
1992,1080,-18.0
1993,1275,-17.0
1994,885,-20.0
1995,1038,-19.0
1996,1122,-20.0
1997,1130,-18.0
1998,1178,-18.0
1999,1046,-20.0
2000,1422,-18.0
2001,1278,-18.0
2002,957,-20.0
2003,1228,-21.0
2004,1204,-19.0
2005,1136,-21.0
2006,1082,-18.0
2007,1330,-17.0
2008,1083,-20.0
2009,893,-20.0
2010,970,-20.0
2011,1156,-20.0
2012,1084,-20.0
2013,1167,-20.0
2014,929,-21.0
2015,1004,-21.0
2016,1288,-18.0
2017,1137,-19.0
2018,1396,-19.0
2019,1066,-20.0
2020,1536,-18.0
2021,1101,-21.0
2022,1150,-19.0
2023,1167,-20.0
2024,962,-21.0
2025,782,-21.0
2026,991,-21.0
2027,982,-21.0
2028,1082,-19.0
2029,1445,-18.0
2030,1400,-18.0
2031,1043,-21.0
2032,1023,-20.0
2033,1280,-19.0
2034,1091,-21.0
2035,1382,-19.0
2036,952,-20.0
2037,1225,-18.0
2038,1076,-20.0
2039,1163,-19.0
2040,1016,-21.0
2041,913,-21.0
2042,1319,-18.0
2043,1316,-19.0
2044,1193,-20.0
2045,1091,-20.0
2046,986,-21.0
2047,1566,-18.0
2048,1375,-20.0
2049,1062,-19.0
2050,985,-20.0
2051,1184,-20.0
2052,1153,-20.0
2053,1002,-21.0
2054,1196,-20.0
2055,1031,-19.0
2056,1039,-21.0
2057,1085,-20.0
2058,1010,-20.0
2059,1293,-19.0
2060,1041,-20.0
2061,983,-20.0
2062,971,-20.0
2063,996,-21.0
2064,1221,-17.0
2065,1526,-20.0
2066,1174,-19.0
2067,901,-21.0
2068,1084,-19.0
2069,1136,-20.0
2070,1246,-20.0
2071,1047,-20.0
2072,1551,-20.0
2073,1045,-20.0
2074,991,-19.0
2075,963,-21.0
2076,1636,-17.0
2077,912,-21.0
2078,1164,-19.0
2079,1133,-21.0
2080,1192,-20.0
2081,1253,-19.0
2082,1303,-21.0
2083,1190,-19.0
2084,1270,-20.0
2085,1178,-19.0
2086,1165,-19.0
2087,1167,-19.0
2088,1271,-18.0
2089,1184,-19.0
2090,1045,-19.0
2091,1070,-18.0
2092,1143,-20.0
2093,1120,-20.0
2094,1223,-19.0
2095,980,-21.0
2096,933,-21.0
2097,1105,-21.0
2098,1376,-18.0
2099,1063,-21.0
2100,1319,-20.0
2101,1113,-19.0
2102,1035,-21.0
2103,1312,-18.0
2104,1323,-19.0
2105,1105,-20.0
2106,977,-19.0
2107,1060,-21.0
2108,1183,-20.0
2109,867,-21.0
2110,1300,-17.0
2111,1462,-18.0
2112,1052,-21.0
2113,1051,-21.0
2114,1208,-20.0
2115,1217,-19.0
2116,1099,-21.0
2117,984,-21.0
2118,1203,-20.0
2119,1167,-20.0
2120,1059,-21.0
2121,1156,-19.0
2122,897,-21.0
2123,1305,-18.0
2124,1092,-19.0
2125,1069,-20.0
2126,1403,-18.0
2127,1088,-19.0
2128,1131,-18.0
2129,1259,-21.0
2130,1097,-21.0
2131,1043,-21.0
2132,1171,-20.0
2133,1095,-21.0
2134,1247,-20.0
2135,1133,-20.0
2136,857,-21.0
2137,846,-21.0
2138,1376,-18.0
2139,1430,-17.0
2140,1042,-20.0
2141,1324,-19.0
2142,1308,-20.0
2143,1117,-19.0
2144,1129,-19.0
2145,1252,-21.0
2146,1240,-18.0
2147,1213,-20.0
2148,1329,-19.0
2149,1007,-21.0
2150,1144,-19.0
2151,1073,-20.0
2152,1122,-20.0
2153,1232,-19.0
2154,1358,-19.0
2155,1464,-15.0
2156,1090,-19.0
2157,1241,-19.0
2158,951,-20.0
2159,966,-21.0
2160,1199,-18.0
2161,1218,-19.0
2162,1120,-19.0
2163,1350,-17.0
2164,984,-21.0
2165,863,-21.0
2166,1149,-20.0
2167,1427,-18.0
2168,1105,-21.0
2169,1374,-18.0
2170,1257,-19.0
2171,1278,-18.0
2172,1331,-18.0
2173,1021,-21.0
2174,894,-21.0
2175,1045,-20.0
2176,1092,-21.0
2177,1399,-18.0
2178,1000,-20.0
2179,1199,-21.0
2180,1036,-21.0
2181,1349,-19.0
2182,1418,-19.0
2183,903,-20.0
2184,1117,-21.0
2185,1184,-19.0
2186,1259,-21.0
2187,1427,-17.0
2188,1063,-21.0
2189,1184,-20.0
2190,1212,-21.0
2191,1177,-19.0
2192,1385,-19.0
2193,1400,-17.0
2194,1375,-21.0
2195,1442,-19.0
2196,1295,-18.0
2197,1131,-20.0
2198,1379,-20.0
2199,1148,-20.0
2200,1226,-19.0
2201,1057,-21.0
2202,965,-20.0
2203,1176,-19.0
2204,1664,-15.0
2205,1096,-19.0
2206,1210,-19.0
2207,1213,-18.0
2208,1503,-18.0
2209,1288,-18.0
2210,1511,-18.0
2211,1354,-20.0
2212,1223,-20.0
2213,1053,-19.0
2214,947,-20.0
2215,986,-20.0
2216,954,-21.0
2217,1400,-17.0
2218,1082,-19.0
2219,1113,-20.0
2220,1046,-20.0
2221,1311,-19.0
2222,1195,-19.0
2223,1084,-19.0
2224,1162,-20.0
2225,1474,-18.0
2226,1055,-20.0
2227,1074,-20.0
2228,1060,-20.0
2229,1128,-19.0
2230,1134,-21.0
2231,1199,-20.0
2232,1440,-18.0
2233,1143,-19.0
2234,1156,-20.0
2235,1125,-20.0
2236,1137,-20.0
2237,1018,-20.0
2238,1320,-20.0
2239,1086,-19.0
2240,1075,-20.0
2241,1150,-20.0
2242,1173,-19.0
2243,1144,-19.0
2244,1283,-19.0
2245,1500,-16.0
2246,1100,-19.0
2247,1206,-20.0
2248,1147,-20.0
2249,1214,-21.0
2250,1234,-19.0
2251,1121,-18.0
2252,1177,-19.0
2253,969,-21.0
2254,1291,-17.0
2255,1164,-21.0
2256,1241,-19.0
2257,1382,-20.0
2258,975,-21.0
2259,1062,-19.0
2260,1303,-19.0
2261,1415,-19.0
2262,1417,-19.0
2263,1322,-18.0
2264,1414,-18.0
2265,1737,-15.0
2266,1204,-20.0
2267,1355,-18.0
2268,1289,-19.0
2269,1516,-19.0
2270,1357,-19.0
2271,1091,-21.0
2272,1377,-20.0
2273,1079,-20.0
2274,1277,-19.0
2275,1587,-18.0
2276,1304,-19.0
2277,1145,-20.0
2278,1179,-20.0
2279,1326,-18.0
2280,1130,-19.0
2281,1079,-20.0
2282,1201,-20.0
2283,1217,-19.0
2284,1098,-20.0
2285,1583,-18.0
2286,1163,-20.0
2287,1352,-20.0
2288,1033,-20.0
2289,1246,-20.0
2290,1019,-21.0
2291,1455,-18.0
2292,1217,-19.0
2293,1467,-17.0
2294,1364,-19.0
2295,1114,-20.0
2296,1112,-20.0
2297,1125,-20.0
2298,1224,-21.0
2299,1421,-18.0
2300,1475,-17.0
2301,1223,-21.0
2302,1176,-18.0
2303,1257,-20.0
2304,1457,-20.0
2305,1238,-18.0
2306,1304,-19.0
2307,1280,-20.0
2308,1189,-20.0
2309,1458,-19.0
2310,1092,-21.0
2311,1143,-21.0
2312,1282,-19.0
2313,1100,-21.0
2314,1468,-18.0
2315,1277,-19.0
2316,1154,-21.0
2317,1609,-18.0
2318,1421,-19.0
2319,1673,-18.0
2320,1098,-20.0
2321,1331,-18.0
2322,1175,-21.0
2323,1069,-19.0
2324,1151,-21.0
2325,1533,-18.0
2326,1362,-20.0
2327,1210,-20.0
2328,1280,-19.0
2329,1435,-17.0
2330,1354,-21.0
2331,1319,-19.0
2332,901,-21.0
2333,1255,-20.0
2334,1057,-20.0
2335,1455,-17.0
2336,1238,-19.0
2337,1032,-19.0
2338,1466,-20.0
2339,1175,-19.0
2340,1128,-21.0
2341,1048,-21.0
2342,1098,-20.0
2343,1169,-21.0
2344,1433,-18.0
2345,1314,-20.0
2346,928,-20.0
2347,985,-21.0
2348,1141,-21.0
2349,1112,-18.0
2350,1049,-19.0
2351,1910,-17.0
2352,1634,-15.0
2353,1175,-21.0
2354,1062,-21.0
2355,1281,-20.0
2356,1079,-21.0
2357,1262,-19.0
2358,1467,-18.0
2359,1464,-18.0
2360,1192,-20.0
2361,1350,-17.0
2362,1215,-20.0
2363,1014,-20.0
2364,1359,-18.0
2365,1268,-20.0
2366,1109,-20.0
2367,1247,-21.0
2368,1138,-19.0
2369,1502,-20.0
2370,1471,-17.0
2371,1208,-19.0
2372,1226,-21.0
2373,1477,-17.0
2374,1188,-18.0
2375,1382,-20.0
2376,974,-20.0
2377,1370,-20.0
2378,1268,-19.0
2379,1302,-18.0
2380,1538,-19.0
2381,1193,-20.0
2382,1312,-18.0
2383,1172,-20.0
2384,1095,-20.0
2385,1176,-20.0
2386,1228,-19.0
2387,1477,-16.0
2388,1112,-20.0
2389,1070,-20.0
2390,1434,-19.0
2391,1146,-20.0
2392,1257,-21.0
2393,1183,-21.0
2394,1151,-21.0
2395,1238,-19.0
2396,1168,-19.0
2397,1577,-17.0
2398,1426,-17.0
2399,1104,-20.0
2400,1209,-21.0
2401,1375,-17.0
2402,1349,-19.0
2403,1363,-19.0
2404,1323,-19.0
2405,1351,-20.0
2406,1123,-21.0
2407,1020,-21.0
2408,1503,-18.0
2409,1115,-21.0
2410,1344,-19.0
2411,1369,-20.0
2412,1208,-19.0
2413,1643,-18.0
2414,1293,-19.0
2415,1329,-20.0
2416,1014,-21.0
2417,923,-21.0
2418,936,-21.0
2419,1519,-17.0
2420,1159,-19.0
2421,1075,-20.0
2422,1629,-17.0
2423,1068,-21.0
2424,1554,-18.0
2425,1271,-21.0
2426,1181,-18.0
2427,1366,-18.0
2428,1400,-19.0
2429,1300,-17.0
2430,1164,-21.0
2431,1234,-18.0
2432,1433,-18.0
2433,1213,-20.0
2434,1261,-18.0
2435,1283,-18.0
2436,1445,-19.0
2437,1173,-18.0
2438,1308,-21.0
2439,1319,-18.0
2440,1225,-18.0
2441,1225,-21.0
2442,1166,-20.0
2443,1089,-20.0
2444,1502,-19.0
2445,1489,-16.0
2446,1321,-20.0
2447,1619,-18.0
2448,1578,-19.0
2449,1050,-21.0
2450,1631,-19.0
2451,1632,-16.0
2452,1333,-21.0
2453,1443,-18.0
2454,1041,-21.0
2455,1407,-18.0
2456,1264,-19.0
2457,1145,-20.0
2458,1234,-20.0
2459,1622,-17.0
2460,1568,-17.0
2461,1251,-20.0
2462,1288,-17.0
2463,1294,-20.0
2464,1447,-19.0
2465,1467,-18.0
2466,1254,-20.0
2467,950,-21.0
2468,1509,-19.0
2469,1099,-19.0
2470,1118,-20.0
2471,1438,-18.0
2472,1214,-18.0
2473,1244,-20.0
2474,970,-21.0
2475,1499,-20.0
2476,1611,-20.0
2477,1370,-19.0
2478,1122,-19.0
2479,1214,-20.0
2480,1741,-17.0
2481,1307,-20.0
2482,1459,-20.0
2483,1133,-19.0
2484,1364,-20.0
2485,1341,-19.0
2486,1190,-19.0
2487,1465,-18.0
2488,1404,-17.0
2489,1443,-19.0
2490,1361,-19.0
2491,1227,-19.0
2492,1424,-19.0
2493,1306,-19.0
2494,931,-21.0
2495,1036,-20.0
2496,1540,-17.0
2497,1599,-17.0
2498,1244,-18.0
2499,1430,-18.0
2500,1401,-19.0
2501,1319,-20.0
2502,1382,-18.0
2503,1493,-16.0
2504,1603,-16.0
2505,1128,-21.0
2506,1698,-19.0
2507,1058,-21.0
2508,1422,-19.0
2509,1357,-19.0
2510,1656,-17.0
2511,1689,-19.0
2512,1690,-18.0
2513,1630,-16.0
2514,1410,-21.0
2515,1450,-20.0
2516,1175,-19.0
2517,1270,-20.0
2518,1621,-16.0
2519,1400,-18.0
2520,1568,-15.0
2521,1137,-20.0
2522,1668,-16.0
2523,1301,-21.0
2524,1327,-18.0
2525,1433,-20.0
2526,1274,-19.0
2527,1266,-17.0
2528,1448,-18.0
2529,1325,-19.0
2530,1322,-18.0
2531,1446,-19.0
2532,1436,-18.0
2533,1406,-18.0
2534,1488,-20.0
2535,1363,-21.0
2536,1397,-19.0
2537,1273,-21.0
2538,1408,-19.0
2539,1634,-19.0
2540,954,-21.0
2541,1273,-19.0
2542,1331,-20.0
2543,1196,-18.0
2544,1345,-18.0
2545,1548,-18.0
2546,1812,-18.0
2547,1420,-20.0
2548,1680,-17.0
2549,1679,-17.0
2550,1796,-16.0
2551,1359,-20.0
2552,1206,-18.0
2553,1219,-20.0
2554,1106,-21.0
2555,1213,-20.0
2556,1250,-19.0
2557,1379,-17.0
2558,1467,-18.0
2559,1313,-20.0
2560,1127,-20.0
2561,1407,-19.0
2562,1211,-21.0
2563,1105,-21.0
2564,1404,-19.0
2565,1201,-19.0
2566,1289,-20.0
2567,1387,-18.0
2568,1640,-17.0
2569,1406,-19.0
2570,1500,-18.0
2571,1593,-18.0
2572,1283,-19.0
2573,1141,-20.0
2574,1446,-17.0
2575,2217,-15.0
2576,1389,-19.0
2577,1357,-19.0
2578,1500,-19.0
2579,1452,-19.0
2580,1253,-19.0
2581,1515,-17.0
2582,1410,-20.0
2583,1186,-20.0
2584,1245,-20.0
2585,1103,-21.0
2586,1714,-18.0
2587,1195,-19.0
2588,1641,-18.0
2589,1408,-19.0
2590,1483,-21.0
2591,1238,-21.0
2592,1493,-20.0
2593,1667,-19.0
2594,1014,-20.0
2595,1161,-19.0
2596,1282,-17.0
2597,1362,-19.0
2598,1216,-18.0
2599,1296,-19.0
2600,1296,-19.0
2601,1464,-17.0
2602,1530,-18.0
2603,1332,-19.0
2604,1611,-16.0
2605,1148,-20.0
2606,1214,-19.0
2607,1621,-17.0
2608,1416,-18.0
2609,1567,-21.0
2610,1084,-20.0
2611,1378,-19.0
2612,1258,-18.0
2613,1448,-16.0
2614,1613,-16.0
2615,1358,-18.0
2616,1505,-19.0
2617,1769,-18.0
2618,1337,-19.0
2619,1419,-18.0
2620,1793,-20.0
2621,1573,-15.0
2622,1292,-19.0
2623,1708,-18.0
2624,1283,-20.0
2625,1400,-19.0
2626,1351,-18.0
2627,1737,-16.0
2628,1311,-19.0
2629,1825,-19.0
2630,1379,-20.0
2631,1446,-18.0
2632,1229,-20.0
2633,1546,-19.0
2634,1721,-15.0
2635,1382,-18.0
2636,1337,-20.0
2637,1333,-20.0
2638,1340,-19.0
2639,1288,-19.0
2640,1103,-21.0
2641,1563,-16.0
2642,1427,-17.0
2643,1751,-19.0
2644,1845,-16.0
2645,1503,-17.0
2646,1140,-20.0
2647,1154,-20.0
2648,1595,-17.0
2649,1241,-20.0
2650,1316,-18.0
2651,1095,-19.0
2652,1230,-19.0
2653,1667,-20.0
2654,1369,-19.0
2655,1649,-16.0
2656,1473,-21.0
2657,1425,-18.0
2658,1693,-15.0
2659,1354,-19.0
2660,1343,-21.0
2661,1877,-19.0
2662,1564,-17.0
2663,1813,-16.0
2664,1640,-17.0
2665,1877,-16.0
2666,1260,-21.0
2667,1866,-17.0
2668,1652,-19.0
2669,1186,-21.0
2670,1739,-16.0
2671,1472,-19.0
2672,1360,-19.0
2673,1589,-16.0
2674,1340,-18.0
2675,1438,-19.0
2676,1270,-20.0
2677,1311,-19.0
2678,1651,-18.0
2679,1350,-19.0
2680,1435,-18.0
2681,1498,-19.0
2682,1358,-18.0
2683,1207,-19.0
2684,1414,-18.0
2685,1160,-20.0
2686,1500,-18.0
2687,1533,-20.0
2688,1349,-20.0
2689,1392,-21.0
2690,1452,-19.0
2691,1629,-16.0
2692,1554,-17.0
2693,1913,-16.0
2694,1363,-19.0
2695,1822,-16.0
2696,2035,-14.0
2697,1293,-17.0
2698,1323,-19.0
2699,1720,-18.0
2700,1256,-19.0
2701,1314,-21.0
2702,1032,-20.0
2703,1379,-18.0
2704,1782,-19.0
2705,1333,-17.0
2706,1643,-19.0
2707,1205,-20.0
2708,1200,-20.0
2709,1749,-19.0
2710,1583,-18.0
2711,2025,-14.0
2712,1686,-19.0
2713,1654,-15.0
2714,1498,-18.0
2715,1337,-19.0
2716,1523,-19.0
2717,1375,-18.0
2718,1424,-19.0
2719,1545,-16.0
2720,1220,-21.0
2721,1715,-15.0
2722,1450,-17.0
2723,1506,-20.0
2724,1365,-18.0
2725,1250,-20.0
2726,1914,-16.0
2727,1363,-19.0
2728,1015,-21.0
2729,1445,-18.0
2730,1289,-21.0
2731,1716,-16.0
2732,1490,-18.0
2733,1456,-18.0
2734,1595,-19.0
2735,1460,-19.0
2736,1745,-18.0
2737,1585,-18.0
2738,1440,-19.0
2739,1404,-19.0
2740,1414,-18.0
2741,1568,-17.0
2742,1457,-17.0
2743,1993,-14.0
2744,1577,-17.0
2745,1423,-20.0
2746,1623,-16.0
2747,1214,-17.0
2748,1894,-16.0
2749,1710,-17.0
2750,1458,-19.0
2751,1459,-18.0
2752,1200,-20.0
2753,1631,-20.0
2754,1718,-17.0
2755,1175,-19.0
2756,1479,-17.0
2757,1673,-18.0
2758,1375,-19.0
2759,1416,-18.0
2760,1662,-18.0
2761,1240,-19.0
2762,1647,-19.0
2763,1243,-20.0
2764,1413,-19.0
2765,1750,-18.0
2766,1433,-16.0
2767,1486,-18.0
2768,1354,-20.0
2769,1400,-19.0
2770,1163,-20.0
2771,1733,-18.0
2772,1660,-18.0
2773,1333,-19.0
2774,1437,-18.0
2775,1517,-16.0
2776,1512,-20.0
2777,1459,-18.0
2778,1375,-19.0
2779,1153,-20.0
2780,1156,-18.0
2781,1590,-18.0
2782,1495,-20.0
2783,1635,-16.0
2784,1892,-15.0
2785,1384,-20.0
2786,1649,-19.0
2787,1175,-20.0
2788,1220,-20.0
2789,1267,-20.0
2790,1311,-18.0
2791,1394,-18.0
2792,1431,-19.0
2793,1190,-20.0
2794,1887,-15.0
2795,1367,-19.0
2796,1347,-21.0
2797,1588,-21.0
2798,1384,-19.0
2799,1510,-17.0
2800,1543,-17.0
2801,1385,-20.0
2802,1471,-18.0
2803,1245,-19.0
2804,1591,-19.0
2805,1432,-19.0
2806,1437,-17.0
2807,1785,-19.0
2808,1422,-19.0
2809,1543,-16.0
2810,1692,-18.0
2811,1842,-15.0
2812,1644,-19.0
2813,1596,-17.0
2814,1709,-15.0
2815,1250,-20.0
2816,1506,-17.0
2817,1789,-18.0
2818,1531,-19.0
2819,1559,-16.0
2820,1403,-20.0
2821,1898,-17.0
2822,1544,-20.0
2823,1473,-18.0
2824,1313,-20.0
2825,1706,-17.0
2826,1310,-21.0
2827,1371,-19.0
2828,1404,-17.0
2829,1545,-19.0
2830,1676,-14.0
2831,1774,-16.0
2832,1305,-20.0
2833,1713,-17.0
2834,1347,-19.0
2835,1789,-18.0
2836,1746,-19.0
2837,1848,-19.0
2838,1467,-21.0
2839,1772,-19.0
2840,1886,-20.0
2841,2032,-19.0
2842,1474,-20.0
2843,1320,-20.0
2844,1390,-19.0
2845,1360,-18.0
2846,1436,-18.0
2847,1553,-17.0
2848,1451,-19.0
2849,1561,-17.0
2850,1613,-16.0
2851,1563,-19.0
2852,1718,-16.0
2853,1698,-20.0
2854,1927,-17.0
2855,1616,-18.0
2856,1802,-19.0
2857,1536,-18.0
2858,2003,-18.0
2859,1552,-18.0
2860,1394,-19.0
2861,1716,-19.0
2862,1781,-19.0
2863,1694,-18.0
2864,1573,-18.0
2865,1503,-19.0
2866,1255,-17.0
2867,1700,-16.0
2868,1521,-19.0
2869,1531,-18.0
2870,1698,-19.0
2871,1233,-21.0
2872,1803,-16.0
2873,1583,-19.0
2874,1499,-18.0
2875,1722,-17.0
2876,1248,-19.0
2877,1794,-17.0
2878,1767,-17.0
2879,1426,-21.0
2880,2171,-15.0
2881,1412,-19.0
2882,1310,-21.0
2883,1833,-16.0
2884,1724,-17.0
2885,1680,-18.0
2886,1461,-19.0
2887,1435,-18.0
2888,1630,-18.0
2889,1730,-19.0
2890,1720,-19.0
2891,1440,-19.0
2892,1278,-19.0
2893,1346,-20.0
2894,1701,-17.0
2895,944,-21.0
2896,1348,-20.0
2897,1780,-18.0
2898,1323,-19.0
2899,2000,-13.0
2900,2232,-13.0
2901,1520,-20.0
2902,1573,-16.0
2903,1589,-18.0
2904,1060,-20.0
2905,1767,-15.0
2906,1469,-17.0
2907,1378,-20.0
2908,1740,-16.0
2909,1436,-19.0
2910,1406,-20.0
2911,1534,-16.0
2912,1536,-18.0
2913,1717,-20.0
2914,1995,-13.0
2915,1581,-19.0
2916,1763,-16.0
2917,1241,-21.0
2918,1916,-16.0
2919,1460,-20.0
2920,1657,-16.0
2921,1852,-16.0
2922,1743,-17.0
2923,1563,-17.0
2924,1350,-19.0
2925,1474,-19.0
2926,1347,-20.0
2927,1627,-19.0
2928,1802,-16.0
2929,1737,-18.0
2930,1459,-17.0
2931,1501,-20.0
2932,1526,-19.0
2933,1504,-20.0
2934,1485,-19.0
2935,1557,-18.0
2936,1664,-19.0
2937,1475,-18.0
2938,1707,-16.0
2939,1453,-18.0
2940,1591,-18.0
2941,1500,-21.0
2942,1562,-17.0
2943,1380,-21.0
2944,1870,-16.0
2945,1510,-20.0
2946,1875,-18.0
2947,1406,-19.0
2948,1486,-20.0
2949,1585,-19.0
2950,1412,-21.0
2951,1685,-17.0
2952,1497,-20.0
2953,1523,-18.0
2954,1569,-15.0
2955,1476,-18.0
2956,1522,-17.0
2957,1678,-18.0
2958,1675,-18.0
2959,1468,-19.0
2960,1902,-14.0
2961,1283,-18.0
2962,1480,-18.0
2963,1398,-20.0
2964,1730,-15.0
2965,1830,-14.0
2966,1643,-18.0
2967,1260,-20.0
2968,1714,-15.0
2969,1962,-17.0
2970,1284,-21.0
2971,1675,-17.0
2972,1294,-19.0
2973,1159,-19.0
2974,1614,-17.0
2975,1979,-17.0
2976,1527,-19.0
2977,1364,-21.0
2978,1373,-19.0
2979,1534,-17.0
2980,1543,-17.0
2981,2033,-15.0
2982,1463,-18.0
2983,1526,-18.0
2984,1681,-18.0
2985,1860,-15.0
2986,1546,-18.0
2987,1565,-19.0
2988,1387,-19.0
2989,1581,-16.0
2990,1519,-20.0
2991,1514,-19.0
2992,1650,-17.0
2993,1548,-21.0
2994,1407,-20.0
2995,1608,-17.0
2996,1416,-19.0
2997,1528,-19.0
2998,1586,-17.0
2999,1502,-21.0
3000,1785,-19.0
3001,1925,-16.0
3002,1467,-18.0
3003,1954,-15.0
3004,1642,-15.0
3005,1668,-18.0
3006,1688,-16.0
3007,2026,-17.0
3008,1426,-18.0
3009,1548,-18.0
3010,1312,-18.0
3011,1403,-20.0
3012,1471,-19.0
3013,1772,-15.0
3014,1617,-19.0
3015,1667,-19.0
3016,1665,-18.0
3017,1475,-17.0
3018,1749,-17.0
3019,1367,-20.0
3020,1619,-18.0
3021,1336,-18.0
3022,1508,-19.0
3023,1680,-16.0
3024,1484,-19.0
3025,1780,-17.0
3026,1428,-20.0
3027,1456,-19.0
3028,1475,-18.0
3029,1503,-18.0
3030,1255,-19.0
3031,1903,-19.0
3032,1700,-17.0
3033,1734,-18.0
3034,1818,-18.0
3035,2417,-17.0
3036,1755,-18.0
3037,1739,-17.0
3038,1569,-18.0
3039,1674,-17.0
3040,1631,-19.0
3041,1314,-19.0
3042,1590,-18.0
3043,1512,-20.0
3044,1700,-20.0
3045,2367,-10.0
3046,1791,-17.0
3047,1946,-14.0
3048,1528,-18.0
3049,1624,-20.0
3050,1827,-16.0
3051,1866,-18.0
3052,1656,-16.0
3053,2091,-15.0
3054,1613,-17.0
3055,1468,-18.0
3056,2185,-15.0
3057,1605,-19.0
3058,1548,-17.0
3059,1539,-20.0
3060,1524,-20.0
3061,1750,-18.0
3062,1463,-17.0
3063,1742,-19.0
3064,1773,-17.0
3065,1456,-20.0
3066,1761,-18.0
3067,2408,-15.0
3068,1630,-19.0
3069,1539,-19.0
3070,1806,-20.0
3071,1879,-18.0
3072,1731,-19.0
3073,1710,-19.0
3074,1760,-12.0
3075,2008,-17.0
3076,1845,-19.0
3077,1764,-17.0
3078,1669,-19.0
3079,1095,-20.0
3080,1695,-18.0
3081,1863,-13.0
3082,1967,-14.0
3083,1590,-16.0
3084,1517,-21.0
3085,1961,-18.0
3086,1797,-18.0
3087,1495,-21.0
3088,1571,-18.0
3089,1503,-17.0
3090,1448,-19.0
3091,1335,-19.0
3092,1324,-21.0
3093,1594,-17.0
3094,1495,-18.0
3095,1674,-19.0
3096,1564,-18.0
3097,1658,-16.0
3098,1740,-18.0
3099,1955,-16.0
3100,1791,-18.0
3101,1772,-18.0
3102,1578,-18.0
3103,1464,-19.0
3104,1911,-17.0
3105,1301,-20.0
3106,2129,-15.0
3107,1744,-17.0
3108,1589,-20.0
3109,1569,-20.0
3110,1465,-17.0
3111,1754,-19.0
3112,1792,-17.0
3113,1694,-19.0
3114,1502,-18.0
3115,1799,-18.0
3116,1459,-19.0
3117,1616,-19.0
3118,1982,-17.0
3119,1791,-14.0
3120,1689,-21.0
3121,1918,-18.0
3122,1382,-20.0
3123,1929,-19.0
3124,1562,-21.0
3125,1908,-15.0
3126,1435,-20.0
3127,1504,-19.0
3128,1572,-18.0
3129,1422,-18.0
3130,1400,-20.0
3131,1639,-18.0
3132,1716,-17.0
3133,1524,-17.0
3134,1763,-18.0
3135,1291,-20.0
3136,1424,-18.0
3137,1669,-18.0
3138,1942,-16.0
3139,1569,-17.0
3140,1736,-17.0
3141,2178,-15.0
3142,1555,-19.0
3143,1486,-19.0
3144,1715,-16.0
3145,1606,-19.0
3146,1926,-13.0
3147,1237,-20.0
3148,1376,-18.0
3149,1686,-18.0
3150,1810,-17.0
3151,1779,-17.0
3152,1554,-19.0
3153,1676,-19.0
3154,1547,-18.0
3155,1976,-17.0
3156,1492,-19.0
3157,1728,-20.0
3158,1355,-19.0
3159,1663,-19.0
3160,1561,-20.0
3161,1335,-19.0
3162,1729,-16.0
3163,1647,-18.0
3164,1434,-18.0
3165,2051,-16.0
3166,1594,-16.0
3167,1879,-18.0
3168,1701,-18.0
3169,1673,-17.0
3170,1655,-19.0
3171,1650,-18.0
3172,1863,-16.0
3173,1418,-20.0
3174,1730,-18.0
3175,1374,-20.0
3176,1720,-20.0
3177,1531,-18.0
3178,1491,-21.0
3179,1782,-15.0
3180,1620,-16.0
3181,2002,-14.0
3182,1755,-18.0
3183,1786,-19.0
3184,1710,-19.0
3185,1601,-20.0
3186,1679,-17.0
3187,1568,-20.0
3188,1481,-19.0
3189,1492,-20.0
3190,1447,-16.0
3191,1694,-19.0
3192,1982,-14.0
3193,1806,-17.0
3194,1742,-19.0
3195,2150,-16.0
3196,1503,-20.0
3197,2157,-13.0
3198,1853,-16.0
3199,1585,-19.0
3200,1717,-17.0
3201,1577,-19.0
3202,1358,-20.0
3203,1543,-18.0
3204,1594,-20.0
3205,1685,-18.0
3206,1525,-19.0
3207,1691,-17.0
3208,2054,-14.0
3209,1316,-20.0
3210,1871,-16.0
3211,1959,-16.0
3212,1482,-19.0
3213,1804,-18.0
3214,1761,-18.0
3215,1861,-18.0
3216,1417,-19.0
3217,1548,-19.0
3218,1518,-18.0
3219,1601,-18.0
3220,1417,-20.0
3221,1563,-16.0
3222,1624,-20.0
3223,1667,-17.0
3224,1708,-16.0
3225,1717,-18.0
3226,1607,-18.0
3227,1549,-18.0
3228,1572,-19.0
3229,2044,-13.0
3230,2069,-15.0
3231,1985,-16.0
3232,2070,-13.0
3233,1841,-19.0
3234,1836,-16.0
3235,1189,-20.0
3236,1372,-20.0
3237,1220,-20.0
3238,1733,-17.0
3239,1844,-18.0
3240,1592,-16.0
3241,1698,-17.0
3242,1684,-19.0
3243,1818,-11.0
3244,1674,-19.0
3245,1938,-18.0
3246,1931,-14.0
3247,1474,-18.0
3248,1916,-18.0
3249,1944,-14.0
3250,1887,-16.0
3251,1634,-19.0
3252,1684,-17.0
3253,1343,-21.0
3254,1658,-16.0
3255,1794,-16.0
3256,1811,-17.0
3257,1835,-19.0
3258,1482,-17.0
3259,1706,-18.0
3260,1512,-18.0
3261,1786,-17.0
3262,1815,-18.0
3263,1550,-20.0
3264,1744,-20.0
3265,1525,-18.0
3266,1675,-17.0
3267,1884,-17.0
3268,1941,-16.0
3269,1802,-17.0
3270,2173,-14.0
3271,1887,-18.0
3272,1619,-17.0
3273,1649,-17.0
3274,1548,-19.0
3275,1692,-18.0
3276,1523,-19.0
3277,2105,-17.0
3278,1844,-18.0
3279,1416,-20.0
3280,1553,-21.0
3281,1752,-17.0
3282,1697,-19.0
3283,1592,-19.0
3284,1625,-19.0
3285,1725,-16.0
3286,2013,-13.0
3287,1929,-17.0
3288,1640,-18.0
3289,1293,-21.0
3290,1912,-18.0
3291,2080,-16.0
3292,1595,-18.0
3293,1527,-18.0
3294,1594,-19.0
3295,1341,-19.0
3296,1555,-19.0
3297,1640,-16.0
3298,1941,-16.0
3299,2026,-17.0
3300,1493,-18.0
3301,2049,-18.0
3302,1858,-17.0
3303,1592,-19.0
3304,1758,-17.0
3305,1750,-18.0
3306,1824,-18.0
3307,1712,-18.0
3308,1441,-20.0
3309,1885,-15.0
3310,1443,-20.0
3311,1748,-14.0
3312,1829,-19.0
3313,1939,-17.0
3314,1927,-18.0
3315,1879,-19.0
3316,1809,-21.0
3317,2258,-15.0
3318,2077,-13.0
3319,2483,-15.0
3320,1802,-13.0
3321,2309,-14.0
3322,1745,-20.0
3323,1936,-19.0
3324,2007,-15.0
3325,1962,-15.0
3326,1834,-17.0
3327,1743,-18.0
3328,1686,-19.0
3329,1926,-15.0
3330,1964,-17.0
3331,2063,-16.0
3332,2100,-16.0
3333,1987,-13.0
3334,2043,-16.0
3335,1762,-19.0
3336,1711,-18.0
3337,1899,-16.0
3338,1569,-20.0
3339,1917,-20.0
3340,2163,-16.0
3341,1689,-16.0
3342,1855,-15.0
3343,1533,-19.0
3344,2262,-16.0
3345,1590,-18.0
3346,1614,-19.0
3347,1946,-20.0
3348,1855,-18.0
3349,1493,-18.0
3350,1827,-20.0
3351,1753,-19.0
3352,1830,-17.0
3353,2108,-13.0
3354,1631,-18.0
3355,1411,-19.0
3356,1817,-16.0
3357,1284,-21.0
3358,1514,-18.0
3359,1647,-20.0
3360,1648,-18.0
3361,1870,-20.0
3362,2001,-13.0
3363,1801,-18.0
3364,1543,-19.0
3365,2045,-16.0
3366,1934,-18.0
3367,1553,-19.0
3368,1687,-19.0
3369,1544,-19.0
3370,1587,-19.0
3371,1864,-17.0
3372,2119,-17.0
3373,1988,-15.0
3374,1900,-17.0
3375,1901,-18.0
3376,1947,-15.0
3377,1664,-17.0
3378,1854,-14.0
3379,1677,-17.0
3380,2103,-14.0
3381,1648,-16.0
3382,2059,-18.0
3383,2049,-14.0
3384,1829,-18.0
3385,1715,-18.0
3386,1962,-16.0
3387,1805,-18.0
3388,2792,-15.0
3389,1826,-19.0
3390,2153,-17.0
3391,1929,-17.0
3392,2132,-15.0
3393,1619,-19.0
3394,1997,-19.0
3395,1969,-20.0
3396,1330,-21.0
3397,2002,-17.0
3398,1688,-19.0
3399,2265,-18.0
3400,2003,-15.0
3401,2118,-17.0
3402,2216,-14.0
3403,1415,-18.0
3404,1961,-17.0
3405,1764,-17.0
3406,1861,-17.0
3407,1698,-21.0
3408,1919,-17.0
3409,2090,-15.0
3410,1920,-17.0
3411,1735,-18.0
3412,1650,-20.0
3413,1812,-17.0
3414,1671,-20.0
3415,1950,-16.0
3416,1959,-17.0
3417,1649,-18.0
3418,1847,-19.0
3419,1728,-17.0
3420,1729,-17.0
3421,1754,-16.0
3422,1736,-18.0
3423,1664,-17.0
3424,1597,-19.0
3425,1664,-17.0
3426,1819,-17.0
3427,1728,-20.0
3428,2443,-12.0
3429,2332,-13.0
3430,1662,-21.0
3431,1881,-16.0
3432,1681,-16.0
3433,1717,-16.0
3434,2555,-11.0
3435,1899,-18.0
3436,1741,-19.0
3437,1714,-17.0
3438,1944,-15.0
3439,2267,-14.0
3440,1825,-18.0
3441,2241,-15.0
3442,2000,-18.0
3443,1911,-20.0
3444,1778,-19.0
3445,1843,-19.0
3446,1542,-19.0
3447,1794,-18.0
3448,2241,-13.0
3449,1685,-20.0
3450,1806,-21.0
3451,1817,-18.0
3452,2130,-16.0
3453,1852,-17.0
3454,1747,-19.0
3455,2071,-16.0
3456,1557,-20.0
3457,1929,-17.0
3458,1934,-15.0
3459,1760,-18.0
3460,2046,-16.0
3461,1813,-18.0
3462,2017,-17.0
3463,1804,-17.0
3464,2403,-11.0
3465,1959,-18.0
3466,1908,-17.0
3467,1834,-19.0
3468,1980,-16.0
3469,2162,-14.0
3470,2361,-15.0
3471,2155,-14.0
3472,1760,-19.0
3473,1763,-18.0
3474,1609,-18.0
3475,1895,-17.0
3476,2396,-13.0
3477,2513,-14.0
3478,1511,-19.0
3479,2175,-16.0
3480,1894,-19.0
3481,1883,-17.0
3482,1777,-20.0
3483,2388,-12.0
3484,1587,-17.0
3485,2075,-12.0
3486,1717,-18.0
3487,2147,-17.0
3488,2451,-12.0
3489,2224,-16.0
3490,2266,-15.0
3491,1803,-18.0
3492,2052,-18.0
3493,2054,-15.0
3494,2001,-18.0
3495,1557,-20.0
3496,1750,-17.0
3497,1592,-19.0
3498,2018,-15.0
3499,1928,-18.0
3500,2013,-17.0
3501,1874,-18.0
3502,1757,-18.0
3503,1428,-19.0
3504,2044,-12.0
3505,1919,-16.0
3506,1851,-16.0
3507,1387,-19.0
3508,1733,-19.0
3509,1835,-17.0
3510,2016,-16.0
3511,1832,-19.0
3512,1765,-17.0
3513,1842,-18.0
3514,2228,-14.0
3515,1679,-19.0
3516,2080,-16.0
3517,1932,-17.0
3518,1660,-16.0
3519,1906,-17.0
3520,1730,-18.0
3521,1713,-17.0
3522,1827,-19.0
3523,1728,-17.0
3524,2124,-17.0
3525,1878,-18.0
3526,2027,-16.0
3527,2088,-17.0
3528,1810,-16.0
3529,1661,-18.0
3530,2108,-16.0
3531,2044,-17.0
3532,1889,-16.0
3533,2376,-15.0
3534,1606,-19.0
3535,2020,-13.0
3536,1632,-17.0
3537,2338,-15.0
3538,1992,-18.0
3539,2263,-18.0
3540,2455,-13.0
3541,2390,-12.0
3542,2021,-18.0
3543,1760,-16.0
3544,1895,-17.0
3545,2322,-16.0
3546,1905,-14.0
3547,1920,-16.0
3548,1832,-19.0
3549,2280,-17.0
3550,1964,-19.0
3551,1910,-18.0
3552,1869,-17.0
3553,1711,-17.0
3554,1951,-18.0
3555,1842,-18.0
3556,1916,-18.0
3557,2114,-17.0
3558,2278,-17.0
3559,1944,-17.0
3560,1560,-19.0
3561,1908,-16.0
3562,1920,-17.0
3563,1839,-19.0
3564,1810,-18.0
3565,1919,-16.0
3566,2025,-15.0
3567,2392,-17.0
3568,1627,-19.0
3569,1698,-19.0
3570,1883,-15.0
3571,2244,-15.0
3572,2234,-18.0
3573,2223,-14.0
3574,2148,-18.0
3575,1862,-17.0
3576,1773,-16.0
3577,2168,-17.0
3578,2013,-18.0
3579,2126,-16.0
3580,1952,-17.0
3581,2859,-13.0
3582,1787,-19.0
3583,2139,-17.0
3584,1990,-15.0
3585,1955,-16.0
3586,1749,-18.0
3587,1854,-18.0
3588,2103,-17.0
3589,2061,-13.0
3590,2297,-16.0
3591,2070,-16.0
3592,2296,-17.0
3593,1741,-19.0
3594,1776,-18.0
3595,1537,-18.0
3596,1888,-16.0
3597,1895,-17.0
3598,1952,-15.0
3599,1694,-18.0
3600,2587,-11.0
3601,2495,-16.0
3602,1656,-16.0
3603,2014,-17.0
3604,1638,-21.0
3605,2113,-19.0
3606,1892,-16.0
3607,1309,-19.0
3608,1923,-17.0
3609,1648,-20.0
3610,1756,-19.0
3611,2243,-17.0
3612,2119,-18.0
3613,1479,-19.0
3614,2102,-17.0
3615,1943,-16.0
3616,2162,-14.0
3617,1764,-17.0
3618,1652,-17.0
3619,2009,-17.0
3620,2120,-15.0
3621,1840,-18.0
3622,1919,-17.0
3623,2200,-13.0
3624,2274,-12.0
3625,1622,-17.0
3626,2038,-16.0
3627,2331,-14.0
3628,2065,-15.0
3629,1828,-19.0
3630,2096,-14.0
3631,1732,-17.0
3632,2002,-15.0
3633,2160,-14.0
3634,2304,-13.0
3635,1877,-15.0
3636,2334,-19.0
3637,2107,-13.0
3638,2020,-17.0
3639,2107,-13.0
3640,1901,-20.0
3641,1835,-17.0
3642,1486,-20.0
3643,2312,-11.0
3644,2094,-13.0
3645,1971,-12.0
3646,2159,-19.0
3647,2063,-15.0
3648,1418,-20.0
3649,1703,-17.0
3650,2165,-12.0
3651,1966,-18.0
3652,2139,-17.0
3653,1695,-18.0
3654,1713,-19.0
3655,1759,-17.0
3656,2080,-17.0
3657,1667,-17.0
3658,1760,-18.0
3659,1684,-16.0
3660,1715,-19.0
3661,2176,-17.0
3662,1745,-18.0
3663,1975,-17.0
3664,1725,-17.0
3665,1642,-18.0
3666,2440,-13.0
3667,1721,-19.0
3668,2037,-18.0
3669,2202,-19.0
3670,1706,-16.0
3671,2189,-18.0
3672,2105,-15.0
3673,1811,-16.0
3674,2123,-13.0
3675,2082,-16.0
3676,1739,-16.0
3677,1888,-16.0
3678,2156,-17.0
3679,1974,-19.0
3680,2039,-17.0
3681,1863,-19.0
3682,2072,-14.0
3683,1830,-16.0
3684,1838,-18.0
3685,2046,-16.0
3686,1589,-21.0
3687,1874,-18.0
3688,1464,-19.0
3689,2197,-14.0
3690,1658,-19.0
3691,1659,-17.0
3692,2156,-14.0
3693,1937,-18.0
3694,1874,-19.0
3695,2042,-16.0
3696,2100,-18.0
3697,2046,-17.0
3698,1866,-18.0
3699,1976,-18.0
3700,1640,-18.0
3701,1963,-18.0
3702,1871,-17.0
3703,2422,-16.0
3704,2374,-14.0
3705,1768,-18.0
3706,1930,-16.0
3707,1941,-17.0
3708,2228,-17.0
3709,2147,-19.0
3710,2143,-14.0
3711,2029,-18.0
3712,1920,-18.0
3713,2099,-16.0
3714,2404,-14.0
3715,1484,-18.0
3716,2079,-14.0
3717,2357,-14.0
3718,1871,-18.0
3719,1392,-19.0
3720,2001,-16.0
3721,1673,-19.0
3722,1644,-20.0
3723,1776,-17.0
3724,1862,-18.0
3725,2365,-12.0
3726,1821,-15.0
3727,1532,-16.0
3728,1722,-19.0
3729,1674,-18.0
3730,1567,-18.0
3731,1870,-16.0
3732,1507,-19.0
3733,1675,-20.0
3734,1658,-18.0
3735,1805,-16.0
3736,1638,-19.0
3737,1592,-18.0
3738,1893,-17.0
3739,1883,-15.0
3740,1982,-14.0
3741,1949,-16.0
3742,1875,-18.0
3743,1791,-21.0
3744,1569,-19.0
3745,2060,-16.0
3746,2319,-15.0
3747,2281,-14.0
3748,1866,-17.0
3749,2331,-13.0
3750,2030,-14.0
3751,2251,-17.0
3752,2005,-19.0
3753,2006,-16.0
3754,1860,-17.0
3755,1903,-18.0
3756,1797,-19.0
3757,1616,-20.0
3758,2011,-14.0
3759,1724,-19.0
3760,2242,-18.0
3761,2410,-16.0
3762,1943,-18.0
3763,2114,-12.0
3764,1701,-20.0
3765,2424,-15.0
3766,2046,-14.0
3767,1863,-19.0
3768,1776,-19.0
3769,1602,-18.0
3770,1614,-20.0
3771,2204,-14.0
3772,1944,-15.0
3773,2034,-19.0
3774,2517,-11.0
3775,1664,-21.0
3776,1960,-17.0
3777,1695,-18.0
3778,2009,-18.0
3779,2423,-12.0
3780,2583,-12.0
3781,2153,-15.0
3782,2059,-16.0
3783,2232,-15.0
3784,1954,-16.0
3785,1903,-17.0
3786,2068,-15.0
3787,2228,-14.0
3788,1946,-16.0
3789,1722,-17.0
3790,2491,-17.0
3791,2068,-12.0
3792,2311,-16.0
3793,2403,-15.0
3794,1212,-20.0
3795,2305,-14.0
3796,2155,-13.0
3797,2025,-17.0
3798,1959,-16.0
3799,2184,-14.0
3800,2004,-15.0
3801,1708,-17.0
3802,2157,-15.0
3803,1737,-17.0
3804,1961,-14.0
3805,1838,-17.0
3806,1692,-17.0
3807,2488,-17.0
3808,1647,-19.0
3809,2374,-15.0
3810,2151,-17.0
3811,2169,-17.0
3812,2151,-10.0
3813,2523,-12.0
3814,2060,-18.0
3815,1887,-18.0
3816,2021,-16.0
3817,1597,-16.0
3818,1700,-19.0
3819,1822,-17.0
3820,2054,-18.0
3821,2250,-18.0
3822,2050,-15.0
3823,2113,-16.0
3824,2451,-14.0
3825,2309,-14.0
3826,1606,-19.0
3827,1808,-18.0
3828,2168,-13.0
3829,1739,-20.0
3830,2088,-19.0
3831,1929,-16.0
3832,2336,-14.0
3833,1958,-15.0
3834,2002,-15.0
3835,2048,-15.0
3836,2271,-14.0
3837,1996,-17.0
3838,1574,-21.0
3839,2381,-15.0
3840,1725,-17.0
3841,2196,-14.0
3842,1901,-20.0
3843,2005,-17.0
3844,2099,-15.0
3845,1612,-19.0
3846,1721,-16.0
3847,2484,-14.0
3848,2086,-17.0
3849,2351,-17.0
3850,1843,-18.0
3851,2109,-18.0
3852,2457,-16.0
3853,2211,-15.0
3854,2274,-15.0
3855,1599,-19.0
3856,2214,-17.0
3857,1989,-17.0
3858,2128,-13.0
3859,1545,-18.0
3860,2157,-20.0
3861,1987,-17.0
3862,1790,-16.0
3863,2186,-20.0
3864,1964,-18.0
3865,2241,-17.0
3866,1565,-19.0
3867,2441,-13.0
3868,1888,-19.0
3869,1481,-19.0
3870,2113,-17.0
3871,2180,-18.0
3872,1750,-19.0
3873,1992,-15.0
3874,1836,-19.0
3875,2143,-17.0
3876,1718,-20.0
3877,2240,-15.0
3878,2035,-15.0
3879,1218,-21.0
3880,2013,-18.0
3881,1911,-15.0
3882,2099,-16.0
3883,1923,-15.0
3884,1874,-17.0
3885,1632,-19.0
3886,1921,-18.0
3887,2140,-15.0
3888,1934,-13.0
3889,1882,-16.0
3890,2029,-14.0
3891,1969,-16.0
3892,1772,-17.0
3893,1781,-20.0
3894,1566,-20.0
3895,1626,-15.0
3896,2076,-15.0
3897,2057,-16.0
3898,1837,-17.0
3899,2364,-15.0
3900,2013,-18.0
3901,2236,-16.0
3902,2388,-14.0
3903,2149,-18.0
3904,1923,-18.0
3905,2403,-17.0
3906,2426,-14.0
3907,2432,-14.0
3908,2335,-15.0
3909,2178,-15.0
3910,2179,-16.0
3911,1792,-18.0
3912,2648,-15.0
3913,2796,-10.0
3914,2128,-17.0
3915,2073,-18.0
3916,2159,-14.0
3917,1924,-15.0
3918,2309,-17.0
3919,2198,-14.0
3920,2046,-18.0
3921,2043,-15.0
3922,1971,-16.0
3923,2203,-14.0
3924,2060,-15.0
3925,2104,-14.0
3926,1867,-16.0
3927,2113,-14.0
3928,1850,-17.0
3929,2445,-16.0
3930,1992,-17.0
3931,2379,-15.0
3932,2728,-12.0
3933,2127,-18.0
3934,2098,-17.0
3935,2331,-15.0
3936,3038,-13.0
3937,2504,-14.0
3938,1704,-18.0
3939,2843,-10.0
3940,1849,-18.0
3941,1674,-19.0
3942,2355,-19.0
3943,1609,-21.0
3944,2156,-17.0
3945,2448,-16.0
3946,2817,-14.0
3947,2155,-20.0
3948,2792,-12.0
3949,2088,-19.0
3950,2349,-15.0
3951,2607,-12.0
3952,1680,-17.0
3953,2163,-17.0
3954,1634,-18.0
3955,2323,-14.0
3956,2048,-17.0
3957,2228,-17.0
3958,1656,-21.0
3959,1413,-20.0
3960,2481,-13.0
3961,1447,-19.0
3962,2191,-14.0
3963,1917,-18.0
3964,2278,-13.0
3965,2105,-15.0
3966,1737,-19.0
3967,2085,-14.0
3968,2467,-15.0
3969,2091,-15.0
3970,1892,-17.0
3971,2140,-17.0
3972,2212,-16.0
3973,1711,-18.0
3974,2168,-16.0
3975,2906,-15.0
3976,2311,-17.0
3977,2133,-18.0
3978,1801,-17.0
3979,2182,-16.0
3980,1788,-19.0
3981,2301,-18.0
3982,1850,-20.0
3983,2001,-17.0
3984,2145,-15.0
3985,2354,-17.0
3986,2085,-15.0
3987,2167,-15.0
3988,2715,-13.0
3989,2867,-8.0
3990,2253,-16.0
3991,2163,-17.0
3992,2088,-18.0
3993,2281,-13.0
3994,2015,-19.0
3995,1799,-17.0
3996,2224,-13.0
3997,2078,-18.0
3998,1944,-18.0
3999,2413,-15.0
4000,3384,-9.0
4001,1892,-19.0
4002,2702,-12.0
4003,2723,-9.0
4004,3187,-10.0
4005,2494,-13.0
4006,2702,-10.0
4007,2178,-15.0
4008,1898,-17.0
4009,2072,-15.0
4010,1695,-18.0
4011,1882,-19.0
4012,2127,-17.0
4013,2028,-12.0
4014,2582,-15.0
4015,2428,-15.0
4016,2668,-13.0
4017,2314,-15.0
4018,2286,-13.0
4019,2054,-17.0
4020,2595,-16.0
4021,2019,-18.0
4022,1981,-17.0
4023,2092,-17.0
4024,1761,-20.0
4025,2673,-12.0
4026,2026,-17.0
4027,1869,-19.0
4028,2250,-19.0
4029,2157,-16.0
4030,2172,-17.0
4031,1421,-20.0
4032,2083,-15.0
4033,1776,-19.0
4034,2487,-15.0
4035,1950,-16.0
4036,1923,-19.0
4037,2266,-14.0
4038,1717,-19.0
4039,2388,-15.0
4040,2027,-18.0
4041,1991,-18.0
4042,1747,-20.0
4043,1991,-16.0
4044,2115,-16.0
4045,2245,-18.0
4046,2734,-15.0
4047,2434,-15.0
4048,2120,-18.0
4049,1690,-19.0
4050,1978,-19.0
4051,2049,-19.0
4052,2704,-16.0
4053,2644,-14.0
4054,2491,-16.0
4055,1910,-20.0
4056,2035,-17.0
4057,1917,-17.0
4058,1737,-19.0
4059,2099,-14.0
4060,2672,-13.0
4061,1749,-16.0
4062,2106,-17.0
4063,2342,-12.0
4064,2150,-16.0
4065,2101,-19.0
4066,2433,-15.0
4067,2269,-17.0
4068,2411,-16.0
4069,2268,-14.0
4070,2321,-16.0
4071,2515,-16.0
4072,2085,-19.0
4073,2468,-14.0
4074,1976,-17.0
4075,2026,-15.0
4076,1952,-15.0
4077,2148,-20.0
4078,2197,-16.0
4079,2430,-14.0
4080,2713,-13.0
4081,1843,-17.0
4082,2394,-17.0
4083,1844,-19.0
4084,1961,-14.0
4085,2670,-12.0
4086,2275,-14.0
4087,2196,-15.0
4088,2565,-15.0
4089,1974,-18.0
4090,2136,-19.0
4091,2774,-13.0
4092,1965,-14.0
4093,1980,-17.0
4094,1936,-18.0
4095,2437,-12.0
4096,2534,-13.0
4097,2709,-16.0
4098,2028,-13.0
4099,1566,-19.0
4100,2159,-17.0
4101,1776,-20.0
4102,2123,-17.0
4103,2636,-16.0
4104,2059,-18.0
4105,2322,-15.0
4106,2354,-18.0
4107,2378,-16.0
4108,2065,-14.0
4109,2470,-15.0
4110,1682,-20.0
4111,2490,-16.0
4112,2475,-14.0
4113,1969,-15.0
4114,2143,-16.0
4115,2038,-18.0
4116,1992,-16.0
4117,2782,-13.0
4118,1756,-18.0
4119,2607,-15.0
4120,2088,-14.0
4121,1970,-16.0
4122,1739,-17.0
4123,2490,-18.0
4124,2113,-16.0
4125,2338,-17.0
4126,2246,-16.0
4127,2280,-13.0
4128,2209,-16.0
4129,1887,-18.0
4130,2093,-18.0
4131,3114,-7.0
4132,2044,-17.0
4133,2351,-20.0
4134,1999,-19.0
4135,2094,-18.0
4136,1743,-19.0
4137,2265,-14.0
4138,2039,-17.0
4139,1965,-16.0
4140,2176,-13.0
4141,2150,-17.0
4142,2315,-13.0
4143,2337,-15.0
4144,2234,-18.0
4145,2539,-11.0
4146,1637,-20.0
4147,2229,-15.0
4148,2151,-19.0
4149,2314,-13.0
4150,2021,-17.0
4151,2460,-15.0
4152,2292,-16.0
4153,2433,-16.0
4154,2366,-17.0
4155,2521,-13.0
4156,2743,-15.0
4157,2609,-14.0
4158,1950,-19.0
4159,2505,-15.0
4160,2034,-17.0
4161,1909,-19.0
4162,2849,-13.0
4163,2326,-18.0
4164,2155,-15.0
4165,2149,-15.0
4166,2557,-16.0
4167,2229,-17.0
4168,2332,-16.0
4169,2252,-14.0
4170,2109,-18.0
4171,2179,-16.0
4172,2805,-12.0
4173,2990,-13.0
4174,2503,-12.0
4175,2995,-12.0
4176,2589,-13.0
4177,2532,-14.0
4178,2136,-17.0
4179,1828,-19.0
4180,2265,-17.0
4181,2752,-13.0
4182,2079,-19.0
4183,2377,-16.0
4184,2311,-17.0
4185,1955,-19.0
4186,1964,-17.0
4187,2224,-17.0
4188,2775,-14.0
4189,2199,-16.0
4190,1812,-16.0
4191,1928,-16.0
4192,2216,-17.0
4193,2411,-16.0
4194,2253,-18.0
4195,2117,-17.0
4196,2301,-16.0
4197,1944,-20.0
4198,3144,-10.0
4199,2576,-14.0
4200,3109,-14.0
4201,2559,-14.0
4202,2985,-10.0
4203,2117,-17.0
4204,2546,-14.0
4205,2027,-17.0
4206,2414,-15.0
4207,2137,-16.0
4208,2507,-11.0
4209,2280,-15.0
4210,1979,-20.0
4211,2125,-19.0
4212,2010,-15.0
4213,2046,-19.0
4214,2277,-18.0
4215,2612,-13.0
4216,1830,-19.0
4217,2454,-17.0
4218,1812,-17.0
4219,2589,-16.0
4220,1926,-17.0
4221,1999,-17.0
4222,1888,-18.0
4223,2892,-13.0
4224,2272,-17.0
4225,1972,-18.0
4226,2243,-18.0
4227,2244,-13.0
4228,2719,-16.0
4229,2065,-20.0
4230,2033,-18.0
4231,1787,-17.0
4232,2533,-15.0
4233,2466,-12.0
4234,2356,-14.0
4235,2037,-18.0
4236,2517,-11.0
4237,2424,-15.0
4238,2945,-10.0
4239,2357,-14.0
4240,1902,-17.0
4241,1760,-18.0
4242,1979,-19.0
4243,2178,-17.0
4244,1967,-18.0
4245,2454,-15.0
4246,2948,-9.0
4247,2720,-15.0
4248,2324,-13.0
4249,2286,-16.0
4250,2755,-14.0
4251,2099,-14.0
4252,2230,-16.0
4253,2146,-16.0
4254,1871,-19.0
4255,2552,-17.0
4256,2446,-16.0
4257,2349,-14.0
4258,2631,-13.0
4259,2700,-12.0
4260,2398,-16.0
4261,2881,-14.0
4262,2122,-18.0
4263,2336,-14.0
4264,2163,-17.0
4265,2218,-14.0
4266,2186,-15.0
4267,1977,-17.0
4268,2381,-16.0
4269,1793,-20.0
4270,2056,-17.0
4271,2057,-15.0
4272,1997,-18.0
4273,2657,-14.0
4274,2286,-15.0
4275,2452,-16.0
4276,2075,-17.0
4277,2916,-13.0
4278,2713,-16.0
4279,2625,-13.0
4280,2268,-20.0
4281,2136,-18.0
4282,2326,-17.0
4283,2029,-15.0
4284,2633,-14.0
4285,2638,-17.0
4286,2589,-17.0
4287,2810,-11.0
4288,2511,-11.0
4289,2557,-14.0
4290,2667,-15.0
4291,2083,-17.0
4292,2584,-13.0
4293,2126,-20.0
4294,2739,-15.0
4295,1987,-17.0
4296,2696,-14.0
4297,2349,-15.0
4298,2371,-18.0
4299,2972,-12.0
4300,3285,-14.0
4301,2724,-14.0
4302,2105,-15.0
4303,2323,-14.0
4304,2066,-19.0
4305,1796,-20.0
4306,2540,-12.0
4307,2393,-17.0
4308,1790,-20.0
4309,2675,-14.0
4310,2489,-18.0
4311,3027,-11.0
4312,2702,-13.0
4313,2420,-16.0
4314,2228,-17.0
4315,2511,-15.0
4316,2244,-17.0
4317,2449,-16.0
4318,2219,-18.0
4319,1929,-19.0
4320,2721,-13.0
4321,2033,-16.0
4322,2404,-13.0
4323,2613,-14.0
4324,2870,-13.0
4325,2520,-18.0
4326,1987,-17.0
4327,1775,-16.0
4328,3249,-8.0
4329,2087,-17.0
4330,2903,-16.0
4331,2316,-18.0
4332,2281,-16.0
4333,2379,-17.0
4334,2524,-18.0
4335,2579,-12.0
4336,2364,-12.0
4337,2115,-16.0
4338,2730,-15.0
4339,2177,-19.0
4340,1937,-21.0
4341,1869,-18.0
4342,2726,-10.0
4343,1635,-18.0
4344,2549,-13.0
4345,2197,-18.0
4346,3154,-11.0
4347,2151,-16.0
4348,2146,-18.0
4349,2841,-15.0
4350,2657,-17.0
4351,3177,-9.0
4352,2831,-10.0
4353,2592,-13.0
4354,2268,-17.0
4355,2750,-16.0
4356,2480,-13.0
4357,2389,-17.0
4358,2269,-14.0
4359,1853,-17.0
4360,1937,-18.0
4361,2321,-14.0
4362,2096,-18.0
4363,2055,-17.0
4364,2659,-14.0
4365,2734,-12.0
4366,1889,-19.0
4367,2004,-20.0
4368,2431,-15.0
4369,2936,-12.0
4370,2715,-15.0
4371,2469,-16.0
4372,2600,-15.0
4373,2176,-18.0
4374,2519,-13.0
4375,2683,-14.0
4376,2072,-16.0
4377,2624,-15.0
4378,2105,-18.0
4379,2137,-18.0
4380,2890,-9.0
4381,2180,-16.0
4382,2223,-18.0
4383,2536,-15.0
4384,2713,-16.0
4385,2298,-18.0
4386,2192,-20.0
4387,2470,-17.0
4388,2236,-14.0
4389,2764,-17.0
4390,2992,-15.0
4391,2663,-14.0
4392,3323,-14.0
4393,2731,-15.0
4394,3338,-15.0
4395,2311,-14.0
4396,2607,-16.0
4397,2820,-13.0
4398,2178,-17.0
4399,3119,-14.0
4400,2931,-12.0
4401,3284,-12.0
4402,2995,-13.0
4403,2011,-18.0
4404,2988,-13.0
4405,2525,-15.0
4406,2470,-17.0
4407,2470,-14.0
4408,2474,-17.0
4409,2668,-9.0
4410,3201,-8.0
4411,2375,-15.0
4412,2074,-20.0
4413,2696,-13.0
4414,2475,-17.0
4415,2123,-19.0
4416,3268,-17.0
4417,3264,-11.0
4418,2672,-17.0
4419,2650,-14.0
4420,2857,-9.0
4421,2659,-15.0
4422,2934,-10.0
4423,2915,-14.0
4424,2293,-15.0
4425,2257,-16.0
4426,2134,-18.0
4427,2741,-15.0
4428,2473,-13.0
4429,2232,-17.0
4430,2005,-20.0
4431,2139,-15.0
4432,2293,-17.0
4433,2158,-19.0
4434,2317,-15.0
4435,2070,-16.0
4436,2282,-17.0
4437,2266,-16.0
4438,2670,-13.0
4439,2095,-17.0
4440,2516,-19.0
4441,2147,-17.0
4442,2246,-16.0
4443,2364,-18.0
4444,2474,-13.0
4445,2181,-16.0
4446,2840,-12.0
4447,2416,-14.0
4448,2192,-16.0
4449,2752,-14.0
4450,2239,-13.0
4451,2217,-17.0
4452,2224,-14.0
4453,1992,-19.0
4454,2891,-14.0
4455,2441,-17.0
4456,2300,-13.0
4457,2198,-19.0
4458,2703,-12.0
4459,2638,-13.0
4460,2577,-13.0
4461,2697,-14.0
4462,2813,-11.0
4463,2331,-19.0
4464,2228,-19.0
4465,2985,-11.0
4466,1892,-17.0
4467,2489,-16.0
4468,2002,-17.0
4469,2478,-16.0
4470,2679,-15.0
4471,2385,-17.0
4472,2786,-12.0
4473,2512,-11.0
4474,2295,-18.0
4475,2918,-15.0
4476,2218,-18.0
4477,2683,-15.0
4478,1398,-20.0
4479,2320,-17.0
4480,3032,-9.0
4481,2521,-12.0
4482,2173,-18.0
4483,2193,-18.0
4484,2469,-13.0
4485,2410,-16.0
4486,2167,-17.0
4487,1987,-18.0
4488,2171,-15.0
4489,1963,-16.0
4490,2063,-18.0
4491,1835,-18.0
4492,2283,-16.0
4493,1812,-17.0
4494,2547,-20.0
4495,2395,-14.0
4496,3058,-12.0
4497,2710,-12.0
4498,2567,-16.0
4499,2428,-14.0
4500,2923,-16.0
4501,2938,-12.0
4502,2031,-17.0
4503,2821,-16.0
4504,2314,-16.0
4505,2386,-15.0
4506,2214,-18.0
4507,2269,-16.0
4508,3069,-13.0
4509,2937,-16.0
4510,1920,-17.0
4511,2847,-16.0
4512,2520,-18.0
4513,2805,-12.0
4514,2053,-14.0
4515,2133,-17.0
4516,2535,-15.0
4517,2619,-16.0
4518,2120,-19.0
4519,2336,-16.0
4520,3627,-12.0
4521,2220,-20.0
4522,2760,-11.0
4523,2415,-15.0
4524,2375,-15.0
4525,2982,-12.0
4526,2351,-16.0
4527,3001,-13.0
4528,2783,-12.0
4529,3123,-10.0
4530,2618,-15.0
4531,2266,-16.0
4532,1900,-16.0
4533,2493,-16.0
4534,2377,-19.0
4535,2261,-15.0
4536,2396,-15.0
4537,2070,-15.0
4538,2794,-14.0
4539,2348,-14.0
4540,2228,-14.0
4541,2381,-19.0
4542,2540,-18.0
4543,2354,-16.0
4544,2470,-15.0
4545,2774,-13.0
4546,2645,-16.0
4547,2754,-10.0
4548,2748,-14.0
4549,2499,-14.0
4550,2421,-13.0
4551,2770,-11.0
4552,2250,-16.0
4553,2683,-18.0
4554,2477,-15.0
4555,2308,-13.0
4556,2450,-12.0
4557,2711,-13.0
4558,2507,-15.0
4559,1694,-17.0
4560,2302,-15.0
4561,2514,-13.0
4562,2184,-17.0
4563,2200,-18.0
4564,2070,-16.0
4565,2080,-17.0
4566,2302,-16.0
4567,2580,-12.0
4568,2256,-14.0
4569,2378,-11.0
4570,2243,-16.0
4571,1922,-17.0
4572,1961,-21.0
4573,2393,-14.0
4574,2296,-14.0
4575,2889,-9.0
4576,2282,-15.0
4577,2685,-15.0
4578,2769,-16.0
4579,2677,-14.0
4580,2260,-16.0
4581,2433,-19.0
4582,1910,-18.0
4583,2877,-16.0
4584,2805,-14.0
4585,2494,-18.0
4586,2588,-16.0
4587,2995,-12.0
4588,2878,-14.0
4589,3032,-13.0
4590,2718,-15.0
4591,2758,-15.0
4592,2258,-18.0
4593,2474,-17.0
4594,2873,-12.0
4595,2377,-19.0
4596,3030,-13.0
4597,2765,-15.0
4598,2827,-14.0
4599,3157,-16.0
4600,2563,-16.0
4601,3008,-13.0
4602,2186,-16.0
4603,2063,-16.0
4604,2824,-15.0
4605,2418,-17.0
4606,2645,-15.0
4607,2740,-17.0
4608,2158,-20.0
4609,2193,-17.0
4610,2958,-13.0
4611,2231,-17.0
4612,2267,-18.0
4613,3134,-13.0
4614,3723,-2.0
4615,2431,-14.0
4616,2296,-14.0
4617,3181,-14.0
4618,2045,-19.0
4619,2759,-14.0
4620,2688,-15.0
4621,2573,-15.0
4622,2334,-14.0
4623,1954,-19.0
4624,2883,-10.0
4625,2130,-18.0
4626,2436,-12.0
4627,2680,-12.0
4628,2731,-17.0
4629,2877,-11.0
4630,2514,-16.0
4631,2238,-17.0
4632,1933,-17.0
4633,2566,-13.0
4634,2568,-16.0
4635,2660,-13.0
4636,2547,-14.0
4637,2567,-18.0
4638,2575,-14.0
4639,2301,-16.0
4640,2453,-16.0
4641,2978,-16.0
4642,2242,-16.0
4643,2153,-18.0
4644,2545,-15.0
4645,2207,-17.0
4646,3169,-15.0
4647,2700,-14.0
4648,2285,-18.0
4649,2646,-18.0
4650,2698,-15.0
4651,2388,-18.0
4652,2580,-14.0
4653,2088,-17.0
4654,2427,-14.0
4655,2231,-17.0
4656,2478,-17.0
4657,2137,-17.0
4658,2266,-16.0
4659,2285,-15.0
4660,2297,-14.0
4661,2563,-15.0
4662,2255,-15.0
4663,2882,-16.0
4664,2748,-14.0
4665,2310,-19.0
4666,2595,-13.0
4667,2857,-15.0
4668,3881,-8.0
4669,2290,-17.0
4670,1938,-20.0
4671,3386,-12.0
4672,2626,-14.0
4673,2962,-15.0
4674,3177,-12.0
4675,2367,-15.0
4676,2762,-11.0
4677,2596,-15.0
4678,2997,-15.0
4679,2811,-13.0
4680,2879,-13.0
4681,2690,-16.0
4682,2985,-10.0
4683,2905,-14.0
4684,2928,-13.0
4685,2428,-16.0
4686,1838,-18.0
4687,3145,-13.0
4688,2579,-14.0
4689,2993,-9.0
4690,2489,-13.0
4691,2485,-17.0
4692,2940,-14.0
4693,2824,-16.0
4694,2743,-15.0
4695,2788,-12.0
4696,2515,-16.0
4697,2749,-14.0
4698,2086,-18.0
4699,3262,-16.0
4700,3029,-14.0
4701,2650,-14.0
4702,3423,-11.0
4703,2623,-14.0
4704,2732,-19.0
4705,2024,-20.0
4706,2964,-12.0
4707,3033,-13.0
4708,2381,-16.0
4709,3609,-11.0
4710,3288,-15.0
4711,3326,-9.0
4712,2426,-17.0
4713,3090,-13.0
4714,3053,-16.0
4715,2755,-14.0
4716,2471,-18.0
4717,2586,-16.0
4718,2627,-15.0
4719,3096,-16.0
4720,2555,-13.0
4721,2976,-15.0
4722,3236,-14.0
4723,2189,-21.0
4724,2098,-16.0
4725,2379,-16.0
4726,1995,-19.0
4727,2622,-15.0
4728,2352,-14.0
4729,2845,-17.0
4730,2624,-16.0
4731,2881,-14.0
4732,2659,-16.0
4733,1928,-17.0
4734,2915,-15.0
4735,3443,-11.0
4736,2628,-15.0
4737,2777,-16.0
4738,2127,-20.0
4739,3166,-10.0
4740,2167,-19.0
4741,2670,-15.0
4742,3021,-8.0
4743,2836,-16.0
4744,3017,-10.0
4745,2262,-20.0
4746,3833,-13.0
4747,2839,-16.0
4748,2322,-17.0
4749,3335,-12.0
4750,2718,-12.0
4751,2495,-15.0
4752,2881,-16.0
4753,2278,-17.0
4754,2640,-18.0
4755,3692,-6.0
4756,2992,-11.0
4757,2572,-16.0
4758,3427,-12.0
4759,3111,-11.0
4760,2846,-15.0
4761,2875,-15.0
4762,2164,-18.0
4763,3186,-14.0
4764,3630,-13.0
4765,2865,-15.0
4766,3320,-11.0
4767,3146,-14.0
4768,3963,-10.0
4769,3116,-14.0
4770,2587,-16.0
4771,3509,-14.0
4772,2949,-16.0
4773,2426,-17.0
4774,3246,-11.0
4775,2097,-17.0
4776,3037,-16.0
4777,2340,-18.0
4778,2390,-14.0
4779,2325,-17.0
4780,2614,-15.0
4781,2458,-17.0
4782,2376,-15.0
4783,2800,-13.0
4784,2822,-15.0
4785,3113,-14.0
4786,2575,-15.0
4787,3146,-15.0
4788,2900,-16.0
4789,2875,-16.0
4790,3609,-10.0
4791,2542,-13.0
4792,3207,-14.0
4793,3449,-10.0
4794,2538,-16.0
4795,2933,-14.0
4796,2615,-14.0
4797,2932,-15.0
4798,3315,-10.0
4799,2921,-11.0
4800,3326,-14.0
4801,3057,-14.0
4802,3660,-10.0
4803,2574,-16.0
4804,3194,-10.0
4805,2513,-16.0
4806,3745,-8.0
4807,2471,-17.0
4808,2426,-18.0
4809,2355,-16.0
4810,2866,-14.0
4811,3206,-10.0
4812,3635,-14.0
4813,2521,-17.0
4814,2664,-17.0
4815,2875,-12.0
4816,3194,-11.0
4817,1991,-21.0
4818,2609,-13.0
4819,3935,-11.0
4820,2494,-19.0
4821,2665,-16.0
4822,2525,-15.0
4823,3260,-9.0
4824,2507,-13.0
4825,2838,-19.0
4826,2789,-14.0
4827,3160,-11.0
4828,2864,-15.0
4829,2960,-15.0
4830,2558,-15.0
4831,2618,-17.0
4832,2340,-13.0
4833,2555,-17.0
4834,2745,-17.0
4835,4009,-9.0
4836,2524,-17.0
4837,4075,-9.0
4838,3228,-17.0
4839,3183,-12.0
4840,3111,-15.0
4841,3349,-13.0
4842,2062,-20.0
4843,2992,-14.0
4844,2864,-16.0
4845,2779,-10.0
4846,3021,-11.0
4847,2390,-18.0
4848,3211,-14.0
4849,3279,-12.0
4850,2574,-15.0
4851,3292,-13.0
4852,3000,-15.0
4853,3447,-13.0
4854,2645,-14.0
4855,3005,-16.0
4856,2764,-17.0
4857,2633,-16.0
4858,2613,-18.0
4859,3649,-14.0
4860,2932,-14.0
4861,2998,-15.0
4862,3265,-15.0
4863,3585,-12.0
4864,2608,-18.0
4865,3132,-13.0
4866,3224,-12.0
4867,3288,-10.0
4868,2377,-17.0
4869,2955,-16.0
4870,2958,-15.0
4871,2662,-15.0
4872,2066,-17.0
4873,3256,-13.0
4874,2647,-15.0
4875,2828,-15.0
4876,2982,-17.0
4877,3507,-9.0
4878,2965,-15.0
4879,2594,-17.0
4880,2582,-15.0
4881,3028,-15.0
4882,2825,-16.0
4883,3601,-7.0
4884,2931,-12.0
4885,3091,-10.0
4886,2260,-19.0
4887,3052,-14.0
4888,2222,-18.0
4889,2282,-18.0
4890,2316,-17.0
4891,2414,-18.0
4892,2191,-19.0
4893,2289,-18.0
4894,2731,-16.0
4895,2828,-15.0
4896,2996,-13.0
4897,2624,-18.0
4898,2613,-14.0
4899,2292,-15.0
4900,3191,-10.0
4901,2978,-12.0
4902,3414,-9.0
4903,2800,-16.0
4904,2473,-16.0
4905,3281,-14.0
4906,3252,-16.0
4907,2667,-14.0
4908,3442,-14.0
4909,3101,-10.0
4910,3381,-13.0
4911,2824,-15.0
4912,3338,-13.0
4913,2996,-15.0
4914,2775,-15.0
4915,3268,-9.0
4916,2902,-18.0
4917,2583,-13.0
4918,3735,-5.0
4919,3373,-12.0
4920,2528,-12.0
4921,2936,-16.0
4922,2754,-14.0
4923,2512,-16.0
4924,3383,-14.0
4925,3463,-15.0
4926,3173,-14.0
4927,2444,-19.0
4928,3134,-14.0
4929,2787,-16.0
4930,2866,-15.0
4931,3217,-9.0
4932,2453,-17.0
4933,3331,-13.0
4934,3216,-13.0
4935,2984,-10.0
4936,2897,-16.0
4937,2378,-16.0
4938,2089,-18.0
4939,2811,-16.0
4940,2334,-16.0
4941,2646,-14.0
4942,3004,-14.0
4943,2911,-14.0
4944,3109,-15.0
4945,2785,-18.0
4946,3347,-16.0
4947,3229,-17.0
4948,2742,-16.0
4949,3058,-12.0
4950,3465,-8.0
4951,2395,-18.0
4952,3334,-11.0
4953,2577,-18.0
4954,2898,-15.0
4955,3133,-14.0
4956,2487,-15.0
4957,3557,-9.0
4958,2203,-20.0
4959,3072,-11.0
4960,2625,-15.0
4961,3601,-10.0
4962,3246,-14.0
4963,3099,-13.0
4964,1942,-17.0
4965,3060,-14.0
4966,2604,-17.0
4967,2915,-14.0
4968,3274,-9.0
4969,3446,-13.0
4970,3207,-9.0
4971,2988,-16.0
4972,3887,-10.0
4973,2755,-17.0
4974,3589,-12.0
4975,2192,-19.0
4976,3364,-11.0
4977,3225,-15.0
4978,1817,-20.0
4979,3906,-9.0
4980,3470,-11.0
4981,3288,-17.0
4982,2753,-16.0
4983,2418,-17.0
4984,2458,-13.0
4985,3221,-11.0
4986,2554,-19.0
4987,2347,-19.0
4988,2687,-17.0
4989,2776,-16.0
4990,3100,-16.0
4991,2283,-14.0
4992,2750,-15.0
4993,3100,-16.0
4994,2240,-17.0
4995,3221,-11.0
4996,2819,-14.0
4997,3118,-13.0
4998,2733,-12.0
4999,2147,-20.0
5000,3165,-15.0
5001,2577,-19.0
5002,2959,-13.0
5003,2947,-16.0
5004,2899,-15.0
5005,4500,-3.0
5006,4157,-9.0
5007,3184,-17.0
5008,2840,-14.0
5009,3218,-12.0
5010,2473,-18.0
5011,3474,-12.0
5012,3926,-12.0
5013,3442,-13.0
5014,3296,-13.0
5015,3201,-12.0
5016,2763,-15.0
5017,2709,-17.0
5018,2967,-15.0
5019,3501,-13.0
5020,2642,-17.0
5021,3837,-13.0
5022,3563,-13.0
5023,2700,-15.0
5024,3925,-7.0
5025,3647,-16.0
5026,3182,-18.0
5027,3346,-14.0
5028,3030,-15.0
5029,2936,-14.0
5030,3190,-14.0
5031,2730,-16.0
5032,3538,-15.0
5033,3418,-14.0
5034,3772,-13.0
5035,2987,-15.0
5036,3563,-12.0
5037,2584,-16.0
5038,2597,-17.0
5039,2945,-15.0
5040,3027,-18.0
5041,3300,-10.0
5042,3789,-9.0
5043,2755,-16.0
5044,3207,-12.0
5045,2778,-13.0
5046,2856,-17.0
5047,4500,-8.0
5048,2854,-15.0
5049,2932,-18.0
5050,2072,-17.0
5051,2831,-16.0
5052,3307,-11.0
5053,3867,-11.0
5054,2774,-16.0
5055,3496,-13.0
5056,2787,-14.0
5057,3867,-11.0
5058,2822,-14.0
5059,2936,-15.0
5060,3557,-12.0
5061,2959,-15.0
5062,3311,-10.0
5063,2979,-15.0
5064,3215,-13.0
5065,2944,-12.0
5066,3445,-13.0
5067,3931,-10.0
5068,3581,-10.0
5069,3672,-13.0
5070,3974,-12.0
5071,3217,-14.0
5072,3087,-16.0
5073,2585,-15.0
5074,3582,-10.0
5075,3530,-16.0
5076,3737,-8.0
5077,2990,-13.0
5078,2413,-19.0
5079,2832,-16.0
5080,3963,-9.0
5081,3772,-12.0
5082,4500,-5.0
5083,3760,-13.0
5084,3253,-15.0
5085,3405,-15.0
5086,3960,-8.0
5087,2479,-19.0
5088,2664,-20.0
5089,4249,-12.0
5090,3853,-13.0
5091,3497,-14.0
5092,3727,-13.0
5093,4500,-12.0
5094,4500,-4.0
5095,3322,-14.0
5096,3915,-13.0
5097,4500,-9.0
5098,2874,-16.0
5099,2987,-15.0
5100,3366,-15.0
5101,2955,-18.0
5102,3644,-11.0
5103,4090,-10.0
5104,3391,-16.0
5105,3217,-18.0
5106,4316,-12.0
5107,3141,-16.0
5108,3527,-11.0
5109,2834,-16.0
5110,3466,-14.0
5111,3379,-15.0
5112,3350,-13.0
5113,2836,-13.0
5114,2699,-16.0
5115,2999,-17.0
5116,3202,-14.0
5117,3289,-13.0
5118,2319,-15.0
5119,2788,-14.0
5120,4279,-3.0
5121,4058,-10.0
5122,3793,-15.0
5123,3122,-13.0
5124,4297,-9.0
5125,3763,-10.0
5126,2950,-15.0
5127,3715,-14.0
5128,3182,-15.0
5129,3467,-11.0
5130,4500,-5.0
5131,3838,-13.0
5132,2880,-15.0
5133,3282,-10.0
5134,3649,-13.0
5135,4064,-7.0
5136,3313,-14.0
5137,3967,-14.0
5138,4154,-12.0
5139,3587,-11.0
5140,3256,-13.0
5141,3918,-9.0
5142,3203,-15.0
5143,3205,-16.0
5144,3755,-8.0
5145,3293,-14.0
5146,3949,-15.0
5147,3569,-16.0
5148,3187,-13.0
5149,2893,-16.0
5150,3732,-16.0
5151,3379,-16.0
5152,4500,-9.0
5153,2989,-16.0
5154,3217,-14.0
5155,3090,-18.0
5156,4457,-8.0
5157,3613,-14.0
5158,3765,-16.0
5159,3769,-10.0
5160,4500,-10.0
5161,3204,-13.0
5162,4224,-8.0
5163,3902,-10.0
5164,3529,-15.0
5165,3296,-13.0
5166,4258,-9.0
5167,3071,-16.0
5168,3624,-15.0
5169,3130,-17.0
5170,3131,-17.0
5171,3450,-12.0
5172,4215,-5.0
5173,4500,-13.0
5174,4485,-7.0
5175,3935,-14.0
5176,3254,-14.0
5177,4010,-17.0
5178,4095,-15.0
5179,3695,-15.0
5180,4500,-9.0
5181,4500,-8.0
5182,3173,-18.0
5183,4187,-14.0
5184,3868,-14.0
5185,3720,-14.0
5186,4247,-15.0
5187,3989,-14.0
5188,3593,-13.0
5189,3563,-18.0
5190,4500,-9.0
5191,2877,-18.0
5192,3924,-13.0
5193,3557,-14.0
5194,3269,-16.0
5195,2966,-17.0
5196,3422,-12.0
5197,2611,-15.0
5198,3197,-16.0
5199,2810,-17.0
5200,2427,-17.0
5201,2939,-17.0
5202,3477,-16.0
5203,3442,-13.0
5204,3674,-12.0
5205,3533,-15.0
5206,4146,-9.0
5207,4034,-14.0
5208,4011,-14.0
5209,3344,-15.0
5210,2853,-14.0
5211,2333,-19.0
5212,4033,-14.0
5213,3583,-15.0
5214,3232,-15.0
5215,3339,-15.0
5216,3547,-16.0
5217,2913,-18.0
5218,2388,-20.0
5219,2987,-18.0
5220,3638,-12.0
5221,2551,-19.0
5222,3505,-15.0
5223,3212,-18.0
5224,4370,-15.0
5225,3193,-17.0
5226,4500,-10.0
5227,3273,-14.0
5228,3913,-13.0
5229,4200,-10.0
5230,4103,-11.0
5231,3630,-14.0
5232,3911,-14.0
5233,3424,-13.0
5234,3833,-8.0
5235,4500,-4.0
5236,4500,-6.0
5237,3352,-17.0
5238,3814,-11.0
5239,3725,-15.0
5240,3702,-13.0
5241,4216,-11.0
5242,2861,-15.0
5243,3016,-13.0
5244,3307,-14.0
5245,4500,-11.0
5246,4500,-7.0
5247,3423,-13.0
5248,3079,-16.0
5249,3504,-12.0
5250,4500,-10.0
5251,4298,-15.0
5252,2830,-16.0
5253,3462,-15.0
5254,3882,-16.0
5255,3304,-15.0
5256,4125,-11.0
5257,4206,-10.0
5258,3935,-7.0
5259,4500,-4.0
5260,3069,-14.0
5261,4500,-7.0
5262,4085,-20.0
5263,3918,-16.0
5264,3790,-11.0
5265,3905,-12.0
5266,3359,-17.0
5267,4492,-9.0
5268,3237,-14.0
5269,3762,-11.0
5270,4500,-8.0
5271,4279,-13.0
5272,4211,-11.0
5273,2506,-19.0
5274,3343,-19.0
5275,4500,-6.0
5276,4377,-6.0
5277,3981,-8.0
5278,3763,-13.0
5279,3311,-14.0
5280,3927,-15.0
5281,3346,-15.0
5282,2972,-12.0
5283,3282,-18.0
5284,3664,-13.0
5285,4067,-15.0
5286,3375,-15.0
5287,3712,-14.0
5288,4500,-7.0
5289,3751,-18.0
5290,3130,-16.0
5291,4156,-8.0
5292,3796,-15.0
5293,3030,-17.0
5294,3666,-10.0
5295,3416,-13.0
5296,3437,-11.0
5297,4350,-7.0
5298,3146,-17.0
5299,2905,-14.0
5300,3044,-14.0
5301,3333,-13.0
5302,3329,-18.0
5303,3249,-9.0
5304,3068,-17.0
5305,3337,-16.0
5306,3607,-14.0
5307,3497,-16.0
5308,4125,-10.0
5309,3368,-14.0
5310,3103,-18.0
5311,3100,-20.0
5312,3488,-17.0
5313,4500,-8.0
5314,3067,-14.0
5315,3673,-17.0
5316,4165,-12.0
5317,3749,-11.0
5318,3655,-13.0
5319,3969,-15.0
5320,4264,-16.0
5321,3651,-14.0
5322,4131,-14.0
5323,3302,-13.0
5324,4126,-13.0
5325,4427,-11.0
5326,3624,-15.0
5327,3444,-17.0
5328,3486,-12.0
5329,3566,-15.0
5330,4260,-15.0
5331,3584,-16.0
5332,4351,-8.0
5333,3974,-11.0
5334,3961,-7.0
5335,3198,-17.0
5336,2949,-18.0
5337,3648,-14.0
5338,3493,-14.0
5339,3437,-15.0
5340,3889,-8.0
5341,4078,-14.0
5342,2687,-15.0
5343,2890,-18.0
5344,3279,-16.0
5345,4500,-9.0
5346,4500,-9.0
5347,3905,-13.0
5348,3473,-15.0
5349,3123,-14.0
5350,4500,-9.0
5351,2640,-11.0
5352,4500,-7.0
5353,3790,-15.0
5354,4500,-6.0
5355,2736,-17.0
5356,2590,-19.0
5357,3571,-16.0
5358,3530,-16.0
5359,3374,-9.0
5360,3764,-14.0
5361,3873,-13.0
5362,3092,-14.0
5363,3440,-17.0
5364,4500,-8.0
5365,4182,-7.0
5366,3247,-13.0
5367,3328,-15.0
5368,3964,-13.0
5369,3338,-17.0
5370,4499,-13.0
5371,4201,-13.0
5372,3623,-13.0
5373,3941,-12.0
5374,3285,-15.0
5375,4012,-14.0
5376,4500,-12.0
5377,4026,-12.0
5378,4500,-10.0
5379,2982,-19.0
5380,4113,-16.0
5381,4500,-13.0
5382,3551,-18.0
5383,4500,-13.0
5384,4129,-15.0
5385,3414,-17.0
5386,3908,-10.0
5387,3720,-15.0
5388,3966,-9.0
5389,3725,-15.0
5390,3859,-12.0
5391,4205,-9.0
5392,3919,-16.0
5393,4500,-9.0
5394,4436,-14.0
5395,4500,-5.0
5396,4005,-12.0
5397,4500,-6.0
5398,3334,-14.0
5399,3016,-16.0
5400,3445,-14.0
5401,4500,-12.0
5402,4500,-11.0
5403,3471,-19.0
5404,3620,-17.0
5405,4073,-13.0
5406,3999,-15.0
5407,4419,-13.0
5408,3441,-15.0
5409,3824,-13.0
5410,4500,-10.0
5411,3163,-12.0
5412,4470,-11.0
5413,3738,-12.0
5414,3784,-13.0
5415,4500,-6.0
5416,3386,-16.0
5417,3700,-13.0
5418,3305,-13.0
5419,3257,-13.0
5420,4500,-13.0
5421,4500,-2.0
5422,3909,-11.0
5423,4500,-13.0
5424,3556,-12.0
5425,3837,-14.0
5426,2747,-17.0
5427,3857,-13.0
5428,4316,-11.0
5429,3959,-11.0
5430,3349,-14.0
5431,3484,-17.0
5432,3851,-14.0
5433,4500,-10.0
5434,3059,-21.0
5435,3755,-12.0
5436,3631,-14.0
5437,4500,-10.0
5438,4488,-11.0
5439,3433,-18.0
5440,4189,-10.0
5441,4208,-15.0
5442,3340,-18.0
5443,3014,-18.0
5444,3978,-8.0
5445,4098,-11.0
5446,4500,-11.0
5447,4318,-15.0
5448,3335,-14.0
5449,4500,-9.0
5450,4032,-15.0
5451,4142,-13.0
5452,3344,-13.0
5453,3172,-16.0
5454,4500,-11.0
5455,4496,-14.0
5456,4500,-10.0
5457,4500,-8.0
5458,3049,-20.0
5459,4343,-14.0
5460,4500,-13.0
5461,3830,-13.0
5462,3282,-17.0
5463,4018,-14.0
5464,4452,-9.0
5465,3359,-21.0
5466,3921,-13.0
5467,3526,-16.0
5468,3963,-12.0
5469,3973,-13.0
5470,4500,-6.0
5471,4268,-11.0
5472,4120,-12.0
5473,3608,-13.0
5474,4050,-10.0
5475,3022,-16.0
5476,2680,-16.0
5477,2928,-19.0
5478,3420,-16.0
5479,3225,-14.0
5480,3817,-12.0
5481,3913,-11.0
5482,3614,-17.0
5483,4402,-11.0
5484,3851,-15.0
5485,4491,-9.0
5486,4125,-12.0
5487,4141,-13.0
5488,3773,-11.0
5489,4500,-7.0
5490,3682,-12.0
5491,3603,-16.0
5492,3989,-13.0
5493,3488,-14.0
5494,4500,-9.0
5495,3520,-12.0
5496,4471,-13.0
5497,3525,-13.0
5498,4500,-5.0
5499,4500,-9.0
5500,4500,-10.0
5501,3918,-13.0
5502,4500,-15.0
5503,4500,-3.0
5504,4500,-6.0
5505,4500,-13.0
5506,4356,-13.0
5507,4257,-13.0
5508,3877,-13.0
5509,3709,-12.0
5510,4500,-8.0
5511,4058,-14.0
5512,4500,-11.0
5513,4482,-10.0
5514,3503,-15.0
5515,3672,-19.0
5516,4500,-8.0
5517,4357,-17.0
5518,4500,-11.0
5519,3736,-16.0
5520,3922,-14.0
5521,3493,-16.0
5522,3863,-14.0
5523,4500,-14.0
5524,3341,-15.0
5525,2958,-15.0
5526,4269,-15.0
5527,3661,-18.0
5528,3305,-18.0
5529,3994,-14.0
5530,3833,-17.0
5531,4500,-10.0
5532,4500,-12.0
5533,4291,-10.0
5534,4141,-17.0
5535,4500,-8.0
5536,3801,-17.0
5537,4500,-2.0
5538,4500,-6.0
5539,4287,-15.0
5540,4059,-11.0
5541,3822,-16.0
5542,3884,-15.0
5543,4214,-17.0
5544,4500,-13.0
5545,4500,-12.0
5546,4465,-12.0
5547,4500,-9.0
5548,4500,-12.0
5549,4500,-8.0
5550,3669,-18.0
5551,4500,-7.0
5552,4500,-9.0
5553,4500,-7.0
5554,2197,-20.0
5555,3710,-15.0
5556,4265,-14.0
5557,4500,-5.0
5558,3234,-15.0
5559,3569,-13.0
5560,3743,-16.0
5561,3423,-17.0
5562,4208,-12.0
5563,3677,-16.0
5564,3978,-15.0
5565,4435,-16.0
5566,3829,-16.0
5567,4219,-16.0
5568,3920,-12.0
5569,3688,-16.0
5570,4500,-11.0
5571,4500,-10.0
5572,4500,-9.0
5573,3422,-15.0
5574,3454,-14.0
5575,4219,-13.0
5576,3017,-15.0
5577,3238,-18.0
5578,4073,-14.0
5579,3642,-15.0
5580,3478,-18.0
5581,4481,-14.0
5582,4296,-10.0
5583,4500,-10.0
5584,4500,-14.0
5585,4386,-12.0
5586,4265,-15.0
5587,4283,-9.0
5588,3265,-15.0
5589,4500,-6.0
5590,2932,-14.0
5591,4500,-11.0
5592,4500,-12.0
5593,4342,-12.0
5594,3255,-17.0
5595,4500,-9.0
5596,2810,-18.0
5597,3926,-15.0
5598,4223,-14.0
5599,3813,-14.0
5600,4099,-14.0
5601,4500,-9.0
5602,4500,-10.0
5603,4500,-12.0
5604,4500,-5.0
5605,4160,-18.0
5606,3729,-17.0
5607,4500,1.0
5608,4500,-12.0
5609,2644,-18.0
5610,3514,-17.0
5611,4500,-7.0
5612,3861,-14.0
5613,4500,-8.0
5614,4500,-11.0
5615,4500,-9.0
5616,4500,-14.0
5617,4500,-2.0
5618,3894,-16.0
5619,4255,-16.0
5620,4500,-12.0
5621,3777,-12.0
